Asset Name,Asset Type,Cloud,Critical Alerts,High Alerts,Medium Alerts,Low Alerts,Informational Alerts,Critical Vulnerability,High Vulnerability,Medium Vulnerability,Low Vulnerability,Account ID,Account Name,Asset ID,Region ID,Region,Actions
"Atlantis-instance","EC2 Instance","aws",31,4,1,0,0,29,233,672,44,"851725545841","blockchaindev - 851725545841","i-0f974385cf8caecad","ap-northeast-2","AWS Seoul",
"uplus-rabbitmq-common-master","EC2 Instance","aws",20,5,2,0,0,4,330,1019,31,"771097826720","anypointmedia - uplus - 771097826720","i-0baa780bdcb9a0e14","ap-northeast-2","AWS Seoul",
"prod-bi-server","EC2 Instance","aws",20,5,2,0,0,44,180,633,138,"771097826720","anypointmedia - uplus - 771097826720","i-0fac195ec2900f374","ap-northeast-2","AWS Seoul",
"prod-bi-worker","EC2 Instance","aws",20,5,2,0,0,43,178,629,138,"771097826720","anypointmedia - uplus - 771097826720","i-02d9b9b2784e03816","ap-northeast-2","AWS Seoul",
"uplus-redis","EC2 Instance","aws",20,5,2,0,0,8,344,271,50,"771097826720","anypointmedia - uplus - 771097826720","i-0775c388992258fcf","ap-northeast-2","AWS Seoul",
"uplus-rabbitmq-common-slave","EC2 Instance","aws",20,5,2,0,0,4,548,1774,42,"771097826720","anypointmedia - uplus - 771097826720","i-0faf02a81f13effeb","ap-northeast-2","AWS Seoul",
"uplus-env-manager-prod","EC2 Instance","aws",20,3,1,0,0,9,169,440,29,"771097826720","anypointmedia - uplus - 771097826720","i-0983935963922f54a","ap-northeast-2","AWS Seoul",
"uplus-assign-dashboard-prod","EC2 Instance","aws",20,3,1,0,0,10,175,446,28,"771097826720","anypointmedia - uplus - 771097826720","i-069d69d76555bdf87","ap-northeast-2","AWS Seoul",
"uplus-assign-tuner-prod","EC2 Instance","aws",20,3,1,0,0,35,214,451,29,"771097826720","anypointmedia - uplus - 771097826720","i-06a388c61803fd11c","ap-northeast-2","AWS Seoul",
"uplus-assign-event-prod","EC2 Instance","aws",20,3,1,0,0,10,172,447,28,"771097826720","anypointmedia - uplus - 771097826720","i-0c161645438538bf0","ap-northeast-2","AWS Seoul",
"uplus-api-stats-prod","EC2 Instance","aws",20,3,1,0,0,35,235,456,31,"771097826720","anypointmedia - uplus - 771097826720","i-0e1a702ef1c32d9b3","ap-northeast-2","AWS Seoul",
"uplus-device-worker-prod","EC2 Instance","aws",19,3,1,0,0,23,91,74,11,"771097826720","anypointmedia - uplus - 771097826720","i-0e1b2e19f01832521","ap-northeast-2","AWS Seoul",
"uplus-device-worker-prod","EC2 Instance","aws",19,3,1,0,0,23,91,74,11,"771097826720","anypointmedia - uplus - 771097826720","i-07d8853ee4e89f3af","ap-northeast-2","AWS Seoul",
"uplus-device-api-gateway-prod","EC2 Instance","aws",19,3,1,0,0,23,80,64,11,"771097826720","anypointmedia - uplus - 771097826720","i-016b8a4d5bddc16b9","ap-northeast-2","AWS Seoul",
"uplus-device-api-gateway-prod","EC2 Instance","aws",19,3,1,0,0,23,80,64,11,"771097826720","anypointmedia - uplus - 771097826720","i-08d739bd118beca70","ap-northeast-2","AWS Seoul",
"art-device-gateway-prod","EC2 Instance","aws",19,3,1,0,0,23,80,64,11,"771097826720","anypointmedia - uplus - 771097826720","i-02cdff8d40d86c941","ap-northeast-2","AWS Seoul",
"art-device-gateway-prod","EC2 Instance","aws",19,3,1,0,0,23,80,64,11,"771097826720","anypointmedia - uplus - 771097826720","i-019996adac49eca27","ap-northeast-2","AWS Seoul",
"art-device-gateway-prod","EC2 Instance","aws",19,3,1,0,0,23,80,64,11,"771097826720","anypointmedia - uplus - 771097826720","i-025e6cd6c15ad692a","ap-northeast-2","AWS Seoul",
"art-device-gateway-prod","EC2 Instance","aws",19,3,1,0,0,23,80,64,11,"771097826720","anypointmedia - uplus - 771097826720","i-045c4bdb10ac1485e","ap-northeast-2","AWS Seoul",
"uplus-assign-prod","EC2 Instance","aws",18,3,1,0,0,32,92,43,11,"771097826720","anypointmedia - uplus - 771097826720","i-057fcee7e3d9732f3","ap-northeast-2","AWS Seoul",
"art-assign-prod-v2","EC2 Instance","aws",18,3,1,0,0,32,93,43,11,"771097826720","anypointmedia - uplus - 771097826720","i-096d6445b48688ec3","ap-northeast-2","AWS Seoul",
"art-assign-prod-v2","EC2 Instance","aws",18,3,1,0,0,32,93,43,11,"771097826720","anypointmedia - uplus - 771097826720","i-0e84d0ede5606ba3d","ap-northeast-2","AWS Seoul",
"art-assign-prod-v2","EC2 Instance","aws",18,3,1,0,0,32,93,43,11,"771097826720","anypointmedia - uplus - 771097826720","i-0cd548e4a0344608a","ap-northeast-2","AWS Seoul",
"uplus-assign-prod","EC2 Instance","aws",18,3,1,0,0,32,92,43,11,"771097826720","anypointmedia - uplus - 771097826720","i-09fa831abc2f5f819","ap-northeast-2","AWS Seoul",
"uplus-assign-prod","EC2 Instance","aws",18,3,1,0,0,32,92,43,11,"771097826720","anypointmedia - uplus - 771097826720","i-0e69f8c64a8791eda","ap-northeast-2","AWS Seoul",
"uplus-totalad-adapter-prod-2","EC2 Instance","aws",20,2,0,0,0,8,57,72,14,"771097826720","anypointmedia - uplus - 771097826720","i-005aec9b8ecfbb5da","ap-northeast-2","AWS Seoul",
"art-assign-prod-v2","EC2 Instance","aws",18,3,1,0,0,32,93,43,11,"771097826720","anypointmedia - uplus - 771097826720","i-0c509be814b76485d","ap-northeast-2","AWS Seoul",
"art-assign-prod-v2","EC2 Instance","aws",18,3,1,0,0,32,93,43,11,"771097826720","anypointmedia - uplus - 771097826720","i-0925330d814646617","ap-northeast-2","AWS Seoul",
"art-assign-prod-v2","EC2 Instance","aws",18,3,1,0,0,32,93,43,11,"771097826720","anypointmedia - uplus - 771097826720","i-080542105f8a6ecf2","ap-northeast-2","AWS Seoul",
"ec2-az2a-luiot-prd-p2prelay2","EC2 Instance","aws",10,3,2,0,0,12,230,586,369,"743932516527","svcalliance3 - 743932516527","i-09963ce82d5e39ec4","ap-northeast-2","AWS Seoul",
"ec2-az2a-luiot-prd-coap2","EC2 Instance","aws",10,3,2,0,0,12,230,586,369,"743932516527","svcalliance3 - 743932516527","i-0e8b3619d12f8c6cc","ap-northeast-2","AWS Seoul",
"ec2-az2a-luiot-prd-p2prelay1","EC2 Instance","aws",10,3,2,0,0,12,230,586,369,"743932516527","svcalliance3 - 743932516527","i-023f9105d44784527","ap-northeast-2","AWS Seoul",
"ec2-az2a-luiot-prd-coap5","EC2 Instance","aws",10,3,2,0,0,12,230,586,369,"743932516527","svcalliance3 - 743932516527","i-01eebd25ab606567a","ap-northeast-2","AWS Seoul",
"ec2-az2c-luiot-prd-coap4","EC2 Instance","aws",10,3,2,0,0,12,230,586,370,"743932516527","svcalliance3 - 743932516527","i-08863e2fc2086597a","ap-northeast-2","AWS Seoul",
"ec2-az2c-luiot-prd-p2prelay3","EC2 Instance","aws",10,3,2,0,0,12,230,586,369,"743932516527","svcalliance3 - 743932516527","i-081a634f1b8f789ac","ap-northeast-2","AWS Seoul",
"ec2-az2a-luiot-prd-p2p1","EC2 Instance","aws",10,3,2,0,0,12,230,586,370,"743932516527","svcalliance3 - 743932516527","i-0e2c478d7d6b8423d","ap-northeast-2","AWS Seoul",
"ec2-az2a-luiot-prd-coap1","EC2 Instance","aws",10,3,2,0,0,12,230,586,369,"743932516527","svcalliance3 - 743932516527","i-0ffb2ed06207e3b46","ap-northeast-2","AWS Seoul",
"ec2-az2c-luiot-prd-coap3","EC2 Instance","aws",10,3,2,0,0,12,230,586,369,"743932516527","svcalliance3 - 743932516527","i-0d86d5ac7bde2ca77","ap-northeast-2","AWS Seoul",
"ec2-az2c-luiot-prd-p2p3","EC2 Instance","aws",10,3,2,0,0,12,230,586,369,"743932516527","svcalliance3 - 743932516527","i-0694a00d6a8ec3519","ap-northeast-2","AWS Seoul",
"ec2-az2c-luiot-prd-p2p2","EC2 Instance","aws",10,3,2,0,0,12,230,586,370,"743932516527","svcalliance3 - 743932516527","i-0842ee857bf1be296","ap-northeast-2","AWS Seoul",
"nodeg-prd-mpay-eksweb-ng-1-30","EC2 Instance","aws",11,3,1,0,0,5,152,410,21,"575219035219","LGUplus_micropay_prod - 575219035219","i-09b760049ea6ec7f7","ap-northeast-2","AWS Seoul",
"nodeg-prd-mpay-eksweb-ng-1-30","EC2 Instance","aws",11,3,1,0,0,5,152,410,21,"575219035219","LGUplus_micropay_prod - 575219035219","i-08ba09102424c1593","ap-northeast-2","AWS Seoul",
"nodeg-prd-mpay-eksweb-ng-1-30","EC2 Instance","aws",11,3,1,0,0,6,155,412,21,"575219035219","LGUplus_micropay_prod - 575219035219","i-0cd226274c43a84f6","ap-northeast-2","AWS Seoul",
"nodeg-prd-mpay-eksweb-ng-1-30","EC2 Instance","aws",11,3,1,0,0,6,155,412,21,"575219035219","LGUplus_micropay_prod - 575219035219","i-08ed5f3b2714eff85","ap-northeast-2","AWS Seoul",
"timbel-tts","EC2 Instance","aws",8,4,2,0,0,13,100,1500,83,"932507484725","aws-AICC-bmt - 932507484725","i-02ed847bf9ee28e9e","ap-northeast-2","AWS Seoul",
"ec2-az2c-luiot-prd-nginx2","EC2 Instance","aws",10,3,1,0,0,12,230,577,366,"743932516527","svcalliance3 - 743932516527","i-083d0da13e8851bc3","ap-northeast-2","AWS Seoul",
"ec2-az2a-luiot-prd-nginx1","EC2 Instance","aws",10,3,1,0,0,12,230,577,387,"743932516527","svcalliance3 - 743932516527","i-01b4b4b1c9f74f68a","ap-northeast-2","AWS Seoul",
"ec2-az01-prod-nai-push-wst1","EC2 Instance","aws",10,3,1,0,0,34,1057,1275,303,"671525817192","LG U Plus Prod - 671525817192","i-0de8a367c93bbfe54","ap-northeast-2","AWS Seoul",
"ec2-az02-prod-nai-push-wst2","EC2 Instance","aws",10,3,1,0,0,30,1049,1257,293,"671525817192","LG U Plus Prod - 671525817192","i-0400f45f27ab8e72c","ap-northeast-2","AWS Seoul",
"ec2-az02-prod-nai-push-wst1","EC2 Instance","aws",10,3,1,0,0,34,1057,1275,303,"671525817192","LG U Plus Prod - 671525817192","i-0336b9f57452229b0","ap-northeast-2","AWS Seoul",
"ec2-az01-prod-nai-push-wst2","EC2 Instance","aws",10,3,1,0,0,30,1049,1257,293,"671525817192","LG U Plus Prod - 671525817192","i-09b640a0a3828a660","ap-northeast-2","AWS Seoul",
"ec2-prd-livc-record-2","EC2 Instance","aws",6,5,2,0,0,13,631,1276,216,"105245712681","eduworks - 105245712681","i-0ce53cd53ae5e8f32","ap-northeast-2","AWS Seoul",
"ec2-prd-livc-turn-2","EC2 Instance","aws",6,5,2,0,0,13,631,1276,216,"105245712681","eduworks - 105245712681","i-04b9954371d621626","ap-northeast-2","AWS Seoul",
"ec2-prd-livc-turn-1","EC2 Instance","aws",6,5,2,0,0,13,632,1276,216,"105245712681","eduworks - 105245712681","i-0792cfcd0d5cb942d","ap-northeast-2","AWS Seoul",
"ec2-prd-livc-record-1","EC2 Instance","aws",6,5,2,0,0,13,631,1276,216,"105245712681","eduworks - 105245712681","i-02bb5ae41fdd002bf","ap-northeast-2","AWS Seoul",
"ec2-prd-livc-fdcms-2","EC2 Instance","aws",6,5,2,0,0,13,631,1276,216,"105245712681","eduworks - 105245712681","i-0844623e49bdeebce","ap-northeast-2","AWS Seoul",
"ec2-prd-livc-fdcms-1","EC2 Instance","aws",6,5,2,0,0,13,632,1269,215,"105245712681","eduworks - 105245712681","i-0fbd0682c65af1cc3","ap-northeast-2","AWS Seoul",
"eks-aidt-dev-service-ng","EC2 Instance","aws",9,3,1,0,0,4,113,332,19,"195275648244","aws-dev-aiplatform - 195275648244","i-016a2afbeefb85335","ap-northeast-2","AWS Seoul",
"eks-aidt-dev-service-ng","EC2 Instance","aws",9,3,1,0,0,4,113,332,19,"195275648244","aws-dev-aiplatform - 195275648244","i-05ec760fe5f38fae8","ap-northeast-2","AWS Seoul",
"eks-aidt-dev-service-ng","EC2 Instance","aws",9,3,1,0,0,12,130,367,26,"195275648244","aws-dev-aiplatform - 195275648244","i-0f508a0981e95bfcc","ap-northeast-2","AWS Seoul",
"eks-aidt-dev-service-ng","EC2 Instance","aws",9,3,1,0,0,11,123,347,21,"195275648244","aws-dev-aiplatform - 195275648244","i-0039b858119fdd634","ap-northeast-2","AWS Seoul",
"ec2-az01-ufsm-prd-image","EC2 Instance","aws",9,3,1,0,0,29,468,1056,239,"846607658388","Flagship_app_stg - 846607658388","i-0485122390554cbd3","ap-northeast-2","AWS Seoul",
"ec2-az03-ufsm-prd-image","EC2 Instance","aws",9,3,1,0,0,27,452,1035,237,"846607658388","Flagship_app_stg - 846607658388","i-0563909f687af5f88","ap-northeast-2","AWS Seoul",
"ec2-az03-prod-was1","EC2 Instance","aws",11,1,0,0,0,40,573,1161,171,"529826819432","U+iptv_aws_live - 529826819432","i-007ae7d5aa5adbeb7","ap-northeast-2","AWS Seoul",
"ec2-az01-prod-was1","EC2 Instance","aws",11,1,0,0,0,40,573,1161,171,"529826819432","U+iptv_aws_live - 529826819432","i-0339e67983cc0595a","ap-northeast-2","AWS Seoul",
"teumv3api-teum_apnortheast2-v076","EC2 Instance","aws",8,3,1,0,0,46,501,1552,67,"846607658388","Flagship_app_stg - 846607658388","i-039e68f32986e36b6","ap-northeast-2","AWS Seoul",
"teumv3api-teum_apnortheast2-v076","EC2 Instance","aws",8,3,1,0,0,46,501,1552,67,"846607658388","Flagship_app_stg - 846607658388","i-038c5ff2a436dff45","ap-northeast-2","AWS Seoul",
"sscare-free2_API","EC2 Instance","aws",11,1,0,0,0,11,325,1016,96,"759727668558","onnetsolution - 759727668558","i-06a65e3b5556d55fa","ap-northeast-2","AWS Seoul",
"ec2-stg-aibzc-sip-az2c-02","EC2 Instance","aws",9,1,1,0,0,10,182,2536,1378,"637423395933","aws-stg-mvoip070 - 637423395933","i-016ce0b1561290625","ap-northeast-2","AWS Seoul",
"ec2-dev-aibzc-sip-az2c-02","EC2 Instance","aws",9,1,1,0,0,10,177,2538,1378,"654654503693","aws-dev-mvoip070 - 654654503693","i-005eb80bd9a4b8b7e","ap-northeast-2","AWS Seoul",
"peoplecount","EC2 Instance","aws",5,5,1,0,0,3,312,913,96,"427743469876","LGUplus_Store_count - 427743469876","i-0a70f3a488a11ffc9","ap-northeast-2","AWS Seoul",
"ec2-prd-aibzc-sip-az2c-02","EC2 Instance","aws",9,1,1,0,0,25,220,2577,1397,"905418323166","aws-prd-mvoip070 - 905418323166","i-0b2ba27295cfc8023","ap-northeast-2","AWS Seoul",
"ec2-poc-1m2m-lbk-azc","EC2 Instance","aws",10,1,0,0,0,47,157,175,33,"593793051313","aws-oneM2M-1m2mdev - 593793051313","i-0339b0144ef9d9628","ap-northeast-2","AWS Seoul",
"ec2-prod-pwr-app-2b","EC2 Instance","aws",10,1,0,0,0,41,474,1012,229,"806758131976","U+tv - 806758131976","i-067cf821d78b7176c","ap-northeast-2","AWS Seoul",
"hfit_API","EC2 Instance","aws",10,1,0,0,0,8,300,990,93,"759727668558","onnetsolution - 759727668558","i-02e31e9735c08a4c9","ap-northeast-2","AWS Seoul",
"hfit_CMS","EC2 Instance","aws",10,1,0,0,0,10,316,1015,93,"759727668558","onnetsolution - 759727668558","i-0d239e3f1fd4c66e6","ap-northeast-2","AWS Seoul",
"sscare-free2_CMS","EC2 Instance","aws",10,1,0,0,0,10,312,1010,93,"759727668558","onnetsolution - 759727668558","i-0167c18d6934cef6a","ap-northeast-2","AWS Seoul",
"hfit_Auth","EC2 Instance","aws",10,1,0,0,0,6,294,988,93,"759727668558","onnetsolution - 759727668558","i-06c33e4420ea192e5","ap-northeast-2","AWS Seoul",
"ec2-poc-1m2m-lbk-azb","EC2 Instance","aws",9,1,0,0,0,46,154,157,31,"593793051313","aws-oneM2M-1m2mdev - 593793051313","i-069e1e7321e772ee5","ap-northeast-2","AWS Seoul",
"ec2-poc-1m2m-lbk-aza","EC2 Instance","aws",9,1,0,0,0,46,154,157,31,"593793051313","aws-oneM2M-1m2mdev - 593793051313","i-033eea97dd3789007","ap-northeast-2","AWS Seoul",
"ec2-prod-pwr-app-2d","EC2 Instance","aws",9,1,0,0,0,41,474,1012,229,"806758131976","U+tv - 806758131976","i-0a2c1069e394919cb","ap-northeast-2","AWS Seoul",
"ec2-prd-spam-evan-web-az2c","EC2 Instance","aws",6,3,1,0,0,8,813,2468,164,"576229193210","aws-prd-spam - 576229193210","i-04f11d006eb19c751","ap-northeast-2","AWS Seoul",
"ec2-prd-spam-evan-web-az2a","EC2 Instance","aws",6,3,1,0,0,8,813,2469,164,"576229193210","aws-prd-spam - 576229193210","i-05483080ed5194931","ap-northeast-2","AWS Seoul",
"dev-shd-devops-gitrunner-eksng-nerget","EC2 Instance","aws",6,3,0,0,0,2,73,72,12,"826990675396","ifn-com-devops - 826990675396","i-00e21323217139f55","ap-northeast-2","AWS Seoul",
"ec2-stg-fleet-mgmt-system-ufms-frontweb","EC2 Instance","aws",8,1,0,0,0,17,143,404,37,"642025919684","fms_stg - 642025919684","i-061ef6ea80b197810","ap-northeast-2","AWS Seoul",
"teumv1api-teum_apnortheast2-v052","EC2 Instance","aws",5,3,1,0,0,8,449,1517,64,"846607658388","Flagship_app_stg - 846607658388","i-07ea6c8c242aacffa","ap-northeast-2","AWS Seoul",
"teumv1api-teum_apnortheast2-v052","EC2 Instance","aws",5,3,1,0,0,8,449,1517,64,"846607658388","Flagship_app_stg - 846607658388","i-0d3eeaeb978d3634a","ap-northeast-2","AWS Seoul",
"teumposapi-teum_apnortheast2-v047","EC2 Instance","aws",5,3,1,0,0,8,449,1517,64,"846607658388","Flagship_app_stg - 846607658388","i-0006adfe534ddb633","ap-northeast-2","AWS Seoul",
"teumadminapi-teum_apnortheast2-v098","EC2 Instance","aws",5,3,1,0,0,8,449,1520,66,"846607658388","Flagship_app_stg - 846607658388","i-04498b2dfcfd6a862","ap-northeast-2","AWS Seoul",
"teumposapi-teum_apnortheast2-v047","EC2 Instance","aws",5,3,1,0,0,8,449,1517,64,"846607658388","Flagship_app_stg - 846607658388","i-042e963bd7246a90e","ap-northeast-2","AWS Seoul",
"teumadminapi-teum_apnortheast2-v098","EC2 Instance","aws",5,3,1,0,0,8,449,1520,66,"846607658388","Flagship_app_stg - 846607658388","i-0eb7a02abb60a1512","ap-northeast-2","AWS Seoul",
"PRD-RCS-MAAP-IMAGE-PROXY-C1","EC2 Instance","aws",5,3,1,0,0,10,617,1437,261,"158060049443","RCSMaaP_PRD - 158060049443","i-0daa03d263c8763cd","ap-northeast-2","AWS Seoul",
"PRD-RCS-MAAP-IMAGE-PROXY-A1","EC2 Instance","aws",5,3,1,0,0,10,614,1435,261,"158060049443","RCSMaaP_PRD - 158060049443","i-0d81fece90b4143aa","ap-northeast-2","AWS Seoul",
"teumschedulerapi-teum_apnortheast2-v133","EC2 Instance","aws",5,3,1,0,0,11,490,1664,74,"846607658388","Flagship_app_stg - 846607658388","i-0982452ec85c1b94e","ap-northeast-2","AWS Seoul",
"ec2-prd-fleet-mgmt-system-ufms-interface-server(#1)","EC2 Instance","aws",8,1,0,0,0,20,176,513,53,"756588537635","fms_prd - 756588537635","i-030d6f1faca8af305","ap-northeast-2","AWS Seoul",
"ec2-prd-fleet-mgmt-system-ufms-backend-vehicle(#1)","EC2 Instance","aws",8,1,0,0,0,18,147,408,46,"756588537635","fms_prd - 756588537635","i-028a0ab4005509609","ap-northeast-2","AWS Seoul",
"ec2-prd-fleet-mgmt-system-ufms-frontweb(#2)","EC2 Instance","aws",8,1,0,0,0,18,171,503,44,"756588537635","fms_prd - 756588537635","i-09feec77d51eaa01d","ap-northeast-2","AWS Seoul",
"ec2-prd-fleet-mgmt-system-ufms-interface-server(#2)","EC2 Instance","aws",8,1,0,0,0,19,176,507,53,"756588537635","fms_prd - 756588537635","i-0fde26c17616d4399","ap-northeast-2","AWS Seoul",
"ec2-prd-fleet-mgmt-system-ufms-gw-service(#1)","EC2 Instance","aws",8,1,0,0,0,18,170,489,49,"756588537635","fms_prd - 756588537635","i-0fa88b31d2c6b7cf6","ap-northeast-2","AWS Seoul",
"ec2-prd-fleet-mgmt-system-ufms-ai-service(#2)","EC2 Instance","aws",8,1,0,0,0,24,196,582,55,"756588537635","fms_prd - 756588537635","i-046844b333c0bef11","ap-northeast-2","AWS Seoul",
"ec2-prd-fleet-mgmt-system-ufms-backend-business(#1)","EC2 Instance","aws",8,1,0,0,0,18,147,408,46,"756588537635","fms_prd - 756588537635","i-0058b9d2d797d09bc","ap-northeast-2","AWS Seoul",
"ec2-prd-fleet-mgmt-system-ufms-device-gw(#2)","EC2 Instance","aws",8,1,0,0,0,19,176,507,53,"756588537635","fms_prd - 756588537635","i-0f3bd725302daab1a","ap-northeast-2","AWS Seoul",
"ec2-prd-fleet-mgmt-system-ufms-backend-vehicle(#2)","EC2 Instance","aws",8,1,0,0,0,18,147,408,46,"756588537635","fms_prd - 756588537635","i-0b89e745ea7d78e7c","ap-northeast-2","AWS Seoul",
"ec2-prd-fleet-mgmt-system-ufms-ai-service(#1)","EC2 Instance","aws",8,1,0,0,0,24,196,582,55,"756588537635","fms_prd - 756588537635","i-0d645636463b6e972","ap-northeast-2","AWS Seoul",
"ec2-prd-fleet-mgmt-system-ufms-backend-business(#2)","EC2 Instance","aws",8,1,0,0,0,18,147,408,46,"756588537635","fms_prd - 756588537635","i-0fca860f4c94220df","ap-northeast-2","AWS Seoul",
"ec2-iptvs-iptvott-aisearch-api-prod#1","EC2 Instance","aws",5,3,1,0,0,51,767,2087,211,"971216839324","IPTV_OTT_SEARCH_prod - 971216839324","i-01a1d22a2dfb6251d","ap-northeast-2","AWS Seoul",
"ec2-iptvs-iptvott-aisearch-api-prod#2","EC2 Instance","aws",5,3,1,0,0,51,766,2080,210,"971216839324","IPTV_OTT_SEARCH_prod - 971216839324","i-0c3c1951f41a68073","ap-northeast-2","AWS Seoul",
"ec2-an2-dev-mvoip-bastion-01a","EC2 Instance","aws",4,3,1,0,0,28,234,591,63,"637423436679","aws-dev-mvoip010 - 637423436679","i-0936c808f4dfdf28d","ap-northeast-2","AWS Seoul",
"ec2-an2-prod-mvoip-media-01-az2a","EC2 Instance","aws",6,1,1,0,0,22,211,561,56,"891376931275","aws-prd-mvoip010 - 891376931275","i-028c3e5f0552cd98b","ap-northeast-2","AWS Seoul",
"ec2-an2-prod-mvoip-media-06-az2c","EC2 Instance","aws",6,1,1,0,0,23,215,587,58,"891376931275","aws-prd-mvoip010 - 891376931275","i-08f848f6c4539914e","ap-northeast-2","AWS Seoul",
"ec2-an2-prod-mvoip-media-03-az2a","EC2 Instance","aws",6,1,1,0,0,22,211,561,56,"891376931275","aws-prd-mvoip010 - 891376931275","i-08c38a0127628a39a","ap-northeast-2","AWS Seoul",
"ec2-an2-prod-mvoip-media-08-az2c","EC2 Instance","aws",6,1,1,0,0,23,212,586,58,"891376931275","aws-prd-mvoip010 - 891376931275","i-0db5674eba8a606ec","ap-northeast-2","AWS Seoul",
"ec2-an2-prod-mvoip-media-05-az2a","EC2 Instance","aws",6,1,1,0,0,22,208,560,56,"891376931275","aws-prd-mvoip010 - 891376931275","i-071d993c3885a211b","ap-northeast-2","AWS Seoul",
"ec2-an2-prod-mvoip-media-02-az2c","EC2 Instance","aws",6,1,1,0,0,22,208,560,56,"891376931275","aws-prd-mvoip010 - 891376931275","i-0cad98c9c8d0c3f11","ap-northeast-2","AWS Seoul",
"ec2-an2-prod-mvoip-media-07-az2a","EC2 Instance","aws",6,1,1,0,0,23,215,587,58,"891376931275","aws-prd-mvoip010 - 891376931275","i-0f0de75be96b4b28d","ap-northeast-2","AWS Seoul",
"ec2-an2-prod-mvoip-media-09-az2a","EC2 Instance","aws",6,1,1,0,0,23,212,586,58,"891376931275","aws-prd-mvoip010 - 891376931275","i-09a349b9c6779ef41","ap-northeast-2","AWS Seoul",
"ec2-an2-prod-mvoip-media-10-az2c","EC2 Instance","aws",6,1,1,0,0,23,212,586,58,"891376931275","aws-prd-mvoip010 - 891376931275","i-0a25299c15da7c879","ap-northeast-2","AWS Seoul",
"ec2-an2-prod-mvoip-media-04-az2c","EC2 Instance","aws",6,1,1,0,0,22,208,560,56,"891376931275","aws-prd-mvoip010 - 891376931275","i-08f1346a0cfa48b77","ap-northeast-2","AWS Seoul",
"ec2-stg-livc-rec-1","EC2 Instance","aws",5,2,1,0,0,11,596,1244,211,"240297559337","U+Liveclass_DevEx - 240297559337","i-0cb7b8dd31f733d14","ap-northeast-2","AWS Seoul",
"ec2-stg-livc-fdcms-1","EC2 Instance","aws",5,2,1,0,0,11,601,1247,211,"240297559337","U+Liveclass_DevEx - 240297559337","i-0b8ad47363d32b8b0","ap-northeast-2","AWS Seoul",
"ec2-stg-fleet-mgmt-system-ufms-ai-service","EC2 Instance","aws",7,1,0,0,0,15,42,70,20,"642025919684","fms_stg - 642025919684","i-02a804e21888f8b6d","ap-northeast-2","AWS Seoul",
"ec2-stg-fleet-mgmt-system-ufms-gw-service","EC2 Instance","aws",7,1,0,0,0,15,41,70,20,"642025919684","fms_stg - 642025919684","i-01e20bad50718cdbe","ap-northeast-2","AWS Seoul",
"ec2-stg-fleet-mgmt-system-ufms-ai-service","EC2 Instance","aws",7,1,0,0,0,15,42,70,20,"642025919684","fms_stg - 642025919684","i-0a8f08490c27d5543","ap-northeast-2","AWS Seoul",
"ec2-stg-fleet-mgmt-system-ufms-backend-business","EC2 Instance","aws",7,1,0,0,0,15,41,70,20,"642025919684","fms_stg - 642025919684","i-00fa775eca12cf67b","ap-northeast-2","AWS Seoul",
"ec2-stg-fleet-mgmt-system-ufms-backend-vehicle","EC2 Instance","aws",7,1,0,0,0,15,41,70,20,"642025919684","fms_stg - 642025919684","i-000138744c717798e","ap-northeast-2","AWS Seoul",
"ec2-stg-fleet-mgmt-system-ufms-backend-business","EC2 Instance","aws",7,1,0,0,0,15,41,70,20,"642025919684","fms_stg - 642025919684","i-0fc0f5b9a409e41b0","ap-northeast-2","AWS Seoul",
"ec2-stg-fleet-mgmt-system-ufms-gw-service","EC2 Instance","aws",7,1,0,0,0,15,41,70,20,"642025919684","fms_stg - 642025919684","i-0c254f02b6d64762a","ap-northeast-2","AWS Seoul",
"ec2-stg-fleet-mgmt-system-ufms-backend-vehicle","EC2 Instance","aws",7,1,0,0,0,15,41,70,20,"642025919684","fms_stg - 642025919684","i-0ea85eafab182a8bd","ap-northeast-2","AWS Seoul",
"ec2-dev-fleet-mgmt-system-ufms-driving-server","EC2 Instance","aws",7,1,0,0,0,15,41,70,20,"595459082527","fms_dev - 595459082527","i-06de41d142b5dab7b","ap-northeast-2","AWS Seoul",
"ec2-dev-fleet-mgmt-system-ufms-analysis-server","EC2 Instance","aws",7,1,0,0,0,15,41,70,20,"595459082527","fms_dev - 595459082527","i-0726365e9a0351996","ap-northeast-2","AWS Seoul",
"ec2-dev-fleet-mgmt-system-ufms-operation-server","EC2 Instance","aws",7,1,0,0,0,15,41,70,20,"595459082527","fms_dev - 595459082527","i-0776643e2acd543ab","ap-northeast-2","AWS Seoul",
"ec2-dev-fleet-mgmt-system-ufms-ai-service","EC2 Instance","aws",7,1,0,0,0,15,42,70,20,"595459082527","fms_dev - 595459082527","i-01144ed7f0d6eb2e1","ap-northeast-2","AWS Seoul",
"ec2-dev-fleet-mgmt-system-ufms-backend-vehicle","EC2 Instance","aws",7,1,0,0,0,15,41,70,20,"595459082527","fms_dev - 595459082527","i-034ad8a6bb0e620ef","ap-northeast-2","AWS Seoul",
"ec2-dev-fleet-mgmt-system-ufms-gw-service","EC2 Instance","aws",7,1,0,0,0,15,41,70,20,"595459082527","fms_dev - 595459082527","i-072c58aa92d7a99f9","ap-northeast-2","AWS Seoul",
"ec2-dev-fleet-mgmt-system-mgmt-backend-admin","EC2 Instance","aws",7,1,0,0,0,15,41,70,20,"595459082527","fms_dev - 595459082527","i-0ffdf937a092c86d5","ap-northeast-2","AWS Seoul",
"ec2-dev-fleet-mgmt-system-ufms-backend-business","EC2 Instance","aws",7,1,0,0,0,15,41,70,20,"595459082527","fms_dev - 595459082527","i-06b53f5a3f8b1d256","ap-northeast-2","AWS Seoul",
"ec2-dev-fleet-mgmt-system-ufms-frontweb","EC2 Instance","aws",7,1,0,0,0,14,39,69,20,"595459082527","fms_dev - 595459082527","i-06fe0142f6aa220b0","ap-northeast-2","AWS Seoul",
"ec2-stg-fleet-mgmt-system-ufms-frontweb","EC2 Instance","aws",7,1,0,0,0,14,39,69,20,"642025919684","fms_stg - 642025919684","i-036b287bae17a0bed","ap-northeast-2","AWS Seoul",
"ec2-dev-fleet-mgmt-system-mgmt-frontweb","EC2 Instance","aws",7,1,0,0,0,14,39,69,20,"595459082527","fms_dev - 595459082527","i-0bd1ec4941cc515a1","ap-northeast-2","AWS Seoul",
"ec2-az01-prod-was2","EC2 Instance","aws",7,1,0,0,0,9,539,1604,145,"529826819432","U+iptv_aws_live - 529826819432","i-0a2bbd7b525e2b4c2","ap-northeast-2","AWS Seoul",
"ec2-az03-prod-was2","EC2 Instance","aws",7,1,0,0,0,9,538,1604,145,"529826819432","U+iptv_aws_live - 529826819432","i-07b71951ef98546a1","ap-northeast-2","AWS Seoul",
"ec2-prd-fleet-mgmt-system-ufms-device-gw(#1)","EC2 Instance","aws",7,1,0,0,0,17,168,505,53,"756588537635","fms_prd - 756588537635","i-085930910fa49cd1a","ap-northeast-2","AWS Seoul",
"ec2-prd-fleet-mgmt-system-ufms-frontweb(#1)","EC2 Instance","aws",7,1,0,0,0,16,163,501,44,"756588537635","fms_prd - 756588537635","i-0d7b28b4641b139e8","ap-northeast-2","AWS Seoul",
"ec2-prd-fleet-mgmt-system-ufms-gw-service(#2)","EC2 Instance","aws",7,1,0,0,0,17,168,505,53,"756588537635","fms_prd - 756588537635","i-0ea3cb600b9ca874e","ap-northeast-2","AWS Seoul",
"kokfit-API-AS","EC2 Instance","aws",4,3,1,0,0,30,1005,3185,145,"759727668558","onnetsolution - 759727668558","i-0ac5b1a402d0e314c","ap-northeast-2","AWS Seoul",
"kokfit-API-Main","EC2 Instance","aws",4,3,1,0,0,29,1021,3211,146,"759727668558","onnetsolution - 759727668558","i-0433a364b60f1e810","ap-northeast-2","AWS Seoul",
"ec2-an2-prod-mvoip-rtc-06-az2c","EC2 Instance","aws",7,1,0,0,0,23,214,584,52,"891376931275","aws-prd-mvoip010 - 891376931275","i-0caed339f82b12bfc","ap-northeast-2","AWS Seoul",
"ec2-an2-prod-mvoip-rtc-05-az2a","EC2 Instance","aws",7,1,0,0,0,22,206,557,47,"891376931275","aws-prd-mvoip010 - 891376931275","i-0395fd34fd1992973","ap-northeast-2","AWS Seoul",
"ec2-an2-prod-mvoip-rtc-01-az2a","EC2 Instance","aws",7,1,0,0,0,29,234,556,51,"891376931275","aws-prd-mvoip010 - 891376931275","i-0021ad841955f06c7","ap-northeast-2","AWS Seoul",
"ec2-an2-prod-mvoip-rtc-04-az2c","EC2 Instance","aws",7,1,0,0,0,22,206,557,47,"891376931275","aws-prd-mvoip010 - 891376931275","i-01c8e26a47d0db484","ap-northeast-2","AWS Seoul",
"ec2-an2-prod-mvoip-rtc-03-az2a","EC2 Instance","aws",7,1,0,0,0,22,206,557,47,"891376931275","aws-prd-mvoip010 - 891376931275","i-09c021bd633f992c4","ap-northeast-2","AWS Seoul",
"ec2-an2-prod-mvoip-rtc-10-az2c","EC2 Instance","aws",7,1,0,0,0,23,211,583,49,"891376931275","aws-prd-mvoip010 - 891376931275","i-0849508e9e9d83d1d","ap-northeast-2","AWS Seoul",
"ec2-an2-prod-mvoip-rtc-09-az2a","EC2 Instance","aws",7,1,0,0,0,23,211,583,52,"891376931275","aws-prd-mvoip010 - 891376931275","i-0f7f01f523eaeeb72","ap-northeast-2","AWS Seoul",
"ec2-an2-prod-mvoip-rtc-02-az2c","EC2 Instance","aws",7,1,0,0,0,22,206,557,50,"891376931275","aws-prd-mvoip010 - 891376931275","i-07843edb98a87b0a1","ap-northeast-2","AWS Seoul",
"ec2-prod-gitleaks-ucmp-gitleaks-BE","EC2 Instance","aws",7,1,0,0,0,31,492,1519,74,"945142638813","UCMP-Root - 945142638813","i-0203d8ff9b5d9e29b","ap-northeast-2","AWS Seoul",
"ec2-an2-prod-mvoip-rtc-07-az2a","EC2 Instance","aws",7,1,0,0,0,23,211,583,52,"891376931275","aws-prd-mvoip010 - 891376931275","i-0c655ebfada2e16e6","ap-northeast-2","AWS Seoul",
"ec2-an2-prod-mvoip-rtc-08-az2c","EC2 Instance","aws",7,1,0,0,0,23,216,587,52,"891376931275","aws-prd-mvoip010 - 891376931275","i-0eb3a859f609065c9","ap-northeast-2","AWS Seoul",
"uplus-device-worker-prod","EC2 Instance","aws",3,3,1,0,0,23,91,74,11,"771097826720","anypointmedia - uplus - 771097826720","i-08b1547074509bf9b","ap-northeast-2","AWS Seoul",
"uplus-device-worker-prod","EC2 Instance","aws",3,3,1,0,0,23,91,74,11,"771097826720","anypointmedia - uplus - 771097826720","i-0107fc4406b4295e5","ap-northeast-2","AWS Seoul",
"prometheus-prod","EC2 Instance","aws",0,5,2,0,0,5,389,1144,30,"771097826720","anypointmedia - uplus - 771097826720","i-00970cdf82fabefe3","ap-northeast-2","AWS Seoul",
"prod-admin-web-ui-2.32.11","EC2 Instance","aws",2,3,1,0,1,2,157,660,27,"771097826720","anypointmedia - uplus - 771097826720","i-0a68c0ff6fa18c871","ap-northeast-2","AWS Seoul",
"ec2-az2c-luiot-prd-wakeup2","EC2 Instance","aws",5,1,1,0,0,8,133,375,33,"743932516527","svcalliance3 - 743932516527","i-091b43afbbdb19b65","ap-northeast-2","AWS Seoul",
"ec2-az2a-luiot-prd-wakeup1","EC2 Instance","aws",5,1,1,0,0,8,133,375,33,"743932516527","svcalliance3 - 743932516527","i-05b97e2eb2920241b","ap-northeast-2","AWS Seoul",
"ec2-stg-livc-temp-cdn-1","EC2 Instance","aws",4,2,1,0,0,12,418,892,198,"240297559337","U+Liveclass_DevEx - 240297559337","i-0e60aed1c81ed8a8f","ap-northeast-2","AWS Seoul",
"ec2-prod-LoadBastion-3","EC2 Instance","aws",0,5,2,0,0,56,1386,526,26,"140441624596","serviceqa - 140441624596","i-002629c7a642b93b1","ap-northeast-2","AWS Seoul",
"ec2-prod-LoadBastion-2","EC2 Instance","aws",0,5,2,0,0,56,1386,526,26,"140441624596","serviceqa - 140441624596","i-00f056ed85b50a799","ap-northeast-2","AWS Seoul",
"ec2-prod-LoadBastion-1","EC2 Instance","aws",0,5,2,0,0,56,1386,526,26,"140441624596","serviceqa - 140441624596","i-09b3352e1523a34c4","ap-northeast-2","AWS Seoul",
"ec2-prod-LoadBastion-0","EC2 Instance","aws",0,5,2,0,0,56,1386,526,26,"140441624596","serviceqa - 140441624596","i-0f151454361922d45","ap-northeast-2","AWS Seoul",
"ec2-prod-ares-api-az2a","EC2 Instance","aws",6,1,0,0,0,23,570,1059,119,"454916155748","lgukidsland - 454916155748","i-0b857f418e19dbd31","ap-northeast-2","AWS Seoul",
"ec2-prod-ares-api-az2a","EC2 Instance","aws",6,1,0,0,0,23,570,1059,119,"454916155748","lgukidsland - 454916155748","i-033c4d78df4225452","ap-northeast-2","AWS Seoul",
"ec2-prod-ares-api-az2a","EC2 Instance","aws",6,1,0,0,0,23,570,1059,119,"454916155748","lgukidsland - 454916155748","i-0c219d4a84c894321","ap-northeast-2","AWS Seoul",
"ec2-prod-ares-api-az2a","EC2 Instance","aws",6,1,0,0,0,22,546,1048,118,"454916155748","lgukidsland - 454916155748","i-03aa1ffc75a9a7d78","ap-northeast-2","AWS Seoul",
"ec2-az03-asg-prod-was2","EC2 Instance","aws",6,1,0,0,0,9,393,1179,70,"529826819432","U+iptv_aws_live - 529826819432","i-05e0b4bcf9ef15dba","ap-northeast-2","AWS Seoul",
"ec2-az01-asg-prod-was2","EC2 Instance","aws",6,1,0,0,0,9,393,1179,70,"529826819432","U+iptv_aws_live - 529826819432","i-0552317dd99c476ae","ap-northeast-2","AWS Seoul",
"ec2-lguf-dev1-was","EC2 Instance","aws",6,1,0,0,0,63,485,801,88,"519057813841","Flagship_app_dev - 519057813841","i-0b1da0459d740c33e","ap-northeast-2","AWS Seoul",
"ec2-az2a-luiot-ex1-p2p1","EC2 Instance","aws",0,4,2,0,0,11,216,541,364,"501438500871","svcalliance2 - 501438500871","i-0a639469d4e14e631","ap-northeast-2","AWS Seoul",
"ec2-az2a-luiot-ex1-p2p2","EC2 Instance","aws",0,4,2,0,0,11,217,541,365,"501438500871","svcalliance2 - 501438500871","i-03a97bd3028fbbd38","ap-northeast-2","AWS Seoul",
"ec2-az2a-luiot-ex1-p2p3","EC2 Instance","aws",0,4,2,0,0,11,216,541,364,"501438500871","svcalliance2 - 501438500871","i-05b53852c50723e78","ap-northeast-2","AWS Seoul",
"ec2-prd-clcc-prx-piolink-01-Master","EC2 Instance","aws",0,4,2,0,0,10,27,30,3,"230837497989","awsprdclcc - 230837497989","i-0af8a47823ab9abe9","ap-northeast-2","AWS Seoul",
"COMM(STG)-DOCKER-REGI (SP:12/12)","EC2 Instance","aws",3,2,1,0,0,1,457,1559,38,"419420945181","aws-stgdev-msghub - 419420945181","i-0c8a763980d4d6da9","ap-northeast-2","AWS Seoul",
"ec2-qa-uplustvmoa-bastion-az2c","EC2 Instance","aws",0,4,2,0,0,22,632,2018,90,"222604853132","aws-qa-uplustvmoa - 222604853132","i-0de574b6b1ca94f11","ap-northeast-2","AWS Seoul",
"ec2-qa-uplustvmoa-bastion-az2a","EC2 Instance","aws",0,4,2,0,0,24,858,2835,131,"222604853132","aws-qa-uplustvmoa - 222604853132","i-09737528df64d34b8","ap-northeast-2","AWS Seoul",
"ec2-prd-clcc-prx-piolink-02-Backup","EC2 Instance","aws",0,4,2,0,0,10,27,30,3,"230837497989","awsprdclcc - 230837497989","i-0bc595dd124d6074a","ap-northeast-2","AWS Seoul",
"ec2-dev-aibzc-med-az2a-01","EC2 Instance","aws",4,1,1,0,0,12,168,2442,1362,"654654503693","aws-dev-mvoip070 - 654654503693","i-0a07f546d3f053cdd","ap-northeast-2","AWS Seoul",
"ec2-dev-aibzc-med-az2c-02","EC2 Instance","aws",4,1,1,0,0,10,154,2433,1362,"654654503693","aws-dev-mvoip070 - 654654503693","i-0ef9c77a3948a5f05","ap-northeast-2","AWS Seoul",
"ec2-stg-aibzc-med-az2a-03","EC2 Instance","aws",4,1,1,0,0,10,160,2430,1362,"637423395933","aws-stg-mvoip070 - 637423395933","i-0e816470058f7a715","ap-northeast-2","AWS Seoul",
"ec2-stg-aibzc-med-az2a-01","EC2 Instance","aws",4,1,1,0,0,12,176,2443,1362,"637423395933","aws-stg-mvoip070 - 637423395933","i-05b11e2a8b73831d7","ap-northeast-2","AWS Seoul",
"ec2-stg-aibzc-med-az2c-02","EC2 Instance","aws",4,1,1,0,0,10,162,2433,1362,"637423395933","aws-stg-mvoip070 - 637423395933","i-09b8addb64c2a3a96","ap-northeast-2","AWS Seoul",
"ec2-prd-uplustvmoa-bastion-az2a","EC2 Instance","aws",0,4,2,0,0,32,698,2167,99,"339458293282","aws-prod-uplustvmoa - 339458293282","i-0465dbdb0d1eda762","ap-northeast-2","AWS Seoul",
"ec2-prd-uplustvmoa-bastion-az2c","EC2 Instance","aws",0,4,2,0,0,23,642,2043,97,"339458293282","aws-prod-uplustvmoa - 339458293282","i-06e93a3fedce1c00d","ap-northeast-2","AWS Seoul",
"Atlantis_Instance","EC2 Instance","aws",2,3,1,0,0,10,174,486,34,"381491835557","aws-prd-mswnet - 381491835557","i-011b3622ef2aabb13","ap-northeast-2","AWS Seoul",
"ec2-dev-aibzc-med-az2a-03","EC2 Instance","aws",4,1,1,0,0,10,154,2433,1362,"654654503693","aws-dev-mvoip070 - 654654503693","i-062efb6f143027bf4","ap-northeast-2","AWS Seoul",
"ec2-dev-uplustvmoa-bastion-az2a","EC2 Instance","aws",0,4,2,0,0,30,756,2261,115,"135933998448","aws-dev-uplustvmoa - 135933998448","i-025d31afcc484554b","ap-northeast-2","AWS Seoul",
"ec2-dev-uplustvmoa-bastion-az2c","EC2 Instance","aws",0,4,2,0,0,23,642,2043,97,"135933998448","aws-dev-uplustvmoa - 135933998448","i-01d0469a689e9294b","ap-northeast-2","AWS Seoul",
"ec2-dev-livc-media","EC2 Instance","aws",3,2,1,0,0,7,146,449,34,"240297559337","U+Liveclass_DevEx - 240297559337","i-0a333fb68a65ae532","ap-northeast-2","AWS Seoul",
"bastion-selvasai","EC2 Instance","aws",0,4,2,0,0,2,33,967,56,"932507484725","aws-AICC-bmt - 932507484725","i-011c7f0e743fe2208","ap-northeast-2","AWS Seoul",
"bastion-bridgetec","EC2 Instance","aws",0,4,2,0,0,2,33,967,56,"932507484725","aws-AICC-bmt - 932507484725","i-0b8d20435598c6fc5","ap-northeast-2","AWS Seoul",
"bastion-rapeech","EC2 Instance","aws",0,4,2,0,0,2,33,967,56,"932507484725","aws-AICC-bmt - 932507484725","i-0805c3d7c997afc57","ap-northeast-2","AWS Seoul",
"kokfit-Bastion","EC2 Instance","aws",0,4,2,0,0,0,223,756,60,"759727668558","onnetsolution - 759727668558","i-0bd835619e4d5a503","ap-northeast-2","AWS Seoul",
"ec2-stg-temp-bas","EC2 Instance","aws",0,3,2,0,1,38,337,903,47,"803484623785","aws-stg-spam - 803484623785","i-0cea144085ac7c155","ap-northeast-2","AWS Seoul",
"packer-clccd_ivr-was_apnortheast2-x86_64","EC2 Instance","aws",0,4,2,0,0,96,272,237,41,"590184057287","aws-itmod-releng - 590184057287","i-0df9b92a6f19e6f08","ap-northeast-2","AWS Seoul",
"ec2-prd-aibzc-med-az2c-02","EC2 Instance","aws",4,1,1,0,0,23,184,2464,1377,"905418323166","aws-prd-mvoip070 - 905418323166","i-0151832facb293d92","ap-northeast-2","AWS Seoul",
"ec2-prd-aibzc-med-az2a-03","EC2 Instance","aws",4,1,1,0,0,23,183,2464,1377,"905418323166","aws-prd-mvoip070 - 905418323166","i-05880d0ddb1005027","ap-northeast-2","AWS Seoul",
"ec2-prd-aibzc-med-az2a-01","EC2 Instance","aws",4,1,1,0,0,25,197,2473,1377,"905418323166","aws-prd-mvoip070 - 905418323166","i-02cb668298354d9e1","ap-northeast-2","AWS Seoul",
"ec2-prd-livc-bastion","EC2 Instance","aws",0,4,2,0,0,45,795,1432,240,"105245712681","eduworks - 105245712681","i-0053373928cc9f705","ap-northeast-2","AWS Seoul",
"bifrost-net-iptv-stg-extgw-v357","EC2 Instance","aws",5,1,0,0,0,7,98,1614,84,"832627517726","aws-net-iptv - 832627517726","i-026a43480cb83b63a","ap-northeast-2","AWS Seoul",
"bifrost-net-iptv-stp-extgw-v287","EC2 Instance","aws",5,1,0,0,0,7,97,1614,84,"832627517726","aws-net-iptv - 832627517726","i-0ecbd20150e223f5f","ap-northeast-2","AWS Seoul",
"bifrost-net-iptv-dev-extgw-v668","EC2 Instance","aws",5,1,0,0,0,9,102,1626,87,"832627517726","aws-net-iptv - 832627517726","i-05a48208e3fcd75aa","ap-northeast-2","AWS Seoul",
"bifrost-net-iptv-prd-extgw-v2-v122","EC2 Instance","aws",5,1,0,0,0,7,97,1614,87,"832627517726","aws-net-iptv - 832627517726","i-0d8b11bb2ea7e0fdd","ap-northeast-2","AWS Seoul",
"bifrost-net-iptv-prd-extgw-v2-v122","EC2 Instance","aws",5,1,0,0,0,7,97,1614,87,"832627517726","aws-net-iptv - 832627517726","i-04ff66f270df5aac8","ap-northeast-2","AWS Seoul",
"bifrost-net-iptv-prd-extgw-v2-v122","EC2 Instance","aws",5,1,0,0,0,7,97,1614,87,"832627517726","aws-net-iptv - 832627517726","i-0c39cfd11b1f22ac0","ap-northeast-2","AWS Seoul",
"bifrost-net-iptv-prd-extgw-v2-v122","EC2 Instance","aws",5,1,0,0,0,7,97,1614,87,"832627517726","aws-net-iptv - 832627517726","i-0e2406092931f5dba","ap-northeast-2","AWS Seoul",
"bifrost-net-iptv-prd-extgw-v2-v122","EC2 Instance","aws",5,1,0,0,0,7,97,1614,87,"832627517726","aws-net-iptv - 832627517726","i-0d8dce92d6e7ec2bc","ap-northeast-2","AWS Seoul",
"bifrost-net-iptv-prd-extgw-v2-v122","EC2 Instance","aws",5,1,0,0,0,7,97,1614,87,"832627517726","aws-net-iptv - 832627517726","i-0ef26c2357e49a0ac","ap-northeast-2","AWS Seoul",
"bifrost-net-iptv-prd-extgw-v2-v122","EC2 Instance","aws",5,1,0,0,0,7,97,1614,87,"832627517726","aws-net-iptv - 832627517726","i-0d9458096a0bd98cd","ap-northeast-2","AWS Seoul",
"bifrost-net-iptv-prd-extgw-v2-v122","EC2 Instance","aws",5,1,0,0,0,7,97,1614,87,"832627517726","aws-net-iptv - 832627517726","i-056bd7b345cf5e0a2","ap-northeast-2","AWS Seoul",
"bifrost-net-iptv-prd-extgw-v2-v122","EC2 Instance","aws",5,1,0,0,0,7,97,1614,87,"832627517726","aws-net-iptv - 832627517726","i-0dffaa6735238002d","ap-northeast-2","AWS Seoul",
"bifrost99-net-iptv-shd-extgw-v013","EC2 Instance","aws",5,1,0,0,0,7,96,1614,84,"832627517726","aws-net-iptv - 832627517726","i-0a71fafad6fcc0f5b","ap-northeast-2","AWS Seoul",
"bifrost-net-iptv-shd-extgw-v209","EC2 Instance","aws",5,1,0,0,0,7,96,1614,84,"832627517726","aws-net-iptv - 832627517726","i-0b341f5e327a1f896","ap-northeast-2","AWS Seoul",
"rabbi-net-iptv-dev-extgw-v085","EC2 Instance","aws",5,1,0,0,0,12,107,1638,85,"832627517726","aws-net-iptv - 832627517726","i-09faa4f986247b3b9","ap-northeast-2","AWS Seoul",
"ec2-az2c-luiot-ex1-coap2","EC2 Instance","aws",0,3,2,0,0,11,216,541,364,"501438500871","svcalliance2 - 501438500871","i-0680c199386ea7ec7","ap-northeast-2","AWS Seoul",
"ec2-az2a-luiot-ex1-coap1","EC2 Instance","aws",0,3,2,0,0,11,216,541,364,"501438500871","svcalliance2 - 501438500871","i-0286703e4c8c16a16","ap-northeast-2","AWS Seoul",
"PRD-RCS-MAAP-BAS-A","EC2 Instance","aws",0,3,2,0,0,127,927,1142,221,"158060049443","RCSMaaP_PRD - 158060049443","i-0ad6ae40d346d152a","ap-northeast-2","AWS Seoul",
"ec2-qa-iptvuiscirpt-bst-az2c","EC2 Instance","aws",0,4,1,0,0,12,260,607,379,"797031953460","UISCRIPT - 797031953460","i-003874a37a52b835a","ap-northeast-2","AWS Seoul",
"bastion-sp_apnortheast2-v022","EC2 Instance","aws",0,3,2,0,0,0,0,0,0,"902336165138","svcprotoprd - 902336165138","i-0c8df8c01e74c3357","ap-northeast-2","AWS Seoul",
"ec2-an2-dev-mvoip-media-02-az2c","EC2 Instance","aws",3,1,1,0,0,22,212,589,51,"637423436679","aws-dev-mvoip010 - 637423436679","i-03b0c695c732ea72d","ap-northeast-2","AWS Seoul",
"ec2-an2-dev-mvoip-media-01-az2a","EC2 Instance","aws",3,1,1,0,0,22,218,605,51,"637423436679","aws-dev-mvoip010 - 637423436679","i-066decc5e74fdfa8a","ap-northeast-2","AWS Seoul",
"ec2-an2-qa-mvoip-media-02-az2c","EC2 Instance","aws",3,1,1,0,0,21,210,589,50,"654654395166","aws-stg-mvoip010 - 654654395166","i-08ea7ee1e096c931c","ap-northeast-2","AWS Seoul",
"ec2-an2-qa-mvoip-media-01-az2a","EC2 Instance","aws",3,1,1,0,0,21,210,589,50,"654654395166","aws-stg-mvoip010 - 654654395166","i-07194108fd4b775b2","ap-northeast-2","AWS Seoul",
"ec2-an2-qa-mvoip-media-05-az2a","EC2 Instance","aws",3,1,1,0,0,21,210,589,50,"654654395166","aws-stg-mvoip010 - 654654395166","i-0082a303530af7ff0","ap-northeast-2","AWS Seoul",
"ec2-an2-qa-mvoip-media-03-az2a","EC2 Instance","aws",3,1,1,0,0,21,210,589,53,"654654395166","aws-stg-mvoip010 - 654654395166","i-09b450719cf2a5af3","ap-northeast-2","AWS Seoul",
"ec2-an2-qa-mvoip-media-04-az2c","EC2 Instance","aws",3,1,1,0,0,21,210,589,50,"654654395166","aws-stg-mvoip010 - 654654395166","i-03edc5d7a939bb61a","ap-northeast-2","AWS Seoul",
"ec2-prd-aisb-voiceGW-02-az2c","EC2 Instance","aws",0,3,2,0,0,25,464,1152,162,"367846675615","aws-prd-aisb - 367846675615","i-076f3a0d187a48217","ap-northeast-2","AWS Seoul",
"ec2-prd-aisb-voiceGW-01-az2a","EC2 Instance","aws",0,3,2,0,0,27,469,1156,163,"367846675615","aws-prd-aisb - 367846675615","i-091c115cd2b05ef1e","ap-northeast-2","AWS Seoul",
"ec2-az2a-luiot-prd-prometheus","EC2 Instance","aws",0,3,2,0,0,12,229,583,387,"743932516527","svcalliance3 - 743932516527","i-07f28548b3f84d27c","ap-northeast-2","AWS Seoul",
"tnict-sbc","EC2 Instance","aws",0,3,2,0,0,0,0,0,0,"932507484725","aws-AICC-bmt - 932507484725","i-03bcbe57a1969ed0c","ap-northeast-2","AWS Seoul",
"uplus-prod-dsm-manager-1","EC2 Instance","aws",0,3,2,0,0,8,242,654,483,"458446241212","uplus shared service - 458446241212","i-0a933e98f7ab01df6","ap-northeast-2","AWS Seoul",
"AI-CAR-AGENT-WEB-CLUSTER","EC2 Instance","aws",4,1,0,0,0,13,37,59,19,"654654537915","aws-dev-smtoy - 654654537915","i-0fac39040ff8e5300","ap-northeast-2","AWS Seoul",
"smrtcsapi-smrt_apnortheast2-v030","EC2 Instance","aws",4,1,0,0,0,5,98,237,22,"992382552008","aws-prd-smrtmb - 992382552008","i-0582feb19f66e7c1c","ap-northeast-2","AWS Seoul",
"smrtcsapi-smrt_apnortheast2-v030","EC2 Instance","aws",4,1,0,0,0,5,98,237,22,"992382552008","aws-prd-smrtmb - 992382552008","i-0f0de5f756e3a9bf5","ap-northeast-2","AWS Seoul",
"smrtcsapi-smrt_apnortheast2-v030","EC2 Instance","aws",4,1,0,0,0,5,98,237,22,"992382552008","aws-prd-smrtmb - 992382552008","i-0dd29f60806fb55e0","ap-northeast-2","AWS Seoul",
"ec2-stg-aibzc-sip-gw-az2a-01","EC2 Instance","aws",4,1,0,0,0,9,177,2596,1408,"637423395933","aws-stg-mvoip070 - 637423395933","i-06ceab0c296c2dbf7","ap-northeast-2","AWS Seoul",
"ec2-stg-aibzc-svc-az2a-01","EC2 Instance","aws",4,1,0,0,0,16,148,2151,1194,"637423395933","aws-stg-mvoip070 - 637423395933","i-0113d93ce285919b1","ap-northeast-2","AWS Seoul",
"ec2-stg-aibzc-sip-gw-az2c-02","EC2 Instance","aws",4,1,0,0,0,7,148,2505,1364,"637423395933","aws-stg-mvoip070 - 637423395933","i-0ba7785d9b25aaba1","ap-northeast-2","AWS Seoul",
"ec2-stg-aibzc-adm-az2a-01","EC2 Instance","aws",4,1,0,0,0,6,116,2168,1189,"637423395933","aws-stg-mvoip070 - 637423395933","i-02d28fc868baf234d","ap-northeast-2","AWS Seoul",
"ec2-stg-aibzc-adm-az2c-02","EC2 Instance","aws",4,1,0,0,0,6,116,2167,1189,"637423395933","aws-stg-mvoip070 - 637423395933","i-020387135ff2ec3aa","ap-northeast-2","AWS Seoul",
"ec2-stg-aibzc-svc-az2c-02","EC2 Instance","aws",4,1,0,0,0,16,140,2161,1195,"637423395933","aws-stg-mvoip070 - 637423395933","i-05b96aa4916ee2ad6","ap-northeast-2","AWS Seoul",
"avaya-cm","EC2 Instance","aws",1,3,1,0,0,2,33,318,736,"932507484725","aws-AICC-bmt - 932507484725","i-0ebfdd103008305c0","ap-northeast-2","AWS Seoul",
"avaya-smgr","EC2 Instance","aws",1,3,1,0,0,68,280,545,748,"932507484725","aws-AICC-bmt - 932507484725","i-0205cd3476d6d7a35","ap-northeast-2","AWS Seoul",
"ec2-az01-prod-remocon","EC2 Instance","aws",4,1,0,0,0,8,860,2612,173,"881711242767","aws-prd-remoconApp - 881711242767","i-07b4869d8991041b4","ap-northeast-2","AWS Seoul",
"ec2-az01-prd-remocon-direct","EC2 Instance","aws",0,3,1,0,1,0,40,34,5,"881711242767","aws-prd-remoconApp - 881711242767","i-0004b7f3b0e1fc2e5","ap-northeast-2","AWS Seoul",
"ec2-prd-aicc-frontwas-az2c","EC2 Instance","aws",4,1,0,0,0,22,217,526,421,"329204419623","aws-prd-ccaas - 329204419623","i-086f495bd28beca2a","ap-northeast-2","AWS Seoul",
"ec2-prd-aicc-frontwas-az2a","EC2 Instance","aws",4,1,0,0,0,23,233,550,428,"329204419623","aws-prd-ccaas - 329204419623","i-0ff1d9dcb6a765a33","ap-northeast-2","AWS Seoul",
"ec2-az02-stg-remocon","EC2 Instance","aws",4,1,0,0,0,8,644,1854,163,"405320923448","aws-stg-remoconApp - 405320923448","i-0abf59811a8d29e26","ap-northeast-2","AWS Seoul",
"ec2-az01-stg-remocon","EC2 Instance","aws",4,1,0,0,0,11,678,1905,174,"405320923448","aws-stg-remoconApp - 405320923448","i-057fc206d6fb8eec8","ap-northeast-2","AWS Seoul",
"ec2-prd-aibzc-sip-gw-az2a-01","EC2 Instance","aws",4,1,0,0,0,24,228,2657,1440,"905418323166","aws-prd-mvoip070 - 905418323166","i-07b02b7a8a021be4b","ap-northeast-2","AWS Seoul",
"ec2-prd-aibzc-sip-gw-az2c-02","EC2 Instance","aws",4,1,0,0,0,22,199,2566,1396,"905418323166","aws-prd-mvoip070 - 905418323166","i-08819a1dee96d5652","ap-northeast-2","AWS Seoul",
"ec2-prd-aibzc-svc-az2c-02","EC2 Instance","aws",4,1,0,0,0,31,175,2212,1218,"905418323166","aws-prd-mvoip070 - 905418323166","i-0673721023913403d","ap-northeast-2","AWS Seoul",
"ec2-prd-aibzc-adm-az2c-02","EC2 Instance","aws",4,1,0,0,0,21,151,2220,1212,"905418323166","aws-prd-mvoip070 - 905418323166","i-0e1f041e2611fc070","ap-northeast-2","AWS Seoul",
"ec2-prd-aibzc-adm-az2a-01","EC2 Instance","aws",4,1,0,0,0,21,151,2221,1212,"905418323166","aws-prd-mvoip070 - 905418323166","i-08495e488ec3527a2","ap-northeast-2","AWS Seoul",
"ec2-prd-aibzc-svc-az2a-01","EC2 Instance","aws",4,1,0,0,0,24,175,2201,1216,"905418323166","aws-prd-mvoip070 - 905418323166","i-0a9d3af2e66fa0fe5","ap-northeast-2","AWS Seoul",
"ec2-dev-aibzc-svc-az2c-02","EC2 Instance","aws",4,1,0,0,0,6,110,2146,1186,"654654503693","aws-dev-mvoip070 - 654654503693","i-07ce70c48d9a820d2","ap-northeast-2","AWS Seoul",
"ec2-dev-aibzc-sip-gw-az2a-01","EC2 Instance","aws",4,1,0,0,0,9,177,2596,1408,"654654503693","aws-dev-mvoip070 - 654654503693","i-0e7bf15a99b75884c","ap-northeast-2","AWS Seoul",
"ec2-dev-aibzc-sip-gw-az2c-02","EC2 Instance","aws",4,1,0,0,0,7,148,2505,1364,"654654503693","aws-dev-mvoip070 - 654654503693","i-00d853a4ab79c7e79","ap-northeast-2","AWS Seoul",
"ec2-dev-aibzc-adm-az2c-02","EC2 Instance","aws",4,1,0,0,0,6,112,2165,1186,"654654503693","aws-dev-mvoip070 - 654654503693","i-00c4c3ba3a804bef6","ap-northeast-2","AWS Seoul",
"ec2-dev-aibzc-svc-az2a-01","EC2 Instance","aws",4,1,0,0,0,6,118,2136,1186,"654654503693","aws-dev-mvoip070 - 654654503693","i-094a0f5fd373243e3","ap-northeast-2","AWS Seoul",
"ec2-dev-aibzc-adm-az2a-01","EC2 Instance","aws",4,1,0,0,0,6,112,2166,1186,"654654503693","aws-dev-mvoip070 - 654654503693","i-0ce082571973971d0","ap-northeast-2","AWS Seoul",
"eks-prd-liveclass-green-prd-livc-eks-worker-Node","EC2 Instance","aws",4,1,0,0,0,5,127,390,23,"105245712681","eduworks - 105245712681","i-079a35162fdbce956","ap-northeast-2","AWS Seoul",
"ec2-an2-qa-mvoip-rtc-02-az2c","EC2 Instance","aws",4,1,0,0,0,21,210,589,50,"654654395166","aws-stg-mvoip010 - 654654395166","i-0a9e7df0d62926fea","ap-northeast-2","AWS Seoul",
"ec2-an2-qa-mvoip-rtc-04-az2c","EC2 Instance","aws",4,1,0,0,0,21,210,589,50,"654654395166","aws-stg-mvoip010 - 654654395166","i-0618b8dbacde0d4ff","ap-northeast-2","AWS Seoul",
"ec2-an2-qa-mvoip-rtc-05-az2a","EC2 Instance","aws",4,1,0,0,0,21,213,592,51,"654654395166","aws-stg-mvoip010 - 654654395166","i-093fbe7b2b7e465e6","ap-northeast-2","AWS Seoul",
"ec2-an2-qa-mvoip-rtc-01-az2a","EC2 Instance","aws",4,1,0,0,0,21,210,589,50,"654654395166","aws-stg-mvoip010 - 654654395166","i-00c64d80da67bf150","ap-northeast-2","AWS Seoul",
"ec2-an2-qa-mvoip-rtc-03-az2a","EC2 Instance","aws",4,1,0,0,0,21,210,589,53,"654654395166","aws-stg-mvoip010 - 654654395166","i-07cb1075962243754","ap-northeast-2","AWS Seoul",
"ec2-an2-dev-mvoip-rtc-02-az2c","EC2 Instance","aws",4,1,0,0,0,22,215,592,55,"637423436679","aws-dev-mvoip010 - 637423436679","i-014ac92fab37cc617","ap-northeast-2","AWS Seoul",
"ec2-an2-dev-mvoip-rtc-01-az2a","EC2 Instance","aws",4,1,0,0,0,24,231,623,65,"637423436679","aws-dev-mvoip010 - 637423436679","i-09205f07655769116","ap-northeast-2","AWS Seoul",
"rap-prd-ec2-parking-old","EC2 Instance","aws",4,1,0,0,0,4,268,947,77,"292684119330","ifn-com-network - 292684119330","i-093b68f945f4ab483","ap-northeast-2","AWS Seoul",
"prd-ifn-com-network-diggerz-parking","EC2 Instance","aws",4,1,0,0,0,5,170,671,36,"292684119330","ifn-com-network - 292684119330","i-0c5ce6a08485b7afb","ap-northeast-2","AWS Seoul",
"eks-stg-liveclass-green-stg-livc-eks-worker-Node","EC2 Instance","aws",4,1,0,0,0,3,107,364,19,"240297559337","U+Liveclass_DevEx - 240297559337","i-0b5c69139da13404f","ap-northeast-2","AWS Seoul",
"eks-stg-liveclass-green-stg-livc-eks-worker-Node","EC2 Instance","aws",4,1,0,0,0,5,114,381,21,"240297559337","U+Liveclass_DevEx - 240297559337","i-0b90d442803ca70fc","ap-northeast-2","AWS Seoul",
"ec2-prd-aicc-soegw-az2a","EC2 Instance","aws",4,1,0,0,0,20,217,485,400,"329204419623","aws-prd-ccaas - 329204419623","i-0d372e7e9f2528f39","ap-northeast-2","AWS Seoul",
"ec2-prd-aicc-soegw-az2c","EC2 Instance","aws",4,1,0,0,0,20,217,485,400,"329204419623","aws-prd-ccaas - 329204419623","i-037b69010f906afd2","ap-northeast-2","AWS Seoul",
"eks-prd-liveclass-green-prd-livc-eks-worker-Node","EC2 Instance","aws",4,1,0,0,0,7,135,399,25,"105245712681","eduworks - 105245712681","i-0313336444530f993","ap-northeast-2","AWS Seoul",
"eks-prd-liveclass-green-prd-livc-eks-worker-Node","EC2 Instance","aws",4,1,0,0,0,5,127,390,23,"105245712681","eduworks - 105245712681","i-0cb8323d71d76395d","ap-northeast-2","AWS Seoul",
"lguplus-an2-dev-sp-ec2-batch-01","EC2 Instance","aws",0,3,1,0,0,31,623,1354,222,"257599878661","LGUplus_micropay_dev - 257599878661","i-01e50f091715e8d9f","ap-northeast-2","AWS Seoul",
"lguplus-an2-dev-sp-ec2-eks-mgmt-01","EC2 Instance","aws",0,3,1,0,0,92,988,1746,284,"257599878661","LGUplus_micropay_dev - 257599878661","i-0d1ad1e70d83b1bcc","ap-northeast-2","AWS Seoul",
"lguplus-an2-dev-sp-ec2-simulatorsvr-01","EC2 Instance","aws",0,3,1,0,0,29,459,939,212,"257599878661","LGUplus_micropay_dev - 257599878661","i-0f15e1c59c6166e32","ap-northeast-2","AWS Seoul",
"ec2-stg-mpay-batch-01","EC2 Instance","aws",0,3,1,0,0,29,509,996,113,"817215403370","LGUplus_micropay_stage - 817215403370","i-0768c6a9c762d881d","ap-northeast-2","AWS Seoul",
"ec2-stg-mpay-batch-02","EC2 Instance","aws",0,3,1,0,0,29,618,1341,225,"817215403370","LGUplus_micropay_stage - 817215403370","i-00dedf882c15f775d","ap-northeast-2","AWS Seoul",
"ec2-stg-mpay-eksmgmt-01","EC2 Instance","aws",0,3,1,0,0,54,897,1504,160,"817215403370","LGUplus_micropay_stage - 817215403370","i-03628f44bdc31604d","ap-northeast-2","AWS Seoul",
"ec2-stg-mpay-simulator","EC2 Instance","aws",0,3,1,0,0,27,633,1285,229,"817215403370","LGUplus_micropay_stage - 817215403370","i-0a073f75bca034f02","ap-northeast-2","AWS Seoul",
"ec2-stg-mpay-eksmgmt-02","EC2 Instance","aws",0,3,1,0,0,26,892,1706,243,"817215403370","LGUplus_micropay_stage - 817215403370","i-05df64cbecedafab8","ap-northeast-2","AWS Seoul",
"INARA-PRD-WORKLOAD-IMDSV1-MANAGED-V1_31_DSA_X","EC2 Instance","aws",0,3,1,0,0,3,72,176,15,"532975624498","INARA-PROD - 532975624498","i-0214bf2faa0c5f6a7","ap-northeast-2","AWS Seoul",
"ec2-az2c-luiot-ex1-xxljob2","EC2 Instance","aws",0,3,1,0,0,11,212,531,360,"501438500871","svcalliance2 - 501438500871","i-017ac815131ca3a07","ap-northeast-2","AWS Seoul",
"ec2-az2a-luiot-ex1-device1","EC2 Instance","aws",0,3,1,0,0,11,212,531,360,"501438500871","svcalliance2 - 501438500871","i-01de639d01879571a","ap-northeast-2","AWS Seoul",
"ec2-az2c-luiot-ex1-ifttt2","EC2 Instance","aws",0,3,1,0,0,11,212,531,360,"501438500871","svcalliance2 - 501438500871","i-0032ebee15ec407d2","ap-northeast-2","AWS Seoul",
"ec2-az2c-luiot-ex1-datasource2","EC2 Instance","aws",0,3,1,0,0,11,212,531,360,"501438500871","svcalliance2 - 501438500871","i-0264f2226db15d73b","ap-northeast-2","AWS Seoul",
"ec2-az2c-luiot-ex1-leisi2","EC2 Instance","aws",0,3,1,0,0,11,212,531,360,"501438500871","svcalliance2 - 501438500871","i-0394e95f77ffd7860","ap-northeast-2","AWS Seoul",
"ec2-az2a-luiot-ex1-board1","EC2 Instance","aws",0,3,1,0,0,11,212,531,360,"501438500871","svcalliance2 - 501438500871","i-07d32e83a50e467cf","ap-northeast-2","AWS Seoul",
"ec2-az2a-luiot-ex1-datasource1","EC2 Instance","aws",0,3,1,0,0,11,215,532,384,"501438500871","svcalliance2 - 501438500871","i-0246e99a6e303bb0b","ap-northeast-2","AWS Seoul",
"ec2-az2c-luiot-ex1-cem2","EC2 Instance","aws",0,3,1,0,0,11,212,531,360,"501438500871","svcalliance2 - 501438500871","i-0f9dde71b93635fef","ap-northeast-2","AWS Seoul",
"ec2-az2a-luiot-ex1-uplusadmin1","EC2 Instance","aws",0,3,1,0,0,11,212,531,360,"501438500871","svcalliance2 - 501438500871","i-07f34504e593a91cd","ap-northeast-2","AWS Seoul",
"ec2-az2c-luiot-ex1-manager2","EC2 Instance","aws",0,3,1,0,0,11,212,531,360,"501438500871","svcalliance2 - 501438500871","i-087525836f465fd40","ap-northeast-2","AWS Seoul",
"ec2-az2c-luiot-ex1-device2","EC2 Instance","aws",0,3,1,0,0,11,212,531,360,"501438500871","svcalliance2 - 501438500871","i-0860a6d626dfb8995","ap-northeast-2","AWS Seoul",
"ec2-az2c-luiot-ex1-sms2","EC2 Instance","aws",0,3,1,0,0,11,212,531,360,"501438500871","svcalliance2 - 501438500871","i-03282241881f74aaf","ap-northeast-2","AWS Seoul",
"ec2-az2a-luiot-ex1-opncldfrnt1","EC2 Instance","aws",0,3,1,0,0,11,216,532,360,"501438500871","svcalliance2 - 501438500871","i-06dd07d9d00163af5","ap-northeast-2","AWS Seoul",
"ec2-az2c-luiot-ex1-opncldfrnt2","EC2 Instance","aws",0,3,1,0,0,11,216,532,360,"501438500871","svcalliance2 - 501438500871","i-0a43ad602740b807a","ap-northeast-2","AWS Seoul",
"ec2-az2a-luiot-ex1-xxljob1","EC2 Instance","aws",0,3,1,0,0,11,212,531,360,"501438500871","svcalliance2 - 501438500871","i-0dea8bfc9e7ae74d4","ap-northeast-2","AWS Seoul",
"ec2-az2c-luiot-ex1-ota2","EC2 Instance","aws",0,3,1,0,0,11,214,531,360,"501438500871","svcalliance2 - 501438500871","i-05e9cfe77feee96ff","ap-northeast-2","AWS Seoul",
"ec2-az2a-luiot-ex1-user1","EC2 Instance","aws",0,3,1,0,0,11,214,531,360,"501438500871","svcalliance2 - 501438500871","i-08ba09179bcaeebb6","ap-northeast-2","AWS Seoul",
"ec2-az2a-luiot-ex1-hetu1","EC2 Instance","aws",0,3,1,0,0,11,212,531,360,"501438500871","svcalliance2 - 501438500871","i-0e91555659d485030","ap-northeast-2","AWS Seoul",
"ec2-az2c-luiot-ex1-push2","EC2 Instance","aws",0,3,1,0,0,11,212,531,360,"501438500871","svcalliance2 - 501438500871","i-016d9c1a9ba67540e","ap-northeast-2","AWS Seoul",
"ec2-az2a-luiot-ex1-prometheus","EC2 Instance","aws",0,3,1,0,0,11,212,538,360,"501438500871","svcalliance2 - 501438500871","i-0fd99c2ecf2020af7","ap-northeast-2","AWS Seoul",
"ec2-az2a-luiot-ex1-registsvr1","EC2 Instance","aws",0,3,1,0,0,11,212,531,360,"501438500871","svcalliance2 - 501438500871","i-0b8d41da47e9f5dc4","ap-northeast-2","AWS Seoul",
"ec2-az2a-luiot-ex1-leisi1","EC2 Instance","aws",0,3,1,0,0,11,212,531,360,"501438500871","svcalliance2 - 501438500871","i-052f7aee965d4b47b","ap-northeast-2","AWS Seoul",
"ec2-az2a-luiot-ex1-sms1","EC2 Instance","aws",0,3,1,0,0,11,212,531,360,"501438500871","svcalliance2 - 501438500871","i-03ab07a20a78d620d","ap-northeast-2","AWS Seoul",
"ec2-az2a-luiot-ex1-ifttt1","EC2 Instance","aws",0,3,1,0,0,11,212,531,360,"501438500871","svcalliance2 - 501438500871","i-094e407a7c64d919d","ap-northeast-2","AWS Seoul",
"ec2-az2c-luiot-ex1-registsvr2","EC2 Instance","aws",0,3,1,0,0,11,212,531,360,"501438500871","svcalliance2 - 501438500871","i-0195a4e98bf431c17","ap-northeast-2","AWS Seoul",
"ec2-az2a-luiot-ex1-cem1","EC2 Instance","aws",0,3,1,0,0,11,212,531,360,"501438500871","svcalliance2 - 501438500871","i-0d13ddf2ab347917d","ap-northeast-2","AWS Seoul",
"ec2-az2c-luiot-ex1-uplusmnger2","EC2 Instance","aws",0,3,1,0,0,11,212,531,360,"501438500871","svcalliance2 - 501438500871","i-098617964915903d5","ap-northeast-2","AWS Seoul",
"ec2-az2a-luiot-ex1-devex1","EC2 Instance","aws",0,3,1,0,0,11,212,531,360,"501438500871","svcalliance2 - 501438500871","i-02fc55fba0e8bae3d","ap-northeast-2","AWS Seoul",
"ec2-az2a-luiot-ex1-push1","EC2 Instance","aws",0,3,1,0,0,11,212,531,360,"501438500871","svcalliance2 - 501438500871","i-0eea23aa6763bfbfa","ap-northeast-2","AWS Seoul",
"ec2-az2a-luiot-ex1-nginx1","EC2 Instance","aws",0,3,1,0,0,11,216,532,360,"501438500871","svcalliance2 - 501438500871","i-0aed84a7de809c670","ap-northeast-2","AWS Seoul",
"ec2-az2a-luiot-ex1-manager1","EC2 Instance","aws",0,3,1,0,0,11,212,526,359,"501438500871","svcalliance2 - 501438500871","i-031027de879849a7b","ap-northeast-2","AWS Seoul",
"ec2-az2a-luiot-ex1-jumper","EC2 Instance","aws",0,3,1,0,0,43,389,800,549,"501438500871","svcalliance2 - 501438500871","i-044951a6e715f539b","ap-northeast-2","AWS Seoul",
"ec2-az2c-luiot-ex1-hetu2","EC2 Instance","aws",0,3,1,0,0,11,212,531,360,"501438500871","svcalliance2 - 501438500871","i-0e4fc9b521a35bd2c","ap-northeast-2","AWS Seoul",
"ec2-az2c-luiot-ex1-oss2","EC2 Instance","aws",0,3,1,0,0,11,225,570,439,"501438500871","svcalliance2 - 501438500871","i-0afd9b1e953b61a18","ap-northeast-2","AWS Seoul",
"ec2-az2c-luiot-ex1-nginx2","EC2 Instance","aws",0,3,1,0,0,11,216,532,360,"501438500871","svcalliance2 - 501438500871","i-0b0704efbbde840b7","ap-northeast-2","AWS Seoul",
"ec2-az2a-luiot-ex1-uplusmnger1","EC2 Instance","aws",0,3,1,0,0,11,212,531,360,"501438500871","svcalliance2 - 501438500871","i-0a8a7edfff07ef65c","ap-northeast-2","AWS Seoul",
"ec2-az2a-luiot-ex1-coap3","EC2 Instance","aws",0,3,1,0,0,9,201,520,360,"501438500871","svcalliance2 - 501438500871","i-0f7b36a4a22c4e750","ap-northeast-2","AWS Seoul",
"ec2-az2a-luiot-ex1-ota1","EC2 Instance","aws",0,3,1,0,0,11,214,531,360,"501438500871","svcalliance2 - 501438500871","i-0a821079e02807d88","ap-northeast-2","AWS Seoul",
"ec2-az2a-luiot-ex1-logcollect1","EC2 Instance","aws",0,3,1,0,0,19,231,576,386,"501438500871","svcalliance2 - 501438500871","i-0025275a57132f72a","ap-northeast-2","AWS Seoul",
"ec2-az2c-luiot-ex1-user2","EC2 Instance","aws",0,3,1,0,0,12,218,540,365,"501438500871","svcalliance2 - 501438500871","i-0c44fb5f0b3c13fa8","ap-northeast-2","AWS Seoul",
"ec2-az2c-luiot-ex1-devex2","EC2 Instance","aws",0,3,1,0,0,11,212,531,360,"501438500871","svcalliance2 - 501438500871","i-07037d46209ef2930","ap-northeast-2","AWS Seoul",
"ec2-az2c-luiot-ex1-logcollect2","EC2 Instance","aws",0,3,1,0,0,19,229,573,377,"501438500871","svcalliance2 - 501438500871","i-00cb8ed28c942169d","ap-northeast-2","AWS Seoul",
"ec2-az2c-luiot-ex1-board2","EC2 Instance","aws",0,3,1,0,0,11,212,531,360,"501438500871","svcalliance2 - 501438500871","i-073a0328a01a701b9","ap-northeast-2","AWS Seoul",
"ec2-az2a-luiot-ex1-gateway1","EC2 Instance","aws",0,3,1,0,0,11,212,531,360,"501438500871","svcalliance2 - 501438500871","i-037fdd7b1f0019acd","ap-northeast-2","AWS Seoul",
"ec2-az2c-luiot-ex1-uplusadmin2","EC2 Instance","aws",0,3,1,0,0,11,212,531,360,"501438500871","svcalliance2 - 501438500871","i-0690b0c3b4bf78186","ap-northeast-2","AWS Seoul",
"ec2-az2c-luiot-ex1-gateway2","EC2 Instance","aws",0,3,1,0,0,11,212,531,360,"501438500871","svcalliance2 - 501438500871","i-03aef9a3f916b16d6","ap-northeast-2","AWS Seoul",
"ec2-az2a-luiot-ex1-oss1","EC2 Instance","aws",0,3,1,0,0,11,225,570,439,"501438500871","svcalliance2 - 501438500871","i-0fce0e587250e0882","ap-northeast-2","AWS Seoul",
"ec2-az2a-luiot-ex1-rocketmq1","EC2 Instance","aws",0,3,1,0,0,39,309,588,391,"501438500871","svcalliance2 - 501438500871","i-0b48c830b38a77f21","ap-northeast-2","AWS Seoul",
"ec2-az2c-luiot-ex1-rocketmq3","EC2 Instance","aws",0,3,1,0,0,37,298,577,370,"501438500871","svcalliance2 - 501438500871","i-071e9f9489223c239","ap-northeast-2","AWS Seoul",
"ec2-az2c-luiot-ex1-hbase5","EC2 Instance","aws",0,3,1,0,0,24,506,861,453,"501438500871","svcalliance2 - 501438500871","i-02134876b852a37e7","ap-northeast-2","AWS Seoul",
"ec2-az2c-luiot-ex1-hbase6","EC2 Instance","aws",0,3,1,0,0,24,504,863,453,"501438500871","svcalliance2 - 501438500871","i-0b80f1e7340754f1a","ap-northeast-2","AWS Seoul",
"ec2-az2a-luiot-ex1-rocketmq2","EC2 Instance","aws",0,3,1,0,0,16,231,547,364,"501438500871","svcalliance2 - 501438500871","i-0367b3cdf64c02681","ap-northeast-2","AWS Seoul",
"ec2-az2a-luiot-ex1-es1","EC2 Instance","aws",0,3,1,0,0,11,212,531,361,"501438500871","svcalliance2 - 501438500871","i-02e6015e4e728a440","ap-northeast-2","AWS Seoul",
"ec2-az2a-luiot-ex1-hbase2","EC2 Instance","aws",0,3,1,0,0,71,398,701,486,"501438500871","svcalliance2 - 501438500871","i-0c5a1161cfcb59083","ap-northeast-2","AWS Seoul",
"ec2-az2a-luiot-ex1-es2","EC2 Instance","aws",0,3,1,0,0,11,212,531,361,"501438500871","svcalliance2 - 501438500871","i-0bf3fa6a2162e43d0","ap-northeast-2","AWS Seoul",
"ec2-az2a-luiot-ex1-hbase1","EC2 Instance","aws",0,3,1,0,0,94,461,857,551,"501438500871","svcalliance2 - 501438500871","i-010c4a228c7555208","ap-northeast-2","AWS Seoul",
"ec2-az2a-luiot-ex1-apollos","EC2 Instance","aws",0,3,1,0,0,57,379,738,378,"501438500871","svcalliance2 - 501438500871","i-0eab4ed5792a73476","ap-northeast-2","AWS Seoul",
"ec2-az2a-luiot-ex1-hbase3","EC2 Instance","aws",0,3,1,0,0,27,471,848,520,"501438500871","svcalliance2 - 501438500871","i-0933310f0b0a2f0c2","ap-northeast-2","AWS Seoul",
"ec2-az2a-luiot-ex1-es3","EC2 Instance","aws",0,3,1,0,0,11,212,531,361,"501438500871","svcalliance2 - 501438500871","i-0dbecd64539675e0d","ap-northeast-2","AWS Seoul",
"ec2-az2c-luiot-ex1-hbase7","EC2 Instance","aws",0,3,1,0,0,24,504,863,453,"501438500871","svcalliance2 - 501438500871","i-0187ae02c214b8119","ap-northeast-2","AWS Seoul",
"ec2-az2a-luiot-ex1-skywalking2","EC2 Instance","aws",0,3,1,0,0,11,217,544,369,"501438500871","svcalliance2 - 501438500871","i-05f79ffdc3846cb29","ap-northeast-2","AWS Seoul",
"ec2-az2a-luiot-ex1-skywalking1","EC2 Instance","aws",0,3,1,0,0,11,217,544,369,"501438500871","svcalliance2 - 501438500871","i-04c0c65a8894c475e","ap-northeast-2","AWS Seoul",
"ec2-az2c-luiot-ex1-hbase4","EC2 Instance","aws",0,3,1,0,0,24,504,863,453,"501438500871","svcalliance2 - 501438500871","i-0263c1bedde0179d8","ap-northeast-2","AWS Seoul",
"ec2-stg-nerp-dbenc-01-az2a","EC2 Instance","aws",0,3,1,0,0,9,586,1662,129,"367081265349","aws-stg-nerp - 367081265349","i-04129ea512eaec893","ap-northeast-2","AWS Seoul",
"ec2-nu-sdev-nupf-dbagent-az2a","EC2 Instance","aws",0,3,1,0,0,47,681,1358,242,"123730156562","AWS_SVC_NUPF_SDEV - 123730156562","i-0f23bb17a99bbee78","ap-northeast-2","AWS Seoul",
"ec2-nu-sdev-nupf-cdc-az2a","EC2 Instance","aws",0,3,1,0,0,29,676,1401,250,"123730156562","AWS_SVC_NUPF_SDEV - 123730156562","i-02a32e9bcdfe6d7e6","ap-northeast-2","AWS Seoul",
"ec2-nu-sdev-nupf-batch01-az2a","EC2 Instance","aws",0,3,1,0,0,44,684,1313,168,"123730156562","AWS_SVC_NUPF_SDEV - 123730156562","i-07a365a1efc8330bb","ap-northeast-2","AWS Seoul",
"ec2-nu-sdev-nupf-Broker-az2a","EC2 Instance","aws",0,3,1,0,0,17,944,1897,305,"123730156562","AWS_SVC_NUPF_SDEV - 123730156562","i-0da1eb179d3a95947","ap-northeast-2","AWS Seoul",
"ec2-nu-stest-nupf-batch01-az2a-new","EC2 Instance","aws",0,3,1,0,0,6,453,972,129,"800445880799","AWS_SQA_NUPF - 800445880799","i-0c5fdb83773ff5032","ap-northeast-2","AWS Seoul",
"ec2-nu-stest-nupf-batch12-az2a-new","EC2 Instance","aws",0,3,1,0,0,6,453,972,129,"800445880799","AWS_SQA_NUPF - 800445880799","i-0d1951bed11040f59","ap-northeast-2","AWS Seoul",
"ec2-nu-stest-nupf-batch29-az2c-new","EC2 Instance","aws",0,3,1,0,0,8,373,782,90,"800445880799","AWS_SQA_NUPF - 800445880799","i-0d745c4082d84d9d5","ap-northeast-2","AWS Seoul",
"ec2-nu-stest-nupf-tdms-az2a","EC2 Instance","aws",0,3,1,0,0,100,781,1363,243,"800445880799","AWS_SQA_NUPF - 800445880799","i-093c93c015eaeeb9c","ap-northeast-2","AWS Seoul",
"ec2-nu-stest-nupf-batch18-az2c-new","EC2 Instance","aws",0,3,1,0,0,6,453,972,129,"800445880799","AWS_SQA_NUPF - 800445880799","i-0138bb3ff22e71a30","ap-northeast-2","AWS Seoul",
"ec2-nu-stest-nupf-batch07-az2a-new","EC2 Instance","aws",0,3,1,0,0,6,453,972,129,"800445880799","AWS_SQA_NUPF - 800445880799","i-09e67131233c4adae","ap-northeast-2","AWS Seoul",
"ec2-nu-stest-nupf-batch03-az2a-new","EC2 Instance","aws",0,3,1,0,0,6,453,972,129,"800445880799","AWS_SQA_NUPF - 800445880799","i-0dcce5aebf9263481","ap-northeast-2","AWS Seoul",
"ec2-nu-stest-nupf-batch15-az2c-new","EC2 Instance","aws",0,3,1,0,0,6,453,972,129,"800445880799","AWS_SQA_NUPF - 800445880799","i-096e648565e2b64e8","ap-northeast-2","AWS Seoul",
"ec2-nu-stest-nupf-batch02-az2a-new","EC2 Instance","aws",0,3,1,0,0,6,453,972,129,"800445880799","AWS_SQA_NUPF - 800445880799","i-0c23bf21d2bda45d7","ap-northeast-2","AWS Seoul",
"ec2-nu-stest-nupf-batch27-az2c-new","EC2 Instance","aws",0,3,1,0,0,6,453,972,129,"800445880799","AWS_SQA_NUPF - 800445880799","i-04bca6b34c180e597","ap-northeast-2","AWS Seoul",
"ec2-nu-stest-nupf-batch26-az2c-new","EC2 Instance","aws",0,3,1,0,0,6,453,972,129,"800445880799","AWS_SQA_NUPF - 800445880799","i-02e1564d270033b6d","ap-northeast-2","AWS Seoul",
"ec2-nu-stest-nupf-batch06-az2a-new","EC2 Instance","aws",0,3,1,0,0,6,453,972,129,"800445880799","AWS_SQA_NUPF - 800445880799","i-0566f56e9f38559c3","ap-northeast-2","AWS Seoul",
"ec2-nu-stest-nupf-batch17-az2c-new","EC2 Instance","aws",0,3,1,0,0,6,453,972,129,"800445880799","AWS_SQA_NUPF - 800445880799","i-04b0ad72456d5eaaf","ap-northeast-2","AWS Seoul",
"ec2-nu-stest-nupf-batch11-az2a-new","EC2 Instance","aws",0,3,1,0,0,6,453,972,129,"800445880799","AWS_SQA_NUPF - 800445880799","i-02ec92d7f0f5ce8cf","ap-northeast-2","AWS Seoul",
"ec2-nu-stest-nupf-batch22-az2c-new","EC2 Instance","aws",0,3,1,0,0,6,453,972,129,"800445880799","AWS_SQA_NUPF - 800445880799","i-0474d3bf62b884b7f","ap-northeast-2","AWS Seoul",
"ec2-nu-stest-nupf-batch16-az2c-new","EC2 Instance","aws",0,3,1,0,0,6,453,972,129,"800445880799","AWS_SQA_NUPF - 800445880799","i-0da47ae711f7216ec","ap-northeast-2","AWS Seoul",
"ec2-nu-stest-nupf-batch05-az2a-new","EC2 Instance","aws",0,3,1,0,0,6,453,972,129,"800445880799","AWS_SQA_NUPF - 800445880799","i-0f29c7f80bed03bd5","ap-northeast-2","AWS Seoul",
"ec2-nu-stest-nupf-batch04-az2a-new","EC2 Instance","aws",0,3,1,0,0,6,453,972,129,"800445880799","AWS_SQA_NUPF - 800445880799","i-08901f6d7af16f600","ap-northeast-2","AWS Seoul",
"ec2-nu-stest-nupf-batch21-az2c-new","EC2 Instance","aws",0,3,1,0,0,6,458,979,129,"800445880799","AWS_SQA_NUPF - 800445880799","i-0fec42b1c84a00ccc","ap-northeast-2","AWS Seoul",
"ec2-nu-stest-nupf-batch14-az2a-new","EC2 Instance","aws",0,3,1,0,0,6,453,972,129,"800445880799","AWS_SQA_NUPF - 800445880799","i-05f236e5e2763a24e","ap-northeast-2","AWS Seoul",
"ec2-nu-stest-nupf-batch28-az2c-new","EC2 Instance","aws",0,3,1,0,0,6,364,762,89,"800445880799","AWS_SQA_NUPF - 800445880799","i-0ede397b340fb0598","ap-northeast-2","AWS Seoul",
"ec2-nu-stest-nupf-batch25-az2c-new","EC2 Instance","aws",0,3,1,0,0,6,453,972,129,"800445880799","AWS_SQA_NUPF - 800445880799","i-03c05ab0ea2867567","ap-northeast-2","AWS Seoul",
"ec2-nu-stest-nupf-batch08-az2a-new","EC2 Instance","aws",0,3,1,0,0,6,453,972,129,"800445880799","AWS_SQA_NUPF - 800445880799","i-08e31526c3c92368a","ap-northeast-2","AWS Seoul",
"ec2-nu-stest-nupf-tdms-az2c","EC2 Instance","aws",0,3,1,0,0,69,709,1296,234,"800445880799","AWS_SQA_NUPF - 800445880799","i-0059d5b22c6e47a07","ap-northeast-2","AWS Seoul",
"ec2-nu-stest-nupf-batch19-az2c-new","EC2 Instance","aws",0,3,1,0,0,7,361,611,60,"800445880799","AWS_SQA_NUPF - 800445880799","i-0360b43b62aa66b31","ap-northeast-2","AWS Seoul",
"ec2-nu-stest-nupf-batch23-az2c-new","EC2 Instance","aws",0,3,1,0,0,6,453,972,129,"800445880799","AWS_SQA_NUPF - 800445880799","i-0513086e330c3b648","ap-northeast-2","AWS Seoul",
"ec2-nu-stest-nupf-batch20-az2c-new","EC2 Instance","aws",0,3,1,0,0,6,453,972,129,"800445880799","AWS_SQA_NUPF - 800445880799","i-0d915837cde58fced","ap-northeast-2","AWS Seoul",
"ec2-nu-stest-nupf-batch13-az2a-new","EC2 Instance","aws",0,3,1,0,0,7,458,976,129,"800445880799","AWS_SQA_NUPF - 800445880799","i-05634d8fad09767f2","ap-northeast-2","AWS Seoul",
"ec2-nu-stest-nupf-batch24-az2c-new","EC2 Instance","aws",0,3,1,0,0,5,447,955,126,"800445880799","AWS_SQA_NUPF - 800445880799","i-0cfeb7f2089302a05","ap-northeast-2","AWS Seoul",
"ec2-nu-stest-nupf-batch10-az2a-new","EC2 Instance","aws",0,3,1,0,0,40,545,1053,141,"800445880799","AWS_SQA_NUPF - 800445880799","i-0eba5f48817f71e63","ap-northeast-2","AWS Seoul",
"ec2-nu-sdev-nupf-batch02-az2c","EC2 Instance","aws",0,3,1,0,0,6,474,993,132,"123730156562","AWS_SVC_NUPF_SDEV - 123730156562","i-06c3e770b6d076f85","ap-northeast-2","AWS Seoul",
"ec2-nu-sdev-nupf-zookeeper-az2a","EC2 Instance","aws",0,3,1,0,0,15,731,1490,279,"123730156562","AWS_SVC_NUPF_SDEV - 123730156562","i-05d7d4332ca1cc768","ap-northeast-2","AWS Seoul",
"nuprodapne2-shoz-service-node-v2","EC2 Instance","aws",0,3,1,0,0,2,118,361,29,"861894787667","AWS_PROD_NUPF - 861894787667","i-045120def4e5c4e5f","ap-northeast-2","AWS Seoul",
"nuprodapne2-shoz-service-node-v2","EC2 Instance","aws",0,3,1,0,0,2,118,361,29,"861894787667","AWS_PROD_NUPF - 861894787667","i-000976d3696fe26bd","ap-northeast-2","AWS Seoul",
"nuprodapne2-shoz-service-node-v2","EC2 Instance","aws",0,3,1,0,0,2,118,361,29,"861894787667","AWS_PROD_NUPF - 861894787667","i-02df094a6a1857499","ap-northeast-2","AWS Seoul",
"nuprodapne2-shoz-service-node-v2","EC2 Instance","aws",0,3,1,0,0,2,118,361,29,"861894787667","AWS_PROD_NUPF - 861894787667","i-0d2928d1d6b23dcbb","ap-northeast-2","AWS Seoul",
"nuprodapne2-shoz-service-node-v2","EC2 Instance","aws",0,3,1,0,0,2,118,361,29,"861894787667","AWS_PROD_NUPF - 861894787667","i-00bba1106a59e1152","ap-northeast-2","AWS Seoul",
"nuprodapne2-shoz-service-node-v2","EC2 Instance","aws",0,3,1,0,0,2,118,361,29,"861894787667","AWS_PROD_NUPF - 861894787667","i-0601df6578d21e1af","ap-northeast-2","AWS Seoul",
"nuprodapne2-shoz-service-node-v2","EC2 Instance","aws",0,3,1,0,0,2,118,361,29,"861894787667","AWS_PROD_NUPF - 861894787667","i-0dca68d2b80b6aeed","ap-northeast-2","AWS Seoul",
"nuprodapne2-shoz-service-node-v2","EC2 Instance","aws",0,3,1,0,0,2,118,361,29,"861894787667","AWS_PROD_NUPF - 861894787667","i-04b13d7652a4f6e68","ap-northeast-2","AWS Seoul",
"nuprodapne2-shoz-service-node-v2","EC2 Instance","aws",0,3,1,0,0,2,118,361,29,"861894787667","AWS_PROD_NUPF - 861894787667","i-062fc72843ffe5d34","ap-northeast-2","AWS Seoul",
"nuprodapne2-shoz-service-node-v2","EC2 Instance","aws",0,3,1,0,0,2,118,361,29,"861894787667","AWS_PROD_NUPF - 861894787667","i-0b3333635c56951e4","ap-northeast-2","AWS Seoul",
"nuprodapne2-shoz-service-node-v2","EC2 Instance","aws",0,3,1,0,0,2,118,361,29,"861894787667","AWS_PROD_NUPF - 861894787667","i-0f31f9c3d3a44746a","ap-northeast-2","AWS Seoul",
"nuprodapne2-shoz-service-node-v2","EC2 Instance","aws",0,3,1,0,0,2,118,361,29,"861894787667","AWS_PROD_NUPF - 861894787667","i-061915df058ede631","ap-northeast-2","AWS Seoul",
"nuprodapne2-shoz-service-node-v2","EC2 Instance","aws",0,3,1,0,0,2,118,361,29,"861894787667","AWS_PROD_NUPF - 861894787667","i-0c66967df207683ae","ap-northeast-2","AWS Seoul",
"nuprodapne2-shoz-service-node-v2","EC2 Instance","aws",0,3,1,0,0,2,118,361,29,"861894787667","AWS_PROD_NUPF - 861894787667","i-0eb4e178ec0c2b7d8","ap-northeast-2","AWS Seoul",
"nuprodapne2-shoz-service-node-v2","EC2 Instance","aws",0,3,1,0,0,2,118,361,29,"861894787667","AWS_PROD_NUPF - 861894787667","i-048c1f3880dbff0ff","ap-northeast-2","AWS Seoul",
"nuprodapne2-shoz-service-node-v2","EC2 Instance","aws",0,3,1,0,0,2,118,361,29,"861894787667","AWS_PROD_NUPF - 861894787667","i-00715049b98c6dd08","ap-northeast-2","AWS Seoul",
"nuprodapne2-shoz-service-node-v2","EC2 Instance","aws",0,3,1,0,0,2,118,361,29,"861894787667","AWS_PROD_NUPF - 861894787667","i-0c4d32c3403b12387","ap-northeast-2","AWS Seoul",
"nuprodapne2-shoz-service-node-v2","EC2 Instance","aws",0,3,1,0,0,2,118,361,29,"861894787667","AWS_PROD_NUPF - 861894787667","i-0434f1c2c1a59e26e","ap-northeast-2","AWS Seoul",
"nuprodapne2-shoz-service-node-v2","EC2 Instance","aws",0,3,1,0,0,2,118,361,29,"861894787667","AWS_PROD_NUPF - 861894787667","i-07315bb59d653204b","ap-northeast-2","AWS Seoul",
"nuprodapne2-shoz-service-node-v2","EC2 Instance","aws",0,3,1,0,0,2,118,361,29,"861894787667","AWS_PROD_NUPF - 861894787667","i-08fb27beb2bb79287","ap-northeast-2","AWS Seoul",
"nuprodapne2-shoz-service-node-v2","EC2 Instance","aws",0,3,1,0,0,2,118,361,29,"861894787667","AWS_PROD_NUPF - 861894787667","i-0faef319ffc55854c","ap-northeast-2","AWS Seoul",
"nuprodapne2-shoz-service-node-v2","EC2 Instance","aws",0,3,1,0,0,2,118,361,29,"861894787667","AWS_PROD_NUPF - 861894787667","i-0d4b3b535e1205879","ap-northeast-2","AWS Seoul",
"nuprodapne2-shoz-service-node-v2","EC2 Instance","aws",0,3,1,0,0,2,118,361,29,"861894787667","AWS_PROD_NUPF - 861894787667","i-0840ad0ac71dee8a2","ap-northeast-2","AWS Seoul",
"nuprodapne2-shoz-service-node-v2","EC2 Instance","aws",0,3,1,0,0,2,118,361,29,"861894787667","AWS_PROD_NUPF - 861894787667","i-0148604eb57a5fef4","ap-northeast-2","AWS Seoul",
"nuprodapne2-shoz-service-node-v2","EC2 Instance","aws",0,3,1,0,0,2,118,361,29,"861894787667","AWS_PROD_NUPF - 861894787667","i-09c67dfaf9c7b9826","ap-northeast-2","AWS Seoul",
"nuprodapne2-shoz-service-node-v2","EC2 Instance","aws",0,3,1,0,0,2,118,361,29,"861894787667","AWS_PROD_NUPF - 861894787667","i-0e227358707439071","ap-northeast-2","AWS Seoul",
"nuprodapne2-shoz-service-node-v2","EC2 Instance","aws",0,3,1,0,0,2,118,361,29,"861894787667","AWS_PROD_NUPF - 861894787667","i-0967453219a62d56c","ap-northeast-2","AWS Seoul",
"nuprodapne2-shoz-service-node-v2","EC2 Instance","aws",0,3,1,0,0,2,118,361,29,"861894787667","AWS_PROD_NUPF - 861894787667","i-07f392f8f21f66c6e","ap-northeast-2","AWS Seoul",
"nuprodapne2-shoz-ondemand-karpenter","EC2 Instance","aws",0,3,1,0,0,2,118,361,29,"861894787667","AWS_PROD_NUPF - 861894787667","i-0757abc18b5ec75da","ap-northeast-2","AWS Seoul",
"nuprodapne2-shoz-service-node-v2","EC2 Instance","aws",0,3,1,0,0,2,118,361,29,"861894787667","AWS_PROD_NUPF - 861894787667","i-0f206acfa4ea851be","ap-northeast-2","AWS Seoul",
"nuprodapne2-shoz-ondemand-karpenter","EC2 Instance","aws",0,3,1,0,0,2,118,361,29,"861894787667","AWS_PROD_NUPF - 861894787667","i-05dd6f3725fd5b304","ap-northeast-2","AWS Seoul",
"nuprodapne2-shoz-service-node-v2","EC2 Instance","aws",0,3,1,0,0,2,118,361,29,"861894787667","AWS_PROD_NUPF - 861894787667","i-0cfce0f160f917a53","ap-northeast-2","AWS Seoul",
"nuprodapne2-shoz-service-node-v2","EC2 Instance","aws",0,3,1,0,0,2,118,361,29,"861894787667","AWS_PROD_NUPF - 861894787667","i-05d0149df0a458bc6","ap-northeast-2","AWS Seoul",
"nuprodapne2-shoz-service-node-v2","EC2 Instance","aws",0,3,1,0,0,2,118,361,29,"861894787667","AWS_PROD_NUPF - 861894787667","i-01586f884a6a048a7","ap-northeast-2","AWS Seoul",
"nuprodapne2-shoz-service-node-v2","EC2 Instance","aws",0,3,1,0,0,2,118,361,29,"861894787667","AWS_PROD_NUPF - 861894787667","i-010f464017ae7dc6d","ap-northeast-2","AWS Seoul",
"i-0f80a719c51574aa0","EC2 Instance","aws",0,3,1,0,0,1,55,92,15,"590184057287","aws-itmod-releng - 590184057287","i-0f80a719c51574aa0","ap-northeast-2","AWS Seoul",
"nueduapne2-phro-spot-karpenter","EC2 Instance","aws",0,3,1,0,0,0,44,67,12,"889408676498","AWS_EDU_NUPF - 889408676498","i-0fb374fef57664648","ap-northeast-2","AWS Seoul",
"nueduapne2-phro-spot-karpenter","EC2 Instance","aws",0,3,1,0,0,0,44,67,12,"889408676498","AWS_EDU_NUPF - 889408676498","i-0fcdd526597c5252a","ap-northeast-2","AWS Seoul",
"nueduapne2-phro-spot-karpenter","EC2 Instance","aws",0,3,1,0,0,0,44,67,12,"889408676498","AWS_EDU_NUPF - 889408676498","i-0393745e966f761d4","ap-northeast-2","AWS Seoul",
"i-06c987aa344b5b005","EC2 Instance","aws",0,3,1,0,0,1,51,59,10,"590184057287","aws-itmod-releng - 590184057287","i-06c987aa344b5b005","ap-northeast-2","AWS Seoul",
"nueduapne2-phro-spot-karpenter","EC2 Instance","aws",0,3,1,0,0,0,44,67,12,"889408676498","AWS_EDU_NUPF - 889408676498","i-02420dcc4e415f0f7","ap-northeast-2","AWS Seoul",
"nueduapne2-phro-spot-karpenter","EC2 Instance","aws",0,3,1,0,0,0,44,67,12,"889408676498","AWS_EDU_NUPF - 889408676498","i-0eb747b2eb4484d9b","ap-northeast-2","AWS Seoul",
"nueduapne2-phro-spot-karpenter","EC2 Instance","aws",0,3,1,0,0,0,44,67,12,"889408676498","AWS_EDU_NUPF - 889408676498","i-0cab19f361c6c1a60","ap-northeast-2","AWS Seoul",
"cmsharedapne2-pzsq-spot-karpenter","EC2 Instance","aws",0,3,1,0,0,1,35,53,11,"532244111777","AWS_CM_SHARE - 532244111777","i-07d84cb493f76463d","ap-northeast-2","AWS Seoul",
"teumadminapi-teumd_apnortheast2-v276","EC2 Instance","aws",0,3,1,0,0,9,413,1471,59,"519057813841","Flagship_app_dev - 519057813841","i-09b7c5b7fe6365e3a","ap-northeast-2","AWS Seoul",
"teumadminapi-teums_apnortheast2-v050","EC2 Instance","aws",0,3,1,0,0,9,413,1471,59,"519057813841","Flagship_app_dev - 519057813841","i-0ee1a3a80d2a4aa36","ap-northeast-2","AWS Seoul",
"eks-if-test-eagw-eksng-if-test-eagw1-Node","EC2 Instance","aws",0,3,1,0,0,10,251,785,62,"592927650777","AWS_QA_EAGW - 592927650777","i-04d4673da90eb981a","ap-northeast-2","AWS Seoul",
"eks-if-test-eagw-eksng-if-test-eagw1-Node","EC2 Instance","aws",0,3,1,0,0,10,251,785,62,"592927650777","AWS_QA_EAGW - 592927650777","i-086e3d6a877b2a945","ap-northeast-2","AWS Seoul",
"PRD-RCS-EKS-NODE-SUB-v1.30","EC2 Instance","aws",0,3,1,0,0,1,72,180,15,"749191198107","aws-prd-rcs - 749191198107","i-0a9f8f651cb48a50f","ap-northeast-2","AWS Seoul",
"PRD-RCS-EKS-NODE-SUB-v1.30","EC2 Instance","aws",0,3,1,0,0,4,88,208,19,"749191198107","aws-prd-rcs - 749191198107","i-08e9053c0d052de93","ap-northeast-2","AWS Seoul",
"teumv1api-teums_apnortheast2-v053","EC2 Instance","aws",0,3,1,0,0,9,413,1468,57,"519057813841","Flagship_app_dev - 519057813841","i-0e785e1bce2e2a310","ap-northeast-2","AWS Seoul",
"teumv1api-teumd_apnortheast2-v234","EC2 Instance","aws",0,3,1,0,0,9,413,1468,57,"519057813841","Flagship_app_dev - 519057813841","i-08c40a958893d8e22","ap-northeast-2","AWS Seoul",
"watermark-poc-241017","EC2 Instance","aws",0,2,2,0,0,0,0,0,0,"549518468778","Secure-zone - 549518468778","i-0c25485e76e955359","ap-northeast-2","AWS Seoul",
"uplus-cue-rabbitmq-prod-1","EC2 Instance","aws",1,2,1,0,0,0,0,0,0,"771097826720","anypointmedia - uplus - 771097826720","i-0f5933d768f96e1a3","ap-northeast-2","AWS Seoul",
"uplus-flower-campaign-simulator-prod","EC2 Instance","aws",1,2,1,0,0,0,0,0,0,"771097826720","anypointmedia - uplus - 771097826720","i-06061929e6b0094fd","ap-northeast-2","AWS Seoul",
"uplus-epgms-backend-prod","EC2 Instance","aws",1,2,1,0,0,0,0,0,0,"771097826720","anypointmedia - uplus - 771097826720","i-0f411e5793d77debe","ap-northeast-2","AWS Seoul",
"uplus-logstash-v2","EC2 Instance","aws",1,2,1,0,0,0,0,0,0,"771097826720","anypointmedia - uplus - 771097826720","i-09dbe0f9aa741aea4","ap-northeast-2","AWS Seoul",
"uplus-stats-extad-prod","EC2 Instance","aws",1,2,1,0,0,0,0,0,0,"771097826720","anypointmedia - uplus - 771097826720","i-032c877f209d9d735","ap-northeast-2","AWS Seoul",
"uplus-device-updater-prod-3rd","EC2 Instance","aws",1,2,1,0,0,0,0,0,0,"771097826720","anypointmedia - uplus - 771097826720","i-02679c27adbfa2dbb","ap-northeast-2","AWS Seoul",
"druid-data","EC2 Instance","aws",0,3,1,0,0,68,251,330,32,"771097826720","anypointmedia - uplus - 771097826720","i-0ef092644b75a56f9","ap-northeast-2","AWS Seoul",
"uplus-cue-rabbitmq-prod-2","EC2 Instance","aws",1,2,1,0,0,0,0,0,0,"771097826720","anypointmedia - uplus - 771097826720","i-0992aa53b6d0fda18","ap-northeast-2","AWS Seoul",
"druid-data","EC2 Instance","aws",0,3,1,0,0,68,251,330,32,"771097826720","anypointmedia - uplus - 771097826720","i-0010b8b632cc9ffca","ap-northeast-2","AWS Seoul",
"prod-uplus-nifi","EC2 Instance","aws",0,2,1,0,1,0,0,0,0,"771097826720","anypointmedia - uplus - 771097826720","i-04c2433752cb023eb","ap-northeast-2","AWS Seoul",
"uplus-dmp-seg-deploy-app-prod-v2","EC2 Instance","aws",1,2,1,0,0,0,0,0,0,"771097826720","anypointmedia - uplus - 771097826720","i-09b092a0e5a05fbbf","ap-northeast-2","AWS Seoul",
"druid-query","EC2 Instance","aws",0,3,1,0,0,68,251,330,32,"771097826720","anypointmedia - uplus - 771097826720","i-05371d5c6fb5fc92d","ap-northeast-2","AWS Seoul",
"uplus-logstash-v2","EC2 Instance","aws",1,2,1,0,0,0,0,0,0,"771097826720","anypointmedia - uplus - 771097826720","i-02b7ee00b974f143c","ap-northeast-2","AWS Seoul",
"art-device-updater-prod","EC2 Instance","aws",1,2,1,0,0,0,0,0,0,"771097826720","anypointmedia - uplus - 771097826720","i-08ba99f2c0112fccf","ap-northeast-2","AWS Seoul",
"uplus-open-api-prod","EC2 Instance","aws",1,2,1,0,0,0,0,0,0,"771097826720","anypointmedia - uplus - 771097826720","i-08937fe5b634595f2","ap-northeast-2","AWS Seoul",
"uplus-stats-device-state-prod-v2","EC2 Instance","aws",1,2,1,0,0,0,0,0,0,"771097826720","anypointmedia - uplus - 771097826720","i-0be15729c3f9908a8","ap-northeast-2","AWS Seoul",
"uplus-cloud-config","EC2 Instance","aws",0,3,1,0,0,16,190,479,29,"771097826720","anypointmedia - uplus - 771097826720","i-0e06e3e8c7d550ea5","ap-northeast-2","AWS Seoul",
"uplus-cloud-config","EC2 Instance","aws",0,3,1,0,0,16,190,479,29,"771097826720","anypointmedia - uplus - 771097826720","i-0e42138939fce27a3","ap-northeast-2","AWS Seoul",
"druid-master","EC2 Instance","aws",0,3,1,0,0,68,251,330,32,"771097826720","anypointmedia - uplus - 771097826720","i-09949c82de627c5f3","ap-northeast-2","AWS Seoul",
"uplus-ext-api-app-prod-g","EC2 Instance","aws",1,2,1,0,0,0,0,0,0,"771097826720","anypointmedia - uplus - 771097826720","i-03053b774c84953d6","ap-northeast-2","AWS Seoul",
"uplus-device-updater-prod-3rd","EC2 Instance","aws",1,2,1,0,0,0,0,0,0,"771097826720","anypointmedia - uplus - 771097826720","i-00b4ff887360ef064","ap-northeast-2","AWS Seoul",
"uplus-logstash-v2","EC2 Instance","aws",1,2,1,0,0,0,0,0,0,"771097826720","anypointmedia - uplus - 771097826720","i-0e9ab245741f024b0","ap-northeast-2","AWS Seoul",
"art-device-updater-prod","EC2 Instance","aws",1,2,1,0,0,0,0,0,0,"771097826720","anypointmedia - uplus - 771097826720","i-0192b0277e7fd5edd","ap-northeast-2","AWS Seoul",
"ec2-dev-fbev-rds","EC2 Instance","aws",0,2,1,0,1,0,8,32,7,"195275648674","aws-feedback-sredev - 195275648674","i-0864f13ef99d4b072","ap-northeast-2","AWS Seoul",
"hfit_Bastion","EC2 Instance","aws",0,3,1,0,0,1,269,975,91,"759727668558","onnetsolution - 759727668558","i-0afd3c1cf476fd8c4","ap-northeast-2","AWS Seoul",
"sscare-free2_Bastion","EC2 Instance","aws",0,3,1,0,0,1,273,980,91,"759727668558","onnetsolution - 759727668558","i-06a9dbe02b9cd0edf","ap-northeast-2","AWS Seoul",
"teleport/vault","EC2 Instance","aws",3,1,0,0,0,5,157,473,36,"945142638813","UCMP-Root - 945142638813","i-076d7b74cca8b7477","ap-northeast-2","AWS Seoul",
"dev-ifn-com-network-ngfw-vpn","EC2 Instance","aws",0,2,1,0,1,0,0,0,0,"292684119330","ifn-com-network - 292684119330","i-0576bd0fe748c1d7d","ap-northeast-2","AWS Seoul",
"prd-ifn-com-network-ngfw-vpn","EC2 Instance","aws",0,2,1,0,1,0,0,0,0,"292684119330","ifn-com-network - 292684119330","i-004076057ffd12e02","ap-northeast-2","AWS Seoul",
"PRD-RCS-EKS-NODE-MAIN-v1.30","EC2 Instance","aws",0,3,1,0,0,1,72,180,15,"749191198107","aws-prd-rcs - 749191198107","i-0011c57291dca7946","ap-northeast-2","AWS Seoul",
"ec2-prod-LoadGenerator-0","EC2 Instance","aws",0,3,1,0,0,191,1888,688,41,"140441624596","serviceqa - 140441624596","i-0aafb3bf0e6899b0f","ap-northeast-2","AWS Seoul",
"ec2-prod-LoadController-0","EC2 Instance","aws",0,3,1,0,0,130,898,385,19,"140441624596","serviceqa - 140441624596","i-0d8b452bae140f0fa","ap-northeast-2","AWS Seoul",
"ec2-prod-ares-scheduler87-az2c","EC2 Instance","aws",0,3,1,0,0,26,820,1662,184,"454916155748","lgukidsland - 454916155748","i-0ffdb7c80b2c90f3c","ap-northeast-2","AWS Seoul",
"cmshareapne2-fiio-ondemand","EC2 Instance","aws",0,3,1,0,0,0,44,67,12,"532244111777","AWS_CM_SHARE - 532244111777","i-05c42cf9082745c58","ap-northeast-2","AWS Seoul",
"terraform-test","EC2 Instance","aws",0,3,1,0,0,13,133,254,23,"549518468778","Secure-zone - 549518468778","i-02814db0f6ecaeb3e","ap-northeast-2","AWS Seoul",
"cmshareapne2-fiio-ondemand-karpenter","EC2 Instance","aws",0,3,1,0,0,0,49,74,13,"532244111777","AWS_CM_SHARE - 532244111777","i-0de56a35fb05ef3f7","ap-northeast-2","AWS Seoul",
"ec2-prod-LoadGenerator-3","EC2 Instance","aws",0,3,1,0,0,191,1889,688,41,"140441624596","serviceqa - 140441624596","i-0de3df72e0dea2dfd","ap-northeast-2","AWS Seoul",
"ec2-prod-LoadGenerator-1","EC2 Instance","aws",0,3,1,0,0,191,1888,688,41,"140441624596","serviceqa - 140441624596","i-0963bcc8bb20a0831","ap-northeast-2","AWS Seoul",
"ec2-prod-LoadController-3","EC2 Instance","aws",0,3,1,0,0,164,1617,621,38,"140441624596","serviceqa - 140441624596","i-07ab6ba1a5c4ce85f","ap-northeast-2","AWS Seoul",
"sengmin","EC2 Instance","aws",0,3,1,0,0,83,505,1322,85,"549518468778","Secure-zone - 549518468778","i-0885e8675449239cf","ap-northeast-2","AWS Seoul",
"ec2-prod-LoadController-1","EC2 Instance","aws",0,3,1,0,0,176,1393,547,30,"140441624596","serviceqa - 140441624596","i-08f04e6a5bb19b6dd","ap-northeast-2","AWS Seoul",
"ec2-az2a-luiot-dev3-hbase7","EC2 Instance","aws",0,3,1,0,0,18,516,921,475,"011143606116","svcalliance1 - 011143606116","i-099cc245e0cd5cc00","ap-northeast-2","AWS Seoul",
"ec2-az2a-luiot-dev3-hbase3","EC2 Instance","aws",0,3,1,0,0,50,551,982,564,"011143606116","svcalliance1 - 011143606116","i-08b07ffb3e546276a","ap-northeast-2","AWS Seoul",
"ec2-az2a-luiot-dev3-hbase5","EC2 Instance","aws",0,3,1,0,0,19,523,928,475,"011143606116","svcalliance1 - 011143606116","i-0b46d6bd16011de20","ap-northeast-2","AWS Seoul",
"ec2-az2a-luiot-dev3-hbase2","EC2 Instance","aws",0,3,1,0,0,76,457,857,536,"011143606116","svcalliance1 - 011143606116","i-0725f1501d3c6d299","ap-northeast-2","AWS Seoul",
"ec2-az2a-luiot-dev3-hbase4","EC2 Instance","aws",0,3,1,0,0,18,516,921,475,"011143606116","svcalliance1 - 011143606116","i-01ec3cb2b5a34048c","ap-northeast-2","AWS Seoul",
"ec2-az2a-luiot-dev3-hbase6","EC2 Instance","aws",0,3,1,0,0,18,516,921,475,"011143606116","svcalliance1 - 011143606116","i-0e212ca5c2821c9f2","ap-northeast-2","AWS Seoul",
"ec2-az2a-luiot-dev3-hbase1","EC2 Instance","aws",0,3,1,0,0,94,520,1047,651,"011143606116","svcalliance1 - 011143606116","i-0a20f291eb8f9e247","ap-northeast-2","AWS Seoul",
"eks-aidt-dev-service-ng","EC2 Instance","aws",0,3,1,0,0,4,113,332,19,"195275648244","aws-dev-aiplatform - 195275648244","i-018a3dd4abda2dc3c","ap-northeast-2","AWS Seoul",
"eks-aidt-dev-service-ng","EC2 Instance","aws",0,3,1,0,0,4,113,332,19,"195275648244","aws-dev-aiplatform - 195275648244","i-099e005293bf2992f","ap-northeast-2","AWS Seoul",
"eks-aidt-dev-inference-ng","EC2 Instance","aws",0,3,1,0,0,4,109,325,18,"195275648244","aws-dev-aiplatform - 195275648244","i-00b091fc92ed6680e","ap-northeast-2","AWS Seoul",
"eks-aidt-dev-service-ng","EC2 Instance","aws",0,3,1,0,0,4,113,332,19,"195275648244","aws-dev-aiplatform - 195275648244","i-0c60f2a4a089862ad","ap-northeast-2","AWS Seoul",
"eks-aidt-dev-service-ng","EC2 Instance","aws",0,3,1,0,0,4,113,332,19,"195275648244","aws-dev-aiplatform - 195275648244","i-0e5b8777a2849edbc","ap-northeast-2","AWS Seoul",
"eks-aidt-dev-service-ng","EC2 Instance","aws",0,3,1,0,0,3,106,322,18,"195275648244","aws-dev-aiplatform - 195275648244","i-00a3f023d0b9cf131","ap-northeast-2","AWS Seoul",
"eks-aidt-dev-inference-ng","EC2 Instance","aws",0,3,1,0,0,4,109,325,18,"195275648244","aws-dev-aiplatform - 195275648244","i-0d366e95399810987","ap-northeast-2","AWS Seoul",
"eks-aidt-dev-inference-ng","EC2 Instance","aws",0,3,1,0,0,4,109,325,18,"195275648244","aws-dev-aiplatform - 195275648244","i-02c685d2e017364fc","ap-northeast-2","AWS Seoul",
"eks-aidt-dev-service-ng","EC2 Instance","aws",0,3,1,0,0,4,113,332,19,"195275648244","aws-dev-aiplatform - 195275648244","i-0578fb7f2e02046fc","ap-northeast-2","AWS Seoul",
"PRD-RCS-EKS-NODE-MAIN-v1.30","EC2 Instance","aws",0,3,1,0,0,1,72,180,15,"749191198107","aws-prd-rcs - 749191198107","i-0bda7b3842b9b269a","ap-northeast-2","AWS Seoul",
"PRD-RCS-EKS-NODE-MAIN-v1.30","EC2 Instance","aws",0,3,1,0,0,1,72,180,15,"749191198107","aws-prd-rcs - 749191198107","i-069a2eff91c4eb57e","ap-northeast-2","AWS Seoul",
"PRD-RCS-EKS-NODE-MAIN-v1.30","EC2 Instance","aws",0,3,1,0,0,1,72,180,15,"749191198107","aws-prd-rcs - 749191198107","i-06ec02db353119e83","ap-northeast-2","AWS Seoul",
"eks-aidt-dev-inference-ng","EC2 Instance","aws",0,3,1,0,0,4,109,325,18,"195275648244","aws-dev-aiplatform - 195275648244","i-015115e71a3cb891e","ap-northeast-2","AWS Seoul",
"eks-aidt-dev-inference-ng","EC2 Instance","aws",0,3,1,0,0,4,109,325,18,"195275648244","aws-dev-aiplatform - 195275648244","i-0f68537fdb9fe5b0e","ap-northeast-2","AWS Seoul",
"PRD-RCS-EKS-NODE-MAIN-v1.30","EC2 Instance","aws",0,3,1,0,0,1,72,180,15,"749191198107","aws-prd-rcs - 749191198107","i-03cc4ade46ac2efee","ap-northeast-2","AWS Seoul",
"STG-RCS-MAAP-BAS-PRI-A","EC2 Instance","aws",0,3,1,0,0,150,1344,1537,224,"493710722196","rcs-mapp@lguplus - 493710722196","i-0b5106a69812dcdda","ap-northeast-2","AWS Seoul",
"i-0a6a84981f01d3549","EC2 Instance","aws",0,3,1,0,0,1,55,92,15,"590184057287","aws-itmod-releng - 590184057287","i-0a6a84981f01d3549","ap-northeast-2","AWS Seoul",
"i-05c5ab39da17bbd5a","EC2 Instance","aws",0,3,1,0,0,3,152,399,23,"654654268643","aws-prd-ucrm - 654654268643","i-05c5ab39da17bbd5a","ap-northeast-2","AWS Seoul",
"i-074090bc15559a682","EC2 Instance","aws",0,3,1,0,0,3,152,399,23,"654654268643","aws-prd-ucrm - 654654268643","i-074090bc15559a682","ap-northeast-2","AWS Seoul",
"transithub-netxd_apnortheast2-v089","EC2 Instance","aws",0,3,1,0,0,1,382,1425,57,"506954789174","dax-network - 506954789174","i-00d5da9c8727605e8","ap-northeast-2","AWS Seoul",
"transithub-netxd_apnortheast2-v089","EC2 Instance","aws",0,3,1,0,0,1,382,1425,57,"506954789174","dax-network - 506954789174","i-0ee51b96e671cf318","ap-northeast-2","AWS Seoul",
"ec2-prd-smaple-AD-mgmt","EC2 Instance","aws",0,3,1,0,0,0,22,17,0,"213374172630","Plant_Factory_PoC_2020 - 213374172630","i-06a11b19bc6ec40ff","ap-northeast-2","AWS Seoul",
"test-ubuntu-secips","EC2 Instance","aws",0,3,1,0,0,2,38,972,57,"932507484725","aws-AICC-bmt - 932507484725","i-0e30e3bd3cd55e776","ap-northeast-2","AWS Seoul",
"ec2-prod-LoadController-2","EC2 Instance","aws",0,3,1,0,0,174,1664,668,43,"140441624596","serviceqa - 140441624596","i-0b6f38aaa7d325c9d","ap-northeast-2","AWS Seoul",
"ec2-prod-LoadGenerator-2","EC2 Instance","aws",0,3,1,0,0,191,1888,688,41,"140441624596","serviceqa - 140441624596","i-0fd30188791ffacc4","ap-northeast-2","AWS Seoul",
"ec2-iptvsif-iptvottprod-searchif-onprem-proxy-2c","EC2 Instance","aws",3,1,0,0,0,15,91,141,30,"971216839324","IPTV_OTT_SEARCH_prod - 971216839324","i-0f9a5087bd09b1f73","ap-northeast-2","AWS Seoul",
"eks-iptvsif-iptvottprod-bastion","EC2 Instance","aws",0,3,1,0,0,46,748,1569,207,"971216839324","IPTV_OTT_SEARCH_prod - 971216839324","i-0be3ef289324fb20b","ap-northeast-2","AWS Seoul",
"ec2-iptvsif-iptvottprod-searchif-onprem-proxy-2a","EC2 Instance","aws",2,1,0,0,1,15,91,141,30,"971216839324","IPTV_OTT_SEARCH_prod - 971216839324","i-00bfebba36194e622","ap-northeast-2","AWS Seoul",
"i-05c841377e8c752dd","EC2 Instance","aws",0,3,1,0,0,3,62,100,17,"590184057287","aws-itmod-releng - 590184057287","i-05c841377e8c752dd","ap-northeast-2","AWS Seoul",
"PRD-RCS-EKS-NODE-MAIN-v1.30","EC2 Instance","aws",0,3,1,0,0,1,72,180,15,"749191198107","aws-prd-rcs - 749191198107","i-09f7e6bc46bc51cfe","ap-northeast-2","AWS Seoul",
"i-0988d9f6ff1568ab2","EC2 Instance","aws",0,3,1,0,0,2,95,191,16,"767397901718","aws-nsd-dev - 767397901718","i-0988d9f6ff1568ab2","ap-northeast-2","AWS Seoul",
"test-ubuntu-userdata","EC2 Instance","aws",0,3,1,0,0,2,38,981,57,"932507484725","aws-AICC-bmt - 932507484725","i-0d2e089550364791f","ap-northeast-2","AWS Seoul",
"PRD-RCS-MAAP-EKS-1-30-NODE-30-PRD-RCS-MAAP-MQ-07","EC2 Instance","aws",0,3,1,0,0,4,96,72,7,"158060049443","RCSMaaP_PRD - 158060049443","i-06a1cadc635ae2955","ap-northeast-2","AWS Seoul",
"PRD-RCS-MAAP-EKS-1-30-NODE-30-PRD-RCS-MAAP-A2P-07","EC2 Instance","aws",0,3,1,0,0,5,153,397,22,"158060049443","RCSMaaP_PRD - 158060049443","i-06d6669e95eed10d6","ap-northeast-2","AWS Seoul",
"PRD-RCS-MAAP-EKS-1-30-NODE-30-PRD-RCS-MAAP-MQ-07","EC2 Instance","aws",0,3,1,0,0,4,96,72,7,"158060049443","RCSMaaP_PRD - 158060049443","i-0dc3153ba07ad49e3","ap-northeast-2","AWS Seoul",
"PRD-RCS-MAAP-EKS-1-30-NODE-30-PRD-RCS-MAAP-A2P-07","EC2 Instance","aws",0,3,1,0,0,5,153,397,22,"158060049443","RCSMaaP_PRD - 158060049443","i-09b0660870850692c","ap-northeast-2","AWS Seoul",
"i-03ad2addfb0b1f268","EC2 Instance","aws",0,3,1,0,0,1,51,59,10,"590184057287","aws-itmod-releng - 590184057287","i-03ad2addfb0b1f268","ap-northeast-2","AWS Seoul",
"rapaoe-aoe","EC2 Instance","aws",0,3,1,0,0,29,205,413,715,"932507484725","aws-AICC-bmt - 932507484725","i-0ddba71af276505bb","ap-northeast-2","AWS Seoul",
"ELECTION","EC2 Instance","aws",3,1,0,0,0,4,33,22,6,"419420945181","aws-stgdev-msghub - 419420945181","i-054384f5ab49c046f","ap-northeast-2","AWS Seoul",
"eks-node-prod-mobvas","EC2 Instance","aws",0,3,1,0,0,8,171,530,31,"265556339801","aws-prd-mobvas - 265556339801","i-06049f95d92c62b14","ap-northeast-2","AWS Seoul",
"styx-data-transition-ec2","EC2 Instance","aws",0,3,1,0,0,26,181,489,153,"413372654015","daxclean - 413372654015","i-04bf5273efae50bc0","ap-northeast-2","AWS Seoul",
"i-057688f7deef61ccc","EC2 Instance","aws",0,3,1,0,0,2,72,174,15,"932507484725","aws-AICC-bmt - 932507484725","i-057688f7deef61ccc","ap-northeast-2","AWS Seoul",
"jenkins-releng_apnortheast2-v000","EC2 Instance","aws",0,3,1,0,0,11,284,860,43,"560580250579","svcprotoreleng - 560580250579","i-07191096dc1bc570b","ap-northeast-2","AWS Seoul",
"jenkins-relengd_apnortheast2-v000","EC2 Instance","aws",0,3,1,0,0,11,284,860,43,"560580250579","svcprotoreleng - 560580250579","i-06d9b642f9e9d3fe6","ap-northeast-2","AWS Seoul",
"sharkvary-private-dev","EC2 Instance","aws",0,3,1,0,0,7,78,1048,92,"590183678280","aws-dev-ugpt - 590183678280","i-08b3e1b907dd2eb16","ap-northeast-2","AWS Seoul",
"i-0a7c5844cc8afc3d8","EC2 Instance","aws",0,3,1,0,0,2,72,174,15,"932507484725","aws-AICC-bmt - 932507484725","i-0a7c5844cc8afc3d8","ap-northeast-2","AWS Seoul",
"i-0c3aad8c1c075d04c","EC2 Instance","aws",0,3,1,0,0,1,51,59,10,"590184057287","aws-itmod-releng - 590184057287","i-0c3aad8c1c075d04c","ap-northeast-2","AWS Seoul",
"transithub-netx_apnortheast2-v033","EC2 Instance","aws",0,3,1,0,0,1,396,1445,58,"506954789174","dax-network - 506954789174","i-0f5b2c21cb503ae66","ap-northeast-2","AWS Seoul",
"avaya-ams","EC2 Instance","aws",0,3,1,0,0,13,46,299,654,"932507484725","aws-AICC-bmt - 932507484725","i-0f48b7b4ec6a58e40","ap-northeast-2","AWS Seoul",
"diquest-nlp","EC2 Instance","aws",0,3,1,0,0,61,190,458,661,"932507484725","aws-AICC-bmt - 932507484725","i-0e7ffa1aadb763f77","ap-northeast-2","AWS Seoul",
"dbic-rec","EC2 Instance","aws",0,3,1,0,0,33,92,324,642,"932507484725","aws-AICC-bmt - 932507484725","i-0dc51486b627527ad","ap-northeast-2","AWS Seoul",
"avaya-sm","EC2 Instance","aws",0,3,1,0,0,9,120,403,677,"932507484725","aws-AICC-bmt - 932507484725","i-06677bf33e5b2dca3","ap-northeast-2","AWS Seoul",
"avaya-aes","EC2 Instance","aws",0,3,1,0,0,15,79,343,706,"932507484725","aws-AICC-bmt - 932507484725","i-04eff8a182619aff8","ap-northeast-2","AWS Seoul",
"ecs-cti","EC2 Instance","aws",0,3,1,0,0,13,86,1951,1228,"932507484725","aws-AICC-bmt - 932507484725","i-05224732f8a6ee5f7","ap-northeast-2","AWS Seoul",
"teumv3api-teums_apnortheast2-v013","EC2 Instance","aws",0,3,1,0,0,9,427,1486,58,"519057813841","Flagship_app_dev - 519057813841","i-0ea8d6f3dcfe02d26","ap-northeast-2","AWS Seoul",
"ec2-dev-cIcc-ivr-was-01","EC2 Instance","aws",0,3,1,0,0,95,370,902,74,"773872345005","awsdevclcc - 773872345005","i-0e4fba5ffb32eb4f9","ap-northeast-2","AWS Seoul",
"teumv3api-teumd_apnortheast2-v114","EC2 Instance","aws",0,3,1,0,0,9,427,1486,58,"519057813841","Flagship_app_dev - 519057813841","i-0e888f398eeaea755","ap-northeast-2","AWS Seoul",
"i-00e70f95cf09b1a26","EC2 Instance","aws",0,3,1,0,0,2,72,174,15,"932507484725","aws-AICC-bmt - 932507484725","i-00e70f95cf09b1a26","ap-northeast-2","AWS Seoul",
"i-0a83d53d0e0f5cac6","EC2 Instance","aws",0,3,1,0,0,2,72,174,15,"932507484725","aws-AICC-bmt - 932507484725","i-0a83d53d0e0f5cac6","ap-northeast-2","AWS Seoul",
"eks-violet-prd-service-ixisolution-g4dn-12xlarge-ng","EC2 Instance","aws",0,3,1,0,0,3,64,87,16,"058264436158","aws-prd-violet - 058264436158","i-0c2bd4913aaafbc9a","ap-northeast-2","AWS Seoul",
"eks-violet-prd-service-ixisolution-g4dn-12xlarge-ng","EC2 Instance","aws",0,3,1,0,0,4,71,97,17,"058264436158","aws-prd-violet - 058264436158","i-0ac0c6a387e341274","ap-northeast-2","AWS Seoul",
"PRD-RCS-MAAP-EKS-1-30-NODE-30-PRD-RCS-MAAP-NODE-A2P-SPAM-01","EC2 Instance","aws",0,3,1,0,0,5,153,397,22,"158060049443","RCSMaaP_PRD - 158060049443","i-090db843b662669f1","ap-northeast-2","AWS Seoul",
"PRD-RCS-MAAP-EKS-1-30-NODE-30-PRD-RCS-MAAP-NODE-A2P-SPAM-01","EC2 Instance","aws",0,3,1,0,0,5,153,397,22,"158060049443","RCSMaaP_PRD - 158060049443","i-0c1545fef95e79705","ap-northeast-2","AWS Seoul",
"PRD-RCS-MAAP-EKS-1-30-NODE-30-PRD-RCS-MAAP-MQ-01","EC2 Instance","aws",0,3,1,0,0,5,152,397,22,"158060049443","RCSMaaP_PRD - 158060049443","i-0234a58a8ae9085f2","ap-northeast-2","AWS Seoul",
"PRD-RCS-MAAP-EKS-1-30-NODE-30-PRD-RCS-MAAP-MQ-02","EC2 Instance","aws",0,3,1,0,0,5,152,397,22,"158060049443","RCSMaaP_PRD - 158060049443","i-030e679c5d573ec21","ap-northeast-2","AWS Seoul",
"PRD-RCS-MAAP-EKS-1-30-NODE-30-PRD-RCS-MAAP-MQ-01","EC2 Instance","aws",0,3,1,0,0,5,152,397,22,"158060049443","RCSMaaP_PRD - 158060049443","i-0fe0a74f2c52dc34a","ap-northeast-2","AWS Seoul",
"ec2-iptvsif-iptvottprod-searchif-onprem-proxy","EC2 Instance","aws",2,1,0,0,1,15,91,141,30,"971216839324","IPTV_OTT_SEARCH_prod - 971216839324","i-08159df636022a62f","ap-northeast-2","AWS Seoul",
"eks-if-dev-eagw-eksng-if-dev-eagw1-Node","EC2 Instance","aws",0,3,1,0,0,11,256,794,62,"953155295956","AWS_DEV_EAGW - 953155295956","i-0da0c484c73a0b5ea","ap-northeast-2","AWS Seoul",
"INARA-PRD-WORKLOAD-IMDSV1-MANAGED-V1_31_DSA_X","EC2 Instance","aws",0,3,1,0,0,3,72,176,15,"532975624498","INARA-PROD - 532975624498","i-0fd9d73487f3d8231","ap-northeast-2","AWS Seoul",
"INARA-PRD-WORKLOAD-IMDSV1-MANAGED-V1_31_DSA_X","EC2 Instance","aws",0,3,1,0,0,3,72,176,15,"532975624498","INARA-PROD - 532975624498","i-026ec9f16a8a24704","ap-northeast-2","AWS Seoul",
"ec2-az02-prod-remocon","EC2 Instance","aws",3,1,0,0,0,7,847,2611,175,"881711242767","aws-prd-remoconApp - 881711242767","i-0268933f9f67bd424","ap-northeast-2","AWS Seoul",
"i-06900acb2ff4da215","EC2 Instance","aws",0,3,1,0,0,3,113,389,19,"532244111777","AWS_CM_SHARE - 532244111777","i-06900acb2ff4da215","ap-northeast-2","AWS Seoul",
"cmshareapne2-fiio-ondemand","EC2 Instance","aws",0,3,1,0,0,0,44,67,12,"532244111777","AWS_CM_SHARE - 532244111777","i-04291dae952f81e06","ap-northeast-2","AWS Seoul",
"nusqaapne2-polk-node-v1","EC2 Instance","aws",0,3,1,0,0,2,118,361,29,"800445880799","AWS_SQA_NUPF - 800445880799","i-0dafd3805cd4820ad","ap-northeast-2","AWS Seoul",
"DEV-RCS-MAAP-BAS-PRI-A","EC2 Instance","aws",0,3,1,0,0,43,726,689,124,"493710722196","rcs-mapp@lguplus - 493710722196","i-0d98db6017f5c656a","ap-northeast-2","AWS Seoul",
"selvasai-tts","EC2 Instance","aws",0,3,1,0,0,6,46,981,63,"932507484725","aws-AICC-bmt - 932507484725","i-0ad4cc5d5623cc47d","ap-northeast-2","AWS Seoul",
"rapeech-soe","EC2 Instance","aws",0,3,1,0,0,39,225,456,708,"932507484725","aws-AICC-bmt - 932507484725","i-0013519499f58065f","ap-northeast-2","AWS Seoul",
"bridgetec-swat","EC2 Instance","aws",0,3,1,0,0,26,93,391,696,"932507484725","aws-AICC-bmt - 932507484725","i-07f8117676774e26d","ap-northeast-2","AWS Seoul",
"DEV-RCS-MAAP-EKS-1-30-A2P-01","EC2 Instance","aws",0,3,1,0,0,7,178,395,20,"493710722196","rcs-mapp@lguplus - 493710722196","i-0d71d7cae62db43d3","ap-northeast-2","AWS Seoul",
"DEV-RCS-MAAP-EKS-1-30-MQ-01","EC2 Instance","aws",0,3,1,0,0,5,172,385,20,"493710722196","rcs-mapp@lguplus - 493710722196","i-0b76a13d1d7f1555a","ap-northeast-2","AWS Seoul",
"eks-violet-dev-service-violet-c5-2xlarge-ng","EC2 Instance","aws",0,3,1,0,0,8,52,75,15,"654654486146","aws-dev-violet - 654654486146","i-04616d30255245e29","ap-northeast-2","AWS Seoul",
"eks-violet-dev-service-violet-c5-2xlarge-ng","EC2 Instance","aws",0,3,1,0,0,0,35,50,12,"654654486146","aws-dev-violet - 654654486146","i-0e545eb842f05e1a1","ap-northeast-2","AWS Seoul",
"i-05ddacedc87ec2186","EC2 Instance","aws",0,3,1,0,0,2,95,191,16,"767397901718","aws-nsd-dev - 767397901718","i-05ddacedc87ec2186","ap-northeast-2","AWS Seoul",
"i-0ce6f929d01df3c4e","EC2 Instance","aws",0,3,1,0,0,3,152,399,23,"767397957492","aws-dev-ucrm - 767397957492","i-0ce6f929d01df3c4e","ap-northeast-2","AWS Seoul",
"i-04aae28aaf1b4f181","EC2 Instance","aws",0,3,1,0,0,3,152,399,23,"767397957492","aws-dev-ucrm - 767397957492","i-04aae28aaf1b4f181","ap-northeast-2","AWS Seoul",
"i-04a5e5ccefc62c87d","EC2 Instance","aws",0,3,1,0,0,2,95,191,16,"767397901718","aws-nsd-dev - 767397901718","i-04a5e5ccefc62c87d","ap-northeast-2","AWS Seoul",
"i-05c2215fb9058b8fd","EC2 Instance","aws",0,3,1,0,0,2,95,191,16,"767397901718","aws-nsd-dev - 767397901718","i-05c2215fb9058b8fd","ap-northeast-2","AWS Seoul",
"ec2-az2a-luiot-dev1-hbase3","EC2 Instance","aws",0,3,1,0,0,50,551,982,564,"011143606116","svcalliance1 - 011143606116","i-0db54fc05abe986b7","ap-northeast-2","AWS Seoul",
"ec2-az2a-luiot-dev1-hbase7","EC2 Instance","aws",0,3,1,0,0,18,516,921,475,"011143606116","svcalliance1 - 011143606116","i-015300de5480f0b1a","ap-northeast-2","AWS Seoul",
"ec2-az2a-luiot-dev1-hbase5","EC2 Instance","aws",0,3,1,0,0,18,516,921,475,"011143606116","svcalliance1 - 011143606116","i-06a427ac1e0408c58","ap-northeast-2","AWS Seoul",
"ec2-az2a-luiot-dev1-hbase6","EC2 Instance","aws",0,3,1,0,0,18,518,919,475,"011143606116","svcalliance1 - 011143606116","i-0742091ce29b7470d","ap-northeast-2","AWS Seoul",
"ec2-az2a-luiot-dev1-hbase1","EC2 Instance","aws",0,3,1,0,0,94,520,1047,651,"011143606116","svcalliance1 - 011143606116","i-047bc525a9333ff0d","ap-northeast-2","AWS Seoul",
"ec2-az2a-luiot-dev1-hbase4","EC2 Instance","aws",0,3,1,0,0,18,518,919,475,"011143606116","svcalliance1 - 011143606116","i-0e5c89232f95ad7f0","ap-northeast-2","AWS Seoul",
"ec2-az2a-luiot-dev1-hbase2","EC2 Instance","aws",0,3,1,0,0,76,457,857,536,"011143606116","svcalliance1 - 011143606116","i-0adb0da241046af94","ap-northeast-2","AWS Seoul",
"i-06473146653e434fb","EC2 Instance","aws",0,3,1,0,0,3,113,389,19,"532244111777","AWS_CM_SHARE - 532244111777","i-06473146653e434fb","ap-northeast-2","AWS Seoul",
"i-088114d2c9ead0331","EC2 Instance","aws",0,3,1,0,0,3,119,397,20,"532244111777","AWS_CM_SHARE - 532244111777","i-088114d2c9ead0331","ap-northeast-2","AWS Seoul",
"teumposapi-teumd_apnortheast2-v117","EC2 Instance","aws",0,3,1,0,0,9,447,1506,59,"519057813841","Flagship_app_dev - 519057813841","i-068b2a05f778784f1","ap-northeast-2","AWS Seoul",
"teumschedulerapi-teumd_apnortheast2-v182","EC2 Instance","aws",0,3,1,0,0,11,463,1525,64,"519057813841","Flagship_app_dev - 519057813841","i-0f1ae5e811c00f2c3","ap-northeast-2","AWS Seoul",
"teumschedulerapi-teums_apnortheast2-v070","EC2 Instance","aws",0,3,1,0,0,11,463,1525,64,"519057813841","Flagship_app_dev - 519057813841","i-0a70439cf01c773ee","ap-northeast-2","AWS Seoul",
"teumposapi-teums_apnortheast2-v022","EC2 Instance","aws",0,3,1,0,0,9,447,1506,59,"519057813841","Flagship_app_dev - 519057813841","i-0bdf606ca2eab84d1","ap-northeast-2","AWS Seoul",
"nusqaapne2-polk-spot-karpenter","EC2 Instance","aws",0,3,1,0,0,2,118,361,29,"800445880799","AWS_SQA_NUPF - 800445880799","i-086f913ce317dcc76","ap-northeast-2","AWS Seoul",
"ddcrawler-teum_apnortheast2-v003","EC2 Instance","aws",0,3,1,0,0,1,409,1469,56,"846607658388","Flagship_app_stg - 846607658388","i-023d93627d90981cb","ap-northeast-2","AWS Seoul",
"i-0502d81d8858a40a3","EC2 Instance","aws",0,3,1,0,0,2,95,191,16,"767397901718","aws-nsd-dev - 767397901718","i-0502d81d8858a40a3","ap-northeast-2","AWS Seoul",
"ec2-prd-mpay-batch-02","EC2 Instance","aws",0,3,1,0,0,28,634,1348,225,"575219035219","LGUplus_micropay_prod - 575219035219","i-0fc2ca4505b996e15","ap-northeast-2","AWS Seoul",
"ec2-prd-mpay-batch-01","EC2 Instance","aws",0,3,1,0,0,28,636,1350,227,"575219035219","LGUplus_micropay_prod - 575219035219","i-0daf2a3480b064b7b","ap-northeast-2","AWS Seoul",
"i-004ba85fb78531b86","EC2 Instance","aws",0,3,1,0,0,2,95,191,16,"767397901718","aws-nsd-dev - 767397901718","i-004ba85fb78531b86","ap-northeast-2","AWS Seoul",
"i-06ba5c2fd6a6f6017","EC2 Instance","aws",0,3,1,0,0,1,51,59,10,"590184057287","aws-itmod-releng - 590184057287","i-06ba5c2fd6a6f6017","ap-northeast-2","AWS Seoul",
"i-0aa604de62ea87bbb","EC2 Instance","aws",0,3,1,0,0,2,95,191,16,"533267185836","aws-nsd-prd - 533267185836","i-0aa604de62ea87bbb","ap-northeast-2","AWS Seoul",
"nuprodapne2-shoz-monitoring-node-v4","EC2 Instance","aws",0,3,1,0,0,2,118,361,29,"861894787667","AWS_PROD_NUPF - 861894787667","i-0c80e64685b3217be","ap-northeast-2","AWS Seoul",
"cmshareapne2-fiio-ondemand","EC2 Instance","aws",0,3,1,0,0,0,49,74,13,"532244111777","AWS_CM_SHARE - 532244111777","i-03df244bcc1ea61ab","ap-northeast-2","AWS Seoul",
"cmshareapne2-fiio-ondemand","EC2 Instance","aws",0,3,1,0,0,0,49,74,13,"532244111777","AWS_CM_SHARE - 532244111777","i-0609708fdf136771c","ap-northeast-2","AWS Seoul",
"kafkaproxy-netxd_stage_apnortheast2-v004","EC2 Instance","aws",0,3,1,0,0,5,440,1499,61,"506954789174","dax-network - 506954789174","i-0c975814f8e206633","ap-northeast-2","AWS Seoul",
"kafkaproxy-netxd_dev_apnortheast2-v002","EC2 Instance","aws",0,3,1,0,0,5,440,1499,61,"506954789174","dax-network - 506954789174","i-0dedfdfec836f49b2","ap-northeast-2","AWS Seoul",
"ec2-prd-clcc-vars-web-03","EC2 Instance","aws",3,1,0,0,0,8,221,828,54,"230837497989","awsprdclcc - 230837497989","i-0a13063987ac85a5a","ap-northeast-2","AWS Seoul",
"ec2-prd-clcc-sbc-oracle-ocom","EC2 Instance","aws",0,2,1,0,1,0,0,0,0,"230837497989","awsprdclcc - 230837497989","i-0c24551b15225f9db","ap-northeast-2","AWS Seoul",
"nodeg-prd-mpay-eksmpay-ng-1-30","EC2 Instance","aws",0,3,1,0,0,5,152,410,21,"575219035219","LGUplus_micropay_prod - 575219035219","i-0b8551447245d71bc","ap-northeast-2","AWS Seoul",
"i-0977c828d0e52d6c1","EC2 Instance","aws",0,3,1,0,0,2,95,191,16,"533267185836","aws-nsd-prd - 533267185836","i-0977c828d0e52d6c1","ap-northeast-2","AWS Seoul",
"i-0a13392d78f14df57","EC2 Instance","aws",0,3,1,0,0,2,95,191,16,"533267185836","aws-nsd-prd - 533267185836","i-0a13392d78f14df57","ap-northeast-2","AWS Seoul",
"i-039f5c18d42336124","EC2 Instance","aws",0,3,1,0,0,2,95,191,16,"533267185836","aws-nsd-prd - 533267185836","i-039f5c18d42336124","ap-northeast-2","AWS Seoul",
"ec2-nu-stest-nupf-wtp-dbagent-az2a","EC2 Instance","aws",0,3,1,0,0,24,689,1391,247,"800445880799","AWS_SQA_NUPF - 800445880799","i-0d909a84e49cd62e5","ap-northeast-2","AWS Seoul",
"ec2-nu-stest-nupf-batch09-az2a-new","EC2 Instance","aws",0,3,1,0,0,6,453,972,129,"800445880799","AWS_SQA_NUPF - 800445880799","i-0c119f47cbb7f0fbd","ap-northeast-2","AWS Seoul",
"ec2-nu-stest-nupf-fld","EC2 Instance","aws",0,3,1,0,0,5,387,704,99,"800445880799","AWS_SQA_NUPF - 800445880799","i-04c8a4af0c13f3ead","ap-northeast-2","AWS Seoul",
"PRD-RCS-PRI-DPM (상시기동, S.P. 적용)","EC2 Instance","aws",0,3,1,0,0,47,455,929,218,"749191198107","aws-prd-rcs - 749191198107","i-07299c8b149dc1257","ap-northeast-2","AWS Seoul",
"PRD-RCS-PRI-BASTION-EKS-v1.30 (상시기동, S.P. 적용)","EC2 Instance","aws",0,3,1,0,0,15,863,2442,161,"749191198107","aws-prd-rcs - 749191198107","i-0d414c73d18e9ace5","ap-northeast-2","AWS Seoul",
"ec2-violet-dev-eks-mgmt-a","EC2 Instance","aws",0,3,1,0,0,45,438,1287,64,"654654486146","aws-dev-violet - 654654486146","i-05fe636bf97232f0b","ap-northeast-2","AWS Seoul",
"PRD-RCS-MAAP-EKS-1-30-NODE-30-PRD-RCS-MAAP-A2P-02","EC2 Instance","aws",0,3,1,0,0,5,153,397,22,"158060049443","RCSMaaP_PRD - 158060049443","i-01f70615ab128bac5","ap-northeast-2","AWS Seoul",
"ec2-violet-dev-service-ixisolution-g4dn-2xlarge","EC2 Instance","aws",0,3,1,0,0,13,347,1204,43,"654654486146","aws-dev-violet - 654654486146","i-0e9f23466c28a771b","ap-northeast-2","AWS Seoul",
"i-00ab9ee40aa2f0a65","EC2 Instance","aws",0,3,1,0,0,1,55,92,15,"590184057287","aws-itmod-releng - 590184057287","i-00ab9ee40aa2f0a65","ap-northeast-2","AWS Seoul",
"ec2-nu-prod-nupf-nusp-batch01-az2c","EC2 Instance","aws",0,3,1,0,0,6,440,938,123,"861894787667","AWS_PROD_NUPF - 861894787667","i-0aa2b57a9f0ad4e92","ap-northeast-2","AWS Seoul",
"ec2-nu-prod-nupf-nums-batch01-az2b","EC2 Instance","aws",0,3,1,0,0,6,443,955,126,"861894787667","AWS_PROD_NUPF - 861894787667","i-008ec7bd4a2269a57","ap-northeast-2","AWS Seoul",
"ec2-nu-prod-nupf-nuoh-batch01-az2c","EC2 Instance","aws",0,3,1,0,0,6,443,955,126,"861894787667","AWS_PROD_NUPF - 861894787667","i-0bf794e942865a057","ap-northeast-2","AWS Seoul",
"ec2-nu-prod-nupf-nuci-batch01-az2c","EC2 Instance","aws",0,3,1,0,0,6,443,955,126,"861894787667","AWS_PROD_NUPF - 861894787667","i-098d71b814232eb88","ap-northeast-2","AWS Seoul",
"ec2-nu-prod-nupf-nuur-batch01-az2a","EC2 Instance","aws",0,3,1,0,0,6,443,955,126,"861894787667","AWS_PROD_NUPF - 861894787667","i-0597f65d9a815c1a8","ap-northeast-2","AWS Seoul",
"ec2-nu-prod-nupf-nucb-batch01-az2a","EC2 Instance","aws",0,3,1,0,0,6,443,955,126,"861894787667","AWS_PROD_NUPF - 861894787667","i-0e3849e2e76e19de7","ap-northeast-2","AWS Seoul",
"ec2-nu-prod-nupf-nucc-batch01-az2b","EC2 Instance","aws",0,3,1,0,0,6,443,955,126,"861894787667","AWS_PROD_NUPF - 861894787667","i-00fd9f7a54c2ea64f","ap-northeast-2","AWS Seoul",
"ec2-nu-prod-nupf-nudc-batch01-az2b","EC2 Instance","aws",0,3,1,0,0,6,438,951,126,"861894787667","AWS_PROD_NUPF - 861894787667","i-0eb7abb30a685bc4d","ap-northeast-2","AWS Seoul",
"ec2-nu-prod-nupf-nunm-batch01-az2b","EC2 Instance","aws",0,3,1,0,0,6,443,955,126,"861894787667","AWS_PROD_NUPF - 861894787667","i-05376f9a806bca0cd","ap-northeast-2","AWS Seoul",
"ec2-nu-prod-nupf-nupm-batch01-az2b","EC2 Instance","aws",0,3,1,0,0,7,416,889,111,"861894787667","AWS_PROD_NUPF - 861894787667","i-0ed8cec294e23bb69","ap-northeast-2","AWS Seoul",
"ec2-nu-prod-nupf-nucd-batch01-az2b","EC2 Instance","aws",0,3,1,0,0,6,443,955,126,"861894787667","AWS_PROD_NUPF - 861894787667","i-04f1112805f564892","ap-northeast-2","AWS Seoul",
"ec2-nu-prod-nupf-nucp-batch01-az2d","EC2 Instance","aws",0,3,1,0,0,6,443,955,126,"861894787667","AWS_PROD_NUPF - 861894787667","i-0ae9523925bdba81e","ap-northeast-2","AWS Seoul",
"ec2-nu-prod-nupf-nuel-batch01-az2b","EC2 Instance","aws",0,3,1,0,0,6,438,951,126,"861894787667","AWS_PROD_NUPF - 861894787667","i-0f03f39c7e11b1c02","ap-northeast-2","AWS Seoul",
"ec2-nu-prod-nupf-nuss-batch01-az2d","EC2 Instance","aws",0,3,1,0,0,6,443,955,126,"861894787667","AWS_PROD_NUPF - 861894787667","i-0db4c3fbb32ef83ae","ap-northeast-2","AWS Seoul",
"ec2-nu-prod-nupf-nucm-batch01-az2b","EC2 Instance","aws",0,3,1,0,0,6,443,955,126,"861894787667","AWS_PROD_NUPF - 861894787667","i-08febb63595f2e3dd","ap-northeast-2","AWS Seoul",
"ec2-nu-prod-nupf-nupd-batch01-az2c","EC2 Instance","aws",0,3,1,0,0,6,443,955,126,"861894787667","AWS_PROD_NUPF - 861894787667","i-0eb42bf75426fe645","ap-northeast-2","AWS Seoul",
"ec2-nu-prod-nupf-numc-batch01-az2a","EC2 Instance","aws",0,3,1,0,0,6,438,951,126,"861894787667","AWS_PROD_NUPF - 861894787667","i-0e987fcdef1090609","ap-northeast-2","AWS Seoul",
"ec2-nu-prod-nupf-nucl-batch01-az2b","EC2 Instance","aws",0,3,1,0,0,6,443,955,126,"861894787667","AWS_PROD_NUPF - 861894787667","i-02539877073d1e18a","ap-northeast-2","AWS Seoul",
"ec2-nu-prod-nupf-nusc-batch01-az2c","EC2 Instance","aws",0,3,1,0,0,6,443,955,126,"861894787667","AWS_PROD_NUPF - 861894787667","i-094dee31699cf147b","ap-northeast-2","AWS Seoul",
"ec2-nu-prod-nupf-nuom-batch01-az2b","EC2 Instance","aws",0,3,1,0,0,6,443,955,126,"861894787667","AWS_PROD_NUPF - 861894787667","i-05fbcf08358d1b345","ap-northeast-2","AWS Seoul",
"ec2-nu-prod-nupf-numd-batch01-az2a","EC2 Instance","aws",0,3,1,0,0,6,443,955,126,"861894787667","AWS_PROD_NUPF - 861894787667","i-0a757fcc063e2a50c","ap-northeast-2","AWS Seoul",
"ec2-nu-prod-nupf-nuau-batch01-az2a","EC2 Instance","aws",0,3,1,0,0,43,539,1041,138,"861894787667","AWS_PROD_NUPF - 861894787667","i-0bf50c3df0200e6bd","ap-northeast-2","AWS Seoul",
"ec2-nu-prod-nupf-nufs-batch01-az2b","EC2 Instance","aws",0,3,1,0,0,6,443,955,126,"861894787667","AWS_PROD_NUPF - 861894787667","i-0f0732816c6390764","ap-northeast-2","AWS Seoul",
"ec2-nu-prod-nupf-nuob-batch01-az2a","EC2 Instance","aws",0,3,1,0,0,6,443,955,126,"861894787667","AWS_PROD_NUPF - 861894787667","i-08b796b499ea4dfbe","ap-northeast-2","AWS Seoul",
"ec2-nu-prod-nupf-nufr-batch01-az2a","EC2 Instance","aws",0,3,1,0,0,6,438,951,126,"861894787667","AWS_PROD_NUPF - 861894787667","i-0c3b023c3b4888d5b","ap-northeast-2","AWS Seoul",
"ec2-nu-prod-nupf-nunc-batch01-az2a","EC2 Instance","aws",0,3,1,0,0,6,443,955,126,"861894787667","AWS_PROD_NUPF - 861894787667","i-05343ebf979b0fa52","ap-northeast-2","AWS Seoul",
"ec2-nu-prod-nupf-nunr-batch01-az2a","EC2 Instance","aws",0,3,1,0,0,6,443,955,126,"861894787667","AWS_PROD_NUPF - 861894787667","i-07bc880638bfc6247","ap-northeast-2","AWS Seoul",
"ec2-nu-prod-nupf-nuvi-batch01-az2c","EC2 Instance","aws",0,3,1,0,0,6,313,615,73,"861894787667","AWS_PROD_NUPF - 861894787667","i-08d8a6a83ec24cac7","ap-northeast-2","AWS Seoul",
"ec2-nu-prod-nupf-std-batch06-az2b","EC2 Instance","aws",0,3,1,0,0,6,443,955,126,"861894787667","AWS_PROD_NUPF - 861894787667","i-01aba6e7b365ab078","ap-northeast-2","AWS Seoul",
"ec2-nu-prod-nupf-std-batch05-az2a","EC2 Instance","aws",0,3,1,0,0,6,443,955,126,"861894787667","AWS_PROD_NUPF - 861894787667","i-017a750a3b88ca916","ap-northeast-2","AWS Seoul",
"ec2-nu-prod-nupf-std-batch04-az2d","EC2 Instance","aws",0,3,1,0,0,6,443,955,126,"861894787667","AWS_PROD_NUPF - 861894787667","i-00dbfd461900bca5b","ap-northeast-2","AWS Seoul",
"ec2-nu-prod-nupf-std-batch07-az2b","EC2 Instance","aws",0,3,1,0,0,6,443,955,126,"861894787667","AWS_PROD_NUPF - 861894787667","i-042e9ceb1cbf8b6a9","ap-northeast-2","AWS Seoul",
"ec2-nu-prod-nupf-std-batch03-az2c","EC2 Instance","aws",0,3,1,0,0,6,443,955,126,"861894787667","AWS_PROD_NUPF - 861894787667","i-0b75f167f561f7923","ap-northeast-2","AWS Seoul",
"ec2-nu-prod-nupf-std-batch02-az2c","EC2 Instance","aws",0,3,1,0,0,7,451,959,127,"861894787667","AWS_PROD_NUPF - 861894787667","i-051eae3d37aff2c44","ap-northeast-2","AWS Seoul",
"ec2-nu-prod-nupf-std-batch01-az2b","EC2 Instance","aws",0,3,1,0,0,6,443,955,126,"861894787667","AWS_PROD_NUPF - 861894787667","i-04c8e2e16553c6d80","ap-northeast-2","AWS Seoul",
"ec2-nu-prod-nupf-std-batch08-az2d","EC2 Instance","aws",0,3,1,0,0,6,442,955,126,"861894787667","AWS_PROD_NUPF - 861894787667","i-0e87a5c4cd3a2c626","ap-northeast-2","AWS Seoul",
"PRD-RCS-MAAP-EKS-1-30-NODE-30-PRD-RCS-MAAP-MQ-02","EC2 Instance","aws",0,3,1,0,0,5,152,397,22,"158060049443","RCSMaaP_PRD - 158060049443","i-0a470a4be5b92e382","ap-northeast-2","AWS Seoul",
"stg-tel-bss-ec2-kubectl-cpx","EC2 Instance","aws",0,3,1,0,0,14,579,2197,80,"755362625627","tel-bss-stg - 755362625627","i-0cc4508a7c0443725","ap-northeast-2","AWS Seoul",
"ec2-az01-prod-auromon-app1","EC2 Instance","aws",0,3,1,0,0,35,872,1117,272,"671525817192","LG U Plus Prod - 671525817192","i-00bddcb4ec6e4baae","ap-northeast-2","AWS Seoul",
"NWBE-EC2-AN2-INTER-APIGW2","EC2 Instance","aws",0,3,1,0,0,26,657,1746,170,"793138753021","lguplus_nwbe - 793138753021","i-07c60f808a50ded50","ap-northeast-2","AWS Seoul",
"ec2-az2a-luiot-prd-uplusmnger2","EC2 Instance","aws",0,3,1,0,0,12,226,576,387,"743932516527","svcalliance3 - 743932516527","i-0b1e23e6369abbed9","ap-northeast-2","AWS Seoul",
"ec2-az2a-luiot-prd-uplusadmin1","EC2 Instance","aws",0,3,1,0,0,13,232,583,368,"743932516527","svcalliance3 - 743932516527","i-03c6f3b975756ddcf","ap-northeast-2","AWS Seoul",
"ec2-az2a-luiot-prd-push1","EC2 Instance","aws",0,3,1,0,0,12,226,576,366,"743932516527","svcalliance3 - 743932516527","i-0d47eccd829f2dd3f","ap-northeast-2","AWS Seoul",
"ec2-az2c-luiot-prd-rocketmq3","EC2 Instance","aws",0,3,1,0,0,17,232,585,369,"743932516527","svcalliance3 - 743932516527","i-0321a11bc5c870249","ap-northeast-2","AWS Seoul",
"ec2-az2c-luiot-prd-opncldfrnt2","EC2 Instance","aws",0,3,1,0,0,12,228,579,366,"743932516527","svcalliance3 - 743932516527","i-0f57db45d2e95cb03","ap-northeast-2","AWS Seoul",
"ec2-az2c-luiot-prd-registsvr1","EC2 Instance","aws",0,3,1,0,0,12,226,576,366,"743932516527","svcalliance3 - 743932516527","i-025b51ae5cee1a7c0","ap-northeast-2","AWS Seoul",
"ec2-az2c-luiot-prd-gateway3","EC2 Instance","aws",0,3,1,0,0,12,226,576,366,"743932516527","svcalliance3 - 743932516527","i-09694ef1d26fe0a95","ap-northeast-2","AWS Seoul",
"ec2-az2c-luiot-prd-manager3","EC2 Instance","aws",0,3,1,0,0,12,226,576,366,"743932516527","svcalliance3 - 743932516527","i-0ae22356bac0630ef","ap-northeast-2","AWS Seoul",
"ec2-az2c-luiot-prd-device3","EC2 Instance","aws",0,3,1,0,0,12,226,576,366,"743932516527","svcalliance3 - 743932516527","i-0eacff3df5c1ace05","ap-northeast-2","AWS Seoul",
"ec2-az2c-luiot-prd-uplusmnger3","EC2 Instance","aws",0,3,1,0,0,12,226,576,367,"743932516527","svcalliance3 - 743932516527","i-09a63fc83110b2094","ap-northeast-2","AWS Seoul",
"ec2-az2a-luiot-prd-rocketmq1","EC2 Instance","aws",0,3,1,0,0,40,310,626,396,"743932516527","svcalliance3 - 743932516527","i-029f79b912d99432c","ap-northeast-2","AWS Seoul",
"ec2-az2a-luiot-prd-oss4","EC2 Instance","aws",0,3,1,0,0,12,226,576,366,"743932516527","svcalliance3 - 743932516527","i-03998e5eb82eca16f","ap-northeast-2","AWS Seoul",
"ec2-az2a-luiot-prd-manager2","EC2 Instance","aws",0,3,1,0,0,12,226,576,366,"743932516527","svcalliance3 - 743932516527","i-0bc63294e8cfc2775","ap-northeast-2","AWS Seoul",
"ec2-az2c-luiot-prd-uplusadmin2","EC2 Instance","aws",0,3,1,0,0,12,226,576,366,"743932516527","svcalliance3 - 743932516527","i-00e981260d3c50610","ap-northeast-2","AWS Seoul",
"ec2-az2a-luiot-prd-skywalking1","EC2 Instance","aws",0,3,1,0,0,12,226,576,366,"743932516527","svcalliance3 - 743932516527","i-046df4b42c0dd39de","ap-northeast-2","AWS Seoul",
"ec2-az2c-luiot-prd-xxljob2","EC2 Instance","aws",0,3,1,0,0,12,226,576,366,"743932516527","svcalliance3 - 743932516527","i-014d2ca406e862c47","ap-northeast-2","AWS Seoul",
"ec2-az2c-luiot-prd-sms2","EC2 Instance","aws",0,3,1,0,0,12,226,576,387,"743932516527","svcalliance3 - 743932516527","i-056f8ab4f0322598a","ap-northeast-2","AWS Seoul",
"ec2-az2c-luiot-prd-hbase3","EC2 Instance","aws",0,3,1,0,0,23,468,863,461,"743932516527","svcalliance3 - 743932516527","i-04e6276f4acabd42a","ap-northeast-2","AWS Seoul",
"ec2-az2c-luiot-prd-ota2","EC2 Instance","aws",0,3,1,0,0,12,226,576,366,"743932516527","svcalliance3 - 743932516527","i-0911ba669c834a7cf","ap-northeast-2","AWS Seoul",
"ec2-az2c-luiot-prd-devex4","EC2 Instance","aws",0,3,1,0,0,12,226,576,366,"743932516527","svcalliance3 - 743932516527","i-0aac27205720ed664","ap-northeast-2","AWS Seoul",
"ec2-az2c-luiot-prd-push2","EC2 Instance","aws",0,3,1,0,0,12,226,576,366,"743932516527","svcalliance3 - 743932516527","i-0fae559183dcbb616","ap-northeast-2","AWS Seoul",
"ec2-az2a-luiot-prd-logcollect1","EC2 Instance","aws",0,3,1,0,0,68,321,632,412,"743932516527","svcalliance3 - 743932516527","i-07b9a491dfa0166ee","ap-northeast-2","AWS Seoul",
"ec2-az2c-luiot-prd-oss2","EC2 Instance","aws",0,3,1,0,0,12,226,576,366,"743932516527","svcalliance3 - 743932516527","i-0132e5ba62bfede17","ap-northeast-2","AWS Seoul",
"ec2-az2c-luiot-prd-hbase4","EC2 Instance","aws",0,3,1,0,0,25,519,905,459,"743932516527","svcalliance3 - 743932516527","i-0e19c68e4be4fde81","ap-northeast-2","AWS Seoul",
"ec2-az2a-luiot-prd-sms1","EC2 Instance","aws",0,3,1,0,0,12,226,576,387,"743932516527","svcalliance3 - 743932516527","i-06270d2a712c3e136","ap-northeast-2","AWS Seoul",
"ec2-az2c-luiot-prd-hetu2","EC2 Instance","aws",0,3,1,0,0,12,226,576,366,"743932516527","svcalliance3 - 743932516527","i-0dc5b2990cd13171c","ap-northeast-2","AWS Seoul",
"ec2-az2a-luiot-prd-rocketmq2","EC2 Instance","aws",0,3,1,0,0,17,232,585,369,"743932516527","svcalliance3 - 743932516527","i-03a864628ff7bd33e","ap-northeast-2","AWS Seoul",
"ec2-az2c-luiot-prd-oss5","EC2 Instance","aws",0,3,1,0,0,12,226,576,366,"743932516527","svcalliance3 - 743932516527","i-0f30677de18e741cc","ap-northeast-2","AWS Seoul",
"ec2-az2c-luiot-prd-cem2","EC2 Instance","aws",0,3,1,0,0,12,226,576,366,"743932516527","svcalliance3 - 743932516527","i-00a78d242428ecab6","ap-northeast-2","AWS Seoul",
"ec2-az2c-luiot-prd-board2","EC2 Instance","aws",0,3,1,0,0,12,226,576,366,"743932516527","svcalliance3 - 743932516527","i-0d12ef77d3e8057e4","ap-northeast-2","AWS Seoul",
"ec2-az2c-luiot-prd-datasource2","EC2 Instance","aws",0,3,1,0,0,12,226,576,366,"743932516527","svcalliance3 - 743932516527","i-05c8ff62e53e42823","ap-northeast-2","AWS Seoul",
"ec2-az2c-luiot-prd-leisi2","EC2 Instance","aws",0,3,1,0,0,31,255,588,367,"743932516527","svcalliance3 - 743932516527","i-0c425bb06bd4defef","ap-northeast-2","AWS Seoul",
"ec2-az2a-luiot-prd-registsvr2","EC2 Instance","aws",0,3,1,0,0,12,226,576,366,"743932516527","svcalliance3 - 743932516527","i-02fd794ff1608822e","ap-northeast-2","AWS Seoul",
"ec2-az2c-luiot-prd-devex2","EC2 Instance","aws",0,3,1,0,0,12,226,576,366,"743932516527","svcalliance3 - 743932516527","i-0944fa38216bfca5e","ap-northeast-2","AWS Seoul",
"ec2-az2a-luiot-prd-oss1","EC2 Instance","aws",0,3,1,0,0,12,226,576,366,"743932516527","svcalliance3 - 743932516527","i-04d79e7bb6cbb7d95","ap-northeast-2","AWS Seoul",
"ec2-az2c-luiot-prd-es3","EC2 Instance","aws",0,3,1,0,0,20,238,602,375,"743932516527","svcalliance3 - 743932516527","i-0ab1ceff86620ea7d","ap-northeast-2","AWS Seoul",
"ec2-az2c-luiot-prd-apmes3","EC2 Instance","aws",0,3,1,0,0,20,238,602,375,"743932516527","svcalliance3 - 743932516527","i-06171f2c6f882ee40","ap-northeast-2","AWS Seoul",
"ec2-az2c-luiot-prd-es4","EC2 Instance","aws",0,3,1,0,0,12,226,576,366,"743932516527","svcalliance3 - 743932516527","i-0fcfc0b38f31aaa7f","ap-northeast-2","AWS Seoul",
"ec2-az2c-luiot-prd-device2","EC2 Instance","aws",0,3,1,0,0,12,226,576,366,"743932516527","svcalliance3 - 743932516527","i-0e2006ce91da50299","ap-northeast-2","AWS Seoul",
"ec2-az2a-luiot-prd-user1","EC2 Instance","aws",0,3,1,0,0,12,226,576,366,"743932516527","svcalliance3 - 743932516527","i-0ff6a513b3ee9fe3e","ap-northeast-2","AWS Seoul",
"ec2-az2a-luiot-prd-skywalking3","EC2 Instance","aws",0,3,1,0,0,12,226,576,366,"743932516527","svcalliance3 - 743932516527","i-0ebb14234eb7cdc67","ap-northeast-2","AWS Seoul",
"ec2-az2a-luiot-prd-opncldfrnt1","EC2 Instance","aws",0,3,1,0,0,12,230,577,366,"743932516527","svcalliance3 - 743932516527","i-0ba081738a385fc35","ap-northeast-2","AWS Seoul",
"ec2-az2c-luiot-prd-hbase5","EC2 Instance","aws",0,3,1,0,0,25,517,907,459,"743932516527","svcalliance3 - 743932516527","i-0394a384e2da8017d","ap-northeast-2","AWS Seoul",
"ec2-az2c-luiot-prd-ifttt3","EC2 Instance","aws",0,3,1,0,0,12,226,576,366,"743932516527","svcalliance3 - 743932516527","i-000f725f4e547584f","ap-northeast-2","AWS Seoul",
"ec2-az2c-luiot-prd-oss3","EC2 Instance","aws",0,3,1,0,0,12,226,576,366,"743932516527","svcalliance3 - 743932516527","i-002ff6da4b95b750a","ap-northeast-2","AWS Seoul",
"ec2-az2a-luiot-prd-skywalking2","EC2 Instance","aws",0,3,1,0,0,12,226,576,366,"743932516527","svcalliance3 - 743932516527","i-0892f70d11f55ee24","ap-northeast-2","AWS Seoul",
"ec2-az2c-luiot-prd-user2","EC2 Instance","aws",0,3,1,0,0,12,226,576,366,"743932516527","svcalliance3 - 743932516527","i-0cbbe5d16fda87235","ap-northeast-2","AWS Seoul",
"ec2-az2c-luiot-prd-logcollect2","EC2 Instance","aws",0,3,1,0,0,39,272,614,408,"743932516527","svcalliance3 - 743932516527","i-0b489141cf7bc3ee5","ap-northeast-2","AWS Seoul",
"ec2-az2a-luiot-prd-xxljob1","EC2 Instance","aws",0,3,1,0,0,12,226,576,366,"743932516527","svcalliance3 - 743932516527","i-04de582bd2918e904","ap-northeast-2","AWS Seoul",
"ec2-az2a-luiot-prd-registsvr3","EC2 Instance","aws",0,3,1,0,0,12,226,576,366,"743932516527","svcalliance3 - 743932516527","i-0ff8a2ace87eb92d5","ap-northeast-2","AWS Seoul",
"ec2-az2c-luiot-prd-hbase6","EC2 Instance","aws",0,3,1,0,0,25,519,905,459,"743932516527","svcalliance3 - 743932516527","i-0657732d35a43fc33","ap-northeast-2","AWS Seoul",
"ec2-az2a-luiot-prd-ota1","EC2 Instance","aws",0,3,1,0,0,12,226,576,366,"743932516527","svcalliance3 - 743932516527","i-079fbe9af2de7649c","ap-northeast-2","AWS Seoul",
"ec2-az2a-luiot-prd-device1","EC2 Instance","aws",0,3,1,0,0,12,226,576,366,"743932516527","svcalliance3 - 743932516527","i-0e4644060ce82224e","ap-northeast-2","AWS Seoul",
"ec2-az2a-luiot-prd-hetu1","EC2 Instance","aws",0,3,1,0,0,12,226,576,387,"743932516527","svcalliance3 - 743932516527","i-0e1a3b3415c1425d6","ap-northeast-2","AWS Seoul",
"ec2-az2a-luiot-prd-datasource1","EC2 Instance","aws",0,3,1,0,0,12,226,576,366,"743932516527","svcalliance3 - 743932516527","i-0822cf21e69c4b4dc","ap-northeast-2","AWS Seoul",
"ec2-az2a-luiot-prd-ifttt2","EC2 Instance","aws",0,3,1,0,0,12,226,576,366,"743932516527","svcalliance3 - 743932516527","i-046fc11191b424cbf","ap-northeast-2","AWS Seoul",
"ec2-az2a-luiot-prd-hbase2","EC2 Instance","aws",0,3,1,0,0,15,293,665,416,"743932516527","svcalliance3 - 743932516527","i-0cfd5d58cfee7cffc","ap-northeast-2","AWS Seoul",
"ec2-az2a-luiot-prd-leisi1","EC2 Instance","aws",0,3,1,0,0,12,226,576,366,"743932516527","svcalliance3 - 743932516527","i-0e19b03ce17ff7f38","ap-northeast-2","AWS Seoul",
"ec2-az2a-luiot-prd-es2","EC2 Instance","aws",0,3,1,0,0,20,238,602,375,"743932516527","svcalliance3 - 743932516527","i-067083bb83958b6f7","ap-northeast-2","AWS Seoul",
"ec2-az2a-luiot-prd-gateway2","EC2 Instance","aws",0,3,1,0,0,31,255,587,367,"743932516527","svcalliance3 - 743932516527","i-09aaf8e8af18507ce","ap-northeast-2","AWS Seoul",
"ec2-az2a-luiot-prd-hbase1","EC2 Instance","aws",0,3,1,0,0,94,468,833,482,"743932516527","svcalliance3 - 743932516527","i-0990770ee2ea7fe9c","ap-northeast-2","AWS Seoul",
"ec2-az2a-luiot-prd-hbase7","EC2 Instance","aws",0,3,1,0,0,25,519,905,459,"743932516527","svcalliance3 - 743932516527","i-0da5f0682287bd503","ap-northeast-2","AWS Seoul",
"ec2-az2a-luiot-prd-gateway1","EC2 Instance","aws",0,3,1,0,0,31,255,587,367,"743932516527","svcalliance3 - 743932516527","i-096c7e8896173efe9","ap-northeast-2","AWS Seoul",
"ec2-az2a-luiot-prd-cem1","EC2 Instance","aws",0,3,1,0,0,12,226,576,366,"743932516527","svcalliance3 - 743932516527","i-02d5b6a47dc48fee7","ap-northeast-2","AWS Seoul",
"ec2-az2a-luiot-prd-apmes1","EC2 Instance","aws",0,3,1,0,0,20,238,602,375,"743932516527","svcalliance3 - 743932516527","i-07789e6806ebcc8cb","ap-northeast-2","AWS Seoul",
"ec2-az2a-luiot-prd-devex3","EC2 Instance","aws",0,3,1,0,0,12,226,576,366,"743932516527","svcalliance3 - 743932516527","i-0367482c0180fea2d","ap-northeast-2","AWS Seoul",
"ec2-az2a-luiot-prd-apmes2","EC2 Instance","aws",0,3,1,0,0,20,238,602,375,"743932516527","svcalliance3 - 743932516527","i-028a48cd1a4222b4a","ap-northeast-2","AWS Seoul",
"ec2-az2a-luiot-prd-es1","EC2 Instance","aws",0,3,1,0,0,20,238,602,375,"743932516527","svcalliance3 - 743932516527","i-02b1127230536ea38","ap-northeast-2","AWS Seoul",
"ec2-az01-prod-gai-riot-wst1","EC2 Instance","aws",0,3,1,0,0,19,952,1084,215,"671525817192","LG U Plus Prod - 671525817192","i-08f9c730da29a8fa7","ap-northeast-2","AWS Seoul",
"ec2-az01-prod-nai-cfcauth-wst1","EC2 Instance","aws",0,3,1,0,0,99,1186,1299,287,"671525817192","LG U Plus Prod - 671525817192","i-05dae52d86d79c9ec","ap-northeast-2","AWS Seoul",
"ec2-az01-prod-tts-wst1","EC2 Instance","aws",0,3,1,0,0,174,1310,1488,340,"671525817192","LG U Plus Prod - 671525817192","i-0886a698e0f4840c3","ap-northeast-2","AWS Seoul",
"ec2-az02-prod-nai-aisvaiadm-wst1","EC2 Instance","aws",0,3,1,0,0,66,1110,1284,296,"671525817192","LG U Plus Prod - 671525817192","i-0b180017fbe60287a","ap-northeast-2","AWS Seoul",
"ec2-az01-prod-unbound-app1","EC2 Instance","aws",0,3,1,0,0,32,845,1063,262,"671525817192","LG U Plus Prod - 671525817192","i-03ca9c43877e7c04d","ap-northeast-2","AWS Seoul",
"ec2-az01-prod-nai-coif-wst1","EC2 Instance","aws",0,3,1,0,0,41,1102,1305,309,"671525817192","LG U Plus Prod - 671525817192","i-05833213e7d11abe3","ap-northeast-2","AWS Seoul",
"ec2-az01-prod-acms-wst1","EC2 Instance","aws",0,3,1,0,0,79,1159,1358,303,"671525817192","LG U Plus Prod - 671525817192","i-063a6a4f1c961e2d7","ap-northeast-2","AWS Seoul",
"ec2-az01-prod-tts-restful-app1","EC2 Instance","aws",0,3,1,0,0,77,1127,1337,314,"671525817192","LG U Plus Prod - 671525817192","i-0e1ac40f17c12310a","ap-northeast-2","AWS Seoul",
"ec2-az01-prod-nai-homeiot-wst1","EC2 Instance","aws",0,3,1,0,0,45,1107,1312,310,"671525817192","LG U Plus Prod - 671525817192","i-07a02591cbbfc17e7","ap-northeast-2","AWS Seoul",
"ec2-az01-prod-nai-redis2","EC2 Instance","aws",0,3,1,0,0,34,1076,1295,299,"671525817192","LG U Plus Prod - 671525817192","i-072ad5b408f0474f8","ap-northeast-2","AWS Seoul",
"ec2-az02-prod-acms-wst1","EC2 Instance","aws",0,3,1,0,0,79,1159,1358,303,"671525817192","LG U Plus Prod - 671525817192","i-05060952d770a6364","ap-northeast-2","AWS Seoul",
"ec2-az02-prod-tts-dnn-wst1","EC2 Instance","aws",0,3,1,0,0,22,899,1928,353,"671525817192","LG U Plus Prod - 671525817192","i-04b75c481dca66da8","ap-northeast-2","AWS Seoul",
"ec2-az02-shared-realapp5","EC2 Instance","aws",0,3,1,0,0,32,846,1071,266,"671525817192","LG U Plus Prod - 671525817192","i-0ebd453e0a7acafa2","ap-northeast-2","AWS Seoul",
"ec2-az02-prod-tts-restful-app1","EC2 Instance","aws",0,3,1,0,0,79,1147,1358,317,"671525817192","LG U Plus Prod - 671525817192","i-012b30751808584eb","ap-northeast-2","AWS Seoul",
"ec2-az01-prod-nai-aisvaiadm-wst1","EC2 Instance","aws",0,3,1,0,0,66,1110,1284,296,"671525817192","LG U Plus Prod - 671525817192","i-0d33bc857cfe79011","ap-northeast-2","AWS Seoul",
"ec2-az02-prod-tts-wst1","EC2 Instance","aws",0,3,1,0,0,174,1309,1488,340,"671525817192","LG U Plus Prod - 671525817192","i-0d4d8ff9d00c761cb","ap-northeast-2","AWS Seoul",
"ec2-az01-prod-tts-dicmanager-app1","EC2 Instance","aws",0,3,1,0,0,75,1133,1321,292,"671525817192","LG U Plus Prod - 671525817192","i-0b56efb8aa83de43e","ap-northeast-2","AWS Seoul",
"ec2-az02-prod-nai-coif-wst1","EC2 Instance","aws",0,3,1,0,0,41,1102,1305,309,"671525817192","LG U Plus Prod - 671525817192","i-01043642fa6c874d8","ap-northeast-2","AWS Seoul",
"ec2-az01-prod-nai-frmsfrma-wst1","EC2 Instance","aws",0,3,1,0,0,77,1136,1304,297,"671525817192","LG U Plus Prod - 671525817192","i-0ca53ef29ffed5e60","ap-northeast-2","AWS Seoul",
"ec2-az01-shared-realapp5","EC2 Instance","aws",0,3,1,0,0,43,867,1106,280,"671525817192","LG U Plus Prod - 671525817192","i-01d6781aa69299e22","ap-northeast-2","AWS Seoul",
"ec2-az02-prod-gai-riot-wst1","EC2 Instance","aws",0,3,1,0,0,19,952,1084,215,"671525817192","LG U Plus Prod - 671525817192","i-0afa1ef5663d8637f","ap-northeast-2","AWS Seoul",
"ec2-az02-prod-nai-homeiot-wst1","EC2 Instance","aws",0,3,1,0,0,45,1107,1312,310,"671525817192","LG U Plus Prod - 671525817192","i-0293091ba82b2f79e","ap-northeast-2","AWS Seoul",
"ec2-az02-prod-nai-frmsfrma-wst1","EC2 Instance","aws",0,3,1,0,0,77,1136,1304,297,"671525817192","LG U Plus Prod - 671525817192","i-09f849c6da7bfd774","ap-northeast-2","AWS Seoul",
"ec2-az02-prod-nai-cpaymgmt-wst1","EC2 Instance","aws",0,3,1,0,0,225,1210,1373,291,"671525817192","LG U Plus Prod - 671525817192","i-01ab61169052d8176","ap-northeast-2","AWS Seoul",
"ec2-az02-prod-nai-redis1","EC2 Instance","aws",0,3,1,0,0,34,1076,1295,299,"671525817192","LG U Plus Prod - 671525817192","i-09013c881f0514347","ap-northeast-2","AWS Seoul",
"ec2-az02-prod-unbound-app1","EC2 Instance","aws",0,3,1,0,0,32,845,1063,262,"671525817192","LG U Plus Prod - 671525817192","i-0ec3bcc8108882d56","ap-northeast-2","AWS Seoul",
"ec2-az02-shared-whattab-mon1","EC2 Instance","aws",0,3,1,0,0,42,910,1131,286,"671525817192","LG U Plus Prod - 671525817192","i-08ffb37a99e21e6b6","ap-northeast-2","AWS Seoul",
"ec2-az01-prod-nai-redis1","EC2 Instance","aws",0,3,1,0,0,34,1076,1295,299,"671525817192","LG U Plus Prod - 671525817192","i-0722c797140d9d7b9","ap-northeast-2","AWS Seoul",
"ec2-az01-prod-tts-dnn-wst1","EC2 Instance","aws",0,3,1,0,0,22,899,1928,352,"671525817192","LG U Plus Prod - 671525817192","i-0a4d352c7e97f9780","ap-northeast-2","AWS Seoul",
"ec2-az02-prod-nai-cfcauth-wst1","EC2 Instance","aws",0,3,1,0,0,99,1186,1299,287,"671525817192","LG U Plus Prod - 671525817192","i-0dad85d5da87e5034","ap-northeast-2","AWS Seoul",
"ec2-az01-prod-nai-cpaymgmt-wst1","EC2 Instance","aws",0,3,1,0,0,225,1210,1373,291,"671525817192","LG U Plus Prod - 671525817192","i-0793ca6daed31f83a","ap-northeast-2","AWS Seoul",
"ec2-prd-nerp-dpm-01-az2a","EC2 Instance","aws",0,3,1,0,0,9,607,1676,129,"250216037769","aws-prd-nerp - 250216037769","i-01305056def394614","ap-northeast-2","AWS Seoul",
"ec2-prd-nerp-dbenc-02-az2c","EC2 Instance","aws",0,3,1,0,0,9,790,2319,139,"250216037769","aws-prd-nerp - 250216037769","i-0d69f72fc3cd096e7","ap-northeast-2","AWS Seoul",
"ec2-prd-nerp-dbenc-01-az2a","EC2 Instance","aws",0,3,1,0,0,9,790,2319,139,"250216037769","aws-prd-nerp - 250216037769","i-0762fabee759cc17b","ap-northeast-2","AWS Seoul",
"NWBE-EC2-AN2-INTER-APIGW1","EC2 Instance","aws",0,3,1,0,0,20,601,1699,153,"793138753021","lguplus_nwbe - 793138753021","i-082724d482d434a68","ap-northeast-2","AWS Seoul",
"NWBE-EC2-AN2-SLA-APIGW1","EC2 Instance","aws",0,3,1,0,0,30,813,2724,141,"793138753021","lguplus_nwbe - 793138753021","i-01fea021457c8ab63","ap-northeast-2","AWS Seoul",
"NWBE-EC2-AN2-SLA-APIGW2","EC2 Instance","aws",0,3,1,0,0,31,809,2708,139,"793138753021","lguplus_nwbe - 793138753021","i-05b255677e9d142e6","ap-northeast-2","AWS Seoul",
"ec2-nu-prod-nupf-cdc3-az2c","EC2 Instance","aws",0,3,1,0,0,17,680,1407,250,"861894787667","AWS_PROD_NUPF - 861894787667","i-00b841bfb859a5a47","ap-northeast-2","AWS Seoul",
"ec2-nu-prod-nupf-broker1-main-az2a","EC2 Instance","aws",0,3,1,0,0,19,878,1812,292,"861894787667","AWS_PROD_NUPF - 861894787667","i-0bd3ae6654f850d14","ap-northeast-2","AWS Seoul",
"ec2-nu-prod-nupf-broker3-admin-az2c","EC2 Instance","aws",0,3,1,0,0,19,897,1827,294,"861894787667","AWS_PROD_NUPF - 861894787667","i-0bd33ed45e7b6e369","ap-northeast-2","AWS Seoul",
"ec2-nu-prod-nupf-broker2-main-az2b","EC2 Instance","aws",0,3,1,0,0,17,876,1809,291,"861894787667","AWS_PROD_NUPF - 861894787667","i-02230f370d24738b9","ap-northeast-2","AWS Seoul",
"ec2-nu-prod-nupf-cloudwatch-az2c","EC2 Instance","aws",0,3,1,0,0,54,773,1450,251,"861894787667","AWS_PROD_NUPF - 861894787667","i-0e1c0efbfb1748982","ap-northeast-2","AWS Seoul",
"ec2-nu-prod-nupf-broker4-admin-az2d","EC2 Instance","aws",0,3,1,0,0,13,435,1288,83,"861894787667","AWS_PROD_NUPF - 861894787667","i-0df7f19bf8b787223","ap-northeast-2","AWS Seoul",
"ec2-nu-prod-nupf-zookeeper1-main-az2a","EC2 Instance","aws",0,3,1,0,0,17,688,1430,273,"861894787667","AWS_PROD_NUPF - 861894787667","i-08eb696d544242556","ap-northeast-2","AWS Seoul",
"ec2-nu-prod-nupf-zookeeper5-main-az2c","EC2 Instance","aws",0,3,1,0,0,17,688,1430,273,"861894787667","AWS_PROD_NUPF - 861894787667","i-02774073006cfcac2","ap-northeast-2","AWS Seoul",
"ec2-nu-prod-nupf-zookeeper2-main-az2b","EC2 Instance","aws",0,3,1,0,0,17,688,1430,273,"861894787667","AWS_PROD_NUPF - 861894787667","i-0c60a5de92a4fbd90","ap-northeast-2","AWS Seoul",
"ec2-nu-prod-nupf-broker4-main-az2d","EC2 Instance","aws",0,3,1,0,0,17,876,1809,291,"861894787667","AWS_PROD_NUPF - 861894787667","i-0e0c476156c00dfcf","ap-northeast-2","AWS Seoul",
"ec2-nu-prod-nupf-broker2-admin-az2b","EC2 Instance","aws",0,3,1,0,0,19,897,1827,294,"861894787667","AWS_PROD_NUPF - 861894787667","i-0622dab72f42fa225","ap-northeast-2","AWS Seoul",
"ec2-nu-prod-nupf-zookeeper3-main-az2c","EC2 Instance","aws",0,3,1,0,0,17,688,1430,273,"861894787667","AWS_PROD_NUPF - 861894787667","i-0808e1e8c964232b9","ap-northeast-2","AWS Seoul",
"ec2-nu-prod-nupf-cdc1-az2a","EC2 Instance","aws",0,3,1,0,0,17,680,1407,250,"861894787667","AWS_PROD_NUPF - 861894787667","i-0a05aba893ff674a1","ap-northeast-2","AWS Seoul",
"ec2-nu-prod-nupf-broker1-admin-az2a","EC2 Instance","aws",0,3,1,0,0,19,896,1821,292,"861894787667","AWS_PROD_NUPF - 861894787667","i-0e6ad0eb64c621a3c","ap-northeast-2","AWS Seoul",
"ec2-nu-prod-nupf-cdc2-az2b","EC2 Instance","aws",0,3,1,0,0,17,680,1407,250,"861894787667","AWS_PROD_NUPF - 861894787667","i-0405506fd8deb5cd9","ap-northeast-2","AWS Seoul",
"ec2-nu-prod-nupf-dbagent-az2a","EC2 Instance","aws",0,3,1,0,0,39,593,1073,148,"861894787667","AWS_PROD_NUPF - 861894787667","i-052c04ae87a4821c2","ap-northeast-2","AWS Seoul",
"ec2-nu-prod-nupf-zookeeper4-main-az2d","EC2 Instance","aws",0,3,1,0,0,17,688,1430,273,"861894787667","AWS_PROD_NUPF - 861894787667","i-0ac75075ab3e7e6aa","ap-northeast-2","AWS Seoul",
"ec2-nu-prod-nupf-broker3-main-az2c","EC2 Instance","aws",0,3,1,0,0,17,876,1809,291,"861894787667","AWS_PROD_NUPF - 861894787667","i-03008b0abd1611d8d","ap-northeast-2","AWS Seoul",
"ec2-violet-prd-eks-mgmt-a","EC2 Instance","aws",0,3,1,0,0,43,448,1184,63,"058264436158","aws-prd-violet - 058264436158","i-08372aa52655cdb9c","ap-northeast-2","AWS Seoul",
"eks-node-prod-mobvas","EC2 Instance","aws",0,3,1,0,0,8,171,530,31,"265556339801","aws-prd-mobvas - 265556339801","i-078a3dc9d2352533f","ap-northeast-2","AWS Seoul",
"eks-node-prod-mobvas","EC2 Instance","aws",0,3,1,0,0,8,171,530,31,"265556339801","aws-prd-mobvas - 265556339801","i-00ae569e191f63fb0","ap-northeast-2","AWS Seoul",
"eks-node-prod-mobvas","EC2 Instance","aws",0,3,1,0,0,8,171,530,31,"265556339801","aws-prd-mobvas - 265556339801","i-0e11d2bb500057de1","ap-northeast-2","AWS Seoul",
"eks-node-prod-mobvas","EC2 Instance","aws",0,3,1,0,0,8,171,530,31,"265556339801","aws-prd-mobvas - 265556339801","i-0f75adf77d3e4ba77","ap-northeast-2","AWS Seoul",
"eks-node-prod-mobvas","EC2 Instance","aws",0,3,1,0,0,8,171,530,31,"265556339801","aws-prd-mobvas - 265556339801","i-0eaddd900c521519e","ap-northeast-2","AWS Seoul",
"ec2-prod-mobvas-private-config-mgmts-az2a","EC2 Instance","aws",0,3,1,0,0,39,684,1872,76,"265556339801","aws-prd-mobvas - 265556339801","i-054d95e309f8addbf","ap-northeast-2","AWS Seoul",
"eks-node-prod-mobvas","EC2 Instance","aws",0,3,1,0,0,8,171,530,31,"265556339801","aws-prd-mobvas - 265556339801","i-0a7fd4c8b4b798dfc","ap-northeast-2","AWS Seoul",
"eks-node-prod-mobvas","EC2 Instance","aws",0,3,1,0,0,8,171,530,31,"265556339801","aws-prd-mobvas - 265556339801","i-07ec201930ba9d512","ap-northeast-2","AWS Seoul",
"eks-node-prod-mobvas","EC2 Instance","aws",0,3,1,0,0,8,171,530,31,"265556339801","aws-prd-mobvas - 265556339801","i-0d90b2e187247e35e","ap-northeast-2","AWS Seoul",
"ec2-prod-mobvas-private-config-mgmts-az2c","EC2 Instance","aws",0,3,1,0,0,25,621,1826,65,"265556339801","aws-prd-mobvas - 265556339801","i-043b9240054449d92","ap-northeast-2","AWS Seoul",
"ec2-prod-crewcall-private-config-mgmts-az2c","EC2 Instance","aws",0,3,1,0,0,21,607,1798,63,"265556339801","aws-prd-mobvas - 265556339801","i-0b4d67ef3a8eb6d41","ap-northeast-2","AWS Seoul",
"ec2-prod-da-ssp-ad-whale-internal","EC2 Instance","aws",0,3,1,0,0,32,509,1941,112,"713747519962","aws-prd-ad001 - 713747519962","i-0b8212e9ebaa90b8b","ap-northeast-2","AWS Seoul",
"ec2-prod-da-ssp-ad-whale-internal","EC2 Instance","aws",0,3,1,0,0,29,499,1934,111,"713747519962","aws-prd-ad001 - 713747519962","i-0322ae2039387ded9","ap-northeast-2","AWS Seoul",
"ec2-prod-da-ssp-ad-whale-external","EC2 Instance","aws",0,3,1,0,0,28,497,1917,108,"713747519962","aws-prd-ad001 - 713747519962","i-0dbe98d626744b57c","ap-northeast-2","AWS Seoul",
"ec2-prod-da-ssp-config-mgmt","EC2 Instance","aws",0,3,1,0,0,7,571,1884,94,"713747519962","aws-prd-ad001 - 713747519962","i-00f4648ebdf983bef","ap-northeast-2","AWS Seoul",
"ec2-prod-da-ssp-config-mgmt","EC2 Instance","aws",0,3,1,0,0,7,621,2157,117,"713747519962","aws-prd-ad001 - 713747519962","i-09ffba183d8f11303","ap-northeast-2","AWS Seoul",
"ec2-prod-da-ssp-ad-whale-external","EC2 Instance","aws",0,3,1,0,0,28,497,1917,108,"713747519962","aws-prd-ad001 - 713747519962","i-055e07933b682133d","ap-northeast-2","AWS Seoul",
"ec2-prod-hyundai-mvmtv-config-mgmt","EC2 Instance","aws",0,3,1,0,0,19,491,1597,117,"452661163619","aws-prd-mvmtv - 452661163619","i-0aaef9f628bbb10bd","ap-northeast-2","AWS Seoul",
"ec2-prod-hyundai-mvmtv-config-mgmt","EC2 Instance","aws",0,3,1,0,0,19,492,1595,117,"452661163619","aws-prd-mvmtv - 452661163619","i-0a68eca99c48c14d7","ap-northeast-2","AWS Seoul",
"ec2-prd-uplustvmoa-config-mgmt","EC2 Instance","aws",0,3,1,0,0,5,373,1007,132,"339458293282","aws-prod-uplustvmoa - 339458293282","i-0e15903c46101fd49","ap-northeast-2","AWS Seoul",
"ec2-prd-uplustvmoa-config-mgmt","EC2 Instance","aws",0,3,1,0,0,5,373,1007,132,"339458293282","aws-prod-uplustvmoa - 339458293282","i-0030385c5b8d77aee","ap-northeast-2","AWS Seoul",
"kokfit-Admin","EC2 Instance","aws",0,3,1,0,0,29,1021,3211,146,"759727668558","onnetsolution - 759727668558","i-067e308894981baae","ap-northeast-2","AWS Seoul",
"kokfit-batch","EC2 Instance","aws",0,3,1,0,0,29,1017,3196,146,"759727668558","onnetsolution - 759727668558","i-0a4abc4001b9f089f","ap-northeast-2","AWS Seoul",
"ec2-nu-stest-nupf-Broker1-admin-az2a","EC2 Instance","aws",0,3,1,0,0,17,938,1886,298,"800445880799","AWS_SQA_NUPF - 800445880799","i-01c7e0612633ed77b","ap-northeast-2","AWS Seoul",
"nusqaapne2-polk-node-v1","EC2 Instance","aws",0,3,1,0,0,2,118,361,29,"800445880799","AWS_SQA_NUPF - 800445880799","i-0156c4588fcfc8c1e","ap-northeast-2","AWS Seoul",
"ec2-nu-stest-nupf-zookeeper3-main-az2a","EC2 Instance","aws",0,3,1,0,0,15,730,1489,279,"800445880799","AWS_SQA_NUPF - 800445880799","i-0bda2d357db492634","ap-northeast-2","AWS Seoul",
"ec2-nu-stest-nupf-zookeeper1-main-az2a","EC2 Instance","aws",0,3,1,0,0,15,735,1493,281,"800445880799","AWS_SQA_NUPF - 800445880799","i-0ba02055f6eea3aa3","ap-northeast-2","AWS Seoul",
"ec2-nu-stest-nupf-cdc2-az2c","EC2 Instance","aws",0,3,1,0,0,30,674,1402,249,"800445880799","AWS_SQA_NUPF - 800445880799","i-062f7cebbd410866d","ap-northeast-2","AWS Seoul",
"ec2-nu-stest-nupf-cdc3-az2a","EC2 Instance","aws",0,3,1,0,0,29,676,1402,250,"800445880799","AWS_SQA_NUPF - 800445880799","i-0128ffd8abb2312ac","ap-northeast-2","AWS Seoul",
"ec2-nu-stest-nupf-cdc1-az2a","EC2 Instance","aws",0,3,1,0,0,30,674,1402,249,"800445880799","AWS_SQA_NUPF - 800445880799","i-0ed6e2b1629d7e98f","ap-northeast-2","AWS Seoul",
"ec2-nu-stest-nupf-Broker3-main-az2a","EC2 Instance","aws",0,3,1,0,0,14,906,1849,294,"800445880799","AWS_SQA_NUPF - 800445880799","i-0cca2cc0e4ca81034","ap-northeast-2","AWS Seoul",
"ec2-nu-stest-nupf-zookeeper2-admin-az2c","EC2 Instance","aws",0,3,1,0,0,15,730,1489,279,"800445880799","AWS_SQA_NUPF - 800445880799","i-094cf7afca5674de5","ap-northeast-2","AWS Seoul",
"ec2-nu-stest-nupf-Broker3-admin-az2a","EC2 Instance","aws",0,3,1,0,0,17,938,1886,298,"800445880799","AWS_SQA_NUPF - 800445880799","i-0cf7d6abec2e13f04","ap-northeast-2","AWS Seoul",
"ec2-nu-stest-nupf-zookeeper2-main-az2c","EC2 Instance","aws",0,3,1,0,0,15,730,1489,279,"800445880799","AWS_SQA_NUPF - 800445880799","i-0e7ccbdff9244b235","ap-northeast-2","AWS Seoul",
"ec2-nu-stest-nupf-zookeeper1-admin-az2a","EC2 Instance","aws",0,3,1,0,0,15,730,1489,279,"800445880799","AWS_SQA_NUPF - 800445880799","i-0b941820e7cbe683e","ap-northeast-2","AWS Seoul",
"ec2-nu-stest-nupf-Broker1-main-az2a","EC2 Instance","aws",0,3,1,0,0,14,906,1849,294,"800445880799","AWS_SQA_NUPF - 800445880799","i-01a178bf4ca8f04bc","ap-northeast-2","AWS Seoul",
"ec2-nu-stest-nupf-Broker2-main-az2c","EC2 Instance","aws",0,3,1,0,0,14,906,1849,294,"800445880799","AWS_SQA_NUPF - 800445880799","i-0df97c8d40954331a","ap-northeast-2","AWS Seoul",
"ec2-nu-stest-nupf-Broker2-admin-az2c","EC2 Instance","aws",0,3,1,0,0,17,938,1886,298,"800445880799","AWS_SQA_NUPF - 800445880799","i-0f765c5e3347be0b6","ap-northeast-2","AWS Seoul",
"eks-if-prod-eagw-eksng-if-prod-eagw1-Node","EC2 Instance","aws",0,3,1,0,0,10,251,785,62,"221499275760","AWS_PROD_EAGW - 221499275760","i-001639db5dfb158eb","ap-northeast-2","AWS Seoul",
"eks-if-prod-eagw-eksng-if-prod-eagw1-Node","EC2 Instance","aws",0,3,1,0,0,10,251,785,62,"221499275760","AWS_PROD_EAGW - 221499275760","i-09ffa8fc974592f30","ap-northeast-2","AWS Seoul",
"eks-if-prod-eagw-eksng-if-prod-eagw1-Node","EC2 Instance","aws",0,3,1,0,0,10,251,785,62,"221499275760","AWS_PROD_EAGW - 221499275760","i-069777066c72ad089","ap-northeast-2","AWS Seoul",
"eks-if-prod-eagw-eksng-if-prod-eagw1-Node","EC2 Instance","aws",0,3,1,0,0,10,251,785,62,"221499275760","AWS_PROD_EAGW - 221499275760","i-0c2ec827e94b3918d","ap-northeast-2","AWS Seoul",
"eks-if-prod-eagw-eksng-if-prod-eagw1-Node","EC2 Instance","aws",0,3,1,0,0,10,251,785,62,"221499275760","AWS_PROD_EAGW - 221499275760","i-03b3453943691e493","ap-northeast-2","AWS Seoul",
"eks-if-prod-eagw-eksng-if-prod-eagw1-Node","EC2 Instance","aws",0,3,1,0,0,10,251,785,62,"221499275760","AWS_PROD_EAGW - 221499275760","i-0bf1b72249f41e98a","ap-northeast-2","AWS Seoul",
"eks-if-prod-eagw-eksng-if-prod-eagw1-Node","EC2 Instance","aws",0,3,1,0,0,10,251,785,62,"221499275760","AWS_PROD_EAGW - 221499275760","i-00ad210953a685ba5","ap-northeast-2","AWS Seoul",
"eks-if-prod-eagw-eksng-if-prod-eagw1-Node","EC2 Instance","aws",0,3,1,0,0,10,251,785,62,"221499275760","AWS_PROD_EAGW - 221499275760","i-082a2082cef210fe9","ap-northeast-2","AWS Seoul",
"ec2-az2a-luiot-prd-uplusmnger1","EC2 Instance","aws",0,3,1,0,0,12,226,576,387,"743932516527","svcalliance3 - 743932516527","i-0b950a93ed0a518d6","ap-northeast-2","AWS Seoul",
"ec2-az2a-luiot-prd-manager1","EC2 Instance","aws",0,3,1,0,0,12,226,576,367,"743932516527","svcalliance3 - 743932516527","i-0a81ad74c8f15b511","ap-northeast-2","AWS Seoul",
"ec2-az2a-luiot-prd-board1","EC2 Instance","aws",0,3,1,0,0,12,226,576,366,"743932516527","svcalliance3 - 743932516527","i-0e5330a0d3082a4f4","ap-northeast-2","AWS Seoul",
"ec2-az2a-luiot-prd-apollos","EC2 Instance","aws",0,3,1,0,0,58,391,717,384,"743932516527","svcalliance3 - 743932516527","i-09d5dd1b41fcc3e49","ap-northeast-2","AWS Seoul",
"ec2-az2a-luiot-prd-jumper","EC2 Instance","aws",0,3,1,0,0,14,321,774,540,"743932516527","svcalliance3 - 743932516527","i-09a0aa10ba0df829c","ap-northeast-2","AWS Seoul",
"ec2-az2a-luiot-prd-devex1","EC2 Instance","aws",0,3,1,0,0,31,253,584,367,"743932516527","svcalliance3 - 743932516527","i-08d29a95b831aa209","ap-northeast-2","AWS Seoul",
"ec2-az2a-luiot-prd-ifttt1","EC2 Instance","aws",0,3,1,0,0,12,226,576,387,"743932516527","svcalliance3 - 743932516527","i-04b7b26bf1308cc76","ap-northeast-2","AWS Seoul",
"ec2-az03-ufsm-prd-if","EC2 Instance","aws",0,3,1,0,0,76,534,1122,259,"846607658388","Flagship_app_stg - 846607658388","i-0789854e34d243df9","ap-northeast-2","AWS Seoul",
"ec2-az03-ufsm-prd-was","EC2 Instance","aws",0,3,1,0,0,89,572,1132,259,"846607658388","Flagship_app_stg - 846607658388","i-0aea6ac7169858b08","ap-northeast-2","AWS Seoul",
"ec2-prod-robotcp-vdgw-was","EC2 Instance","aws",0,3,1,0,0,18,593,1795,67,"954214438121","aws-prd-robot - 954214438121","i-0f262419bf222ec36","ap-northeast-2","AWS Seoul",
"ec2-prod-robotcp-app-was","EC2 Instance","aws",0,3,1,0,0,34,628,2033,101,"954214438121","aws-prd-robot - 954214438121","i-04b32ec5cbf7b0f0e","ap-northeast-2","AWS Seoul",
"ec2-prod-robotcp-mon-web","EC2 Instance","aws",0,3,1,0,0,19,597,1810,62,"954214438121","aws-prd-robot - 954214438121","i-00ea70df8e4b5e7d5","ap-northeast-2","AWS Seoul",
"ec2-prod-robotcp-lgsrgw-was","EC2 Instance","aws",0,3,1,0,0,22,736,2273,140,"954214438121","aws-prd-robot - 954214438121","i-0a1f6ede774a0e99d","ap-northeast-2","AWS Seoul",
"ec2-prod-robotcp-bastion-az2a","EC2 Instance","aws",0,3,1,0,0,22,702,2232,122,"954214438121","aws-prd-robot - 954214438121","i-02161832180319245","ap-northeast-2","AWS Seoul",
"ec2-prod-robotcp-bat","EC2 Instance","aws",0,3,1,0,0,27,794,2345,168,"954214438121","aws-prd-robot - 954214438121","i-0856242e37e9dd10c","ap-northeast-2","AWS Seoul",
"ec2-prod-robotcp-mgmt-was","EC2 Instance","aws",0,3,1,0,0,22,767,2318,163,"954214438121","aws-prd-robot - 954214438121","i-09515269577c18dee","ap-northeast-2","AWS Seoul",
"ec2-prod-robotcp-mon-was","EC2 Instance","aws",0,3,1,0,0,18,593,1795,67,"954214438121","aws-prd-robot - 954214438121","i-0c162bcd185f3a0d5","ap-northeast-2","AWS Seoul",
"ec2-prod-robotcp-mon-web","EC2 Instance","aws",0,3,1,0,0,19,597,1810,62,"954214438121","aws-prd-robot - 954214438121","i-09b7929f56e6e0cb5","ap-northeast-2","AWS Seoul",
"ec2-prod-robotcp-colt","EC2 Instance","aws",0,3,1,0,0,22,736,2273,140,"954214438121","aws-prd-robot - 954214438121","i-0c11e13a7bbc0f75c","ap-northeast-2","AWS Seoul",
"ec2-prod-robotcp-ctrl","EC2 Instance","aws",0,3,1,0,0,22,742,2292,142,"954214438121","aws-prd-robot - 954214438121","i-07dcb4179036577dd","ap-northeast-2","AWS Seoul",
"ec2-prod-robotcp-config-mgmt","EC2 Instance","aws",0,3,1,0,0,14,238,564,33,"954214438121","aws-prd-robot - 954214438121","i-01ff09bb5c6642e2a","ap-northeast-2","AWS Seoul",
"ec2-prod-robotcp-ctrl","EC2 Instance","aws",0,3,1,0,0,30,797,2353,168,"954214438121","aws-prd-robot - 954214438121","i-07287b4b36f871127","ap-northeast-2","AWS Seoul",
"ec2-prod-robotcp-mgmt-was","EC2 Instance","aws",0,3,1,0,0,23,583,1978,95,"954214438121","aws-prd-robot - 954214438121","i-06f48e3da7dfcc476","ap-northeast-2","AWS Seoul",
"ec2-prod-robotcp-mgmt-web","EC2 Instance","aws",0,3,1,0,0,23,593,1991,87,"954214438121","aws-prd-robot - 954214438121","i-0b369db33f3128dc4","ap-northeast-2","AWS Seoul",
"ec2-prod-robotcp-app-web","EC2 Instance","aws",0,3,1,0,0,22,765,2315,154,"954214438121","aws-prd-robot - 954214438121","i-01083c6f71c753175","ap-northeast-2","AWS Seoul",
"ec2-prod-robotcp-amdt","EC2 Instance","aws",0,3,1,0,0,22,736,2273,140,"954214438121","aws-prd-robot - 954214438121","i-068ee2a70df19cb09","ap-northeast-2","AWS Seoul",
"ec2-prod-robotcp-app-was","EC2 Instance","aws",0,3,1,0,0,22,767,2318,163,"954214438121","aws-prd-robot - 954214438121","i-0c3ae90680a46fb2d","ap-northeast-2","AWS Seoul",
"ec2-prod-robotcp-colt","EC2 Instance","aws",0,3,1,0,0,23,746,2293,142,"954214438121","aws-prd-robot - 954214438121","i-0be030eb1da787bdd","ap-northeast-2","AWS Seoul",
"ec2-prod-robotcp-vdgw-was","EC2 Instance","aws",0,3,1,0,0,20,607,1811,69,"954214438121","aws-prd-robot - 954214438121","i-0bfc231483e27d757","ap-northeast-2","AWS Seoul",
"ec2-prod-robotcp-lgsrgw-was","EC2 Instance","aws",0,3,1,0,0,22,736,2273,140,"954214438121","aws-prd-robot - 954214438121","i-09d97b6c7a8b34f73","ap-northeast-2","AWS Seoul",
"ec2-prod-robotcp-oapi","EC2 Instance","aws",0,3,1,0,0,22,714,2524,98,"954214438121","aws-prd-robot - 954214438121","i-04766746c79dc22d0","ap-northeast-2","AWS Seoul",
"ec2-prod-robotcp-mon-was","EC2 Instance","aws",0,3,1,0,0,18,593,1795,67,"954214438121","aws-prd-robot - 954214438121","i-0ff6164f067af762f","ap-northeast-2","AWS Seoul",
"ec2-prod-robotcp-amdt","EC2 Instance","aws",0,3,1,0,0,22,736,2273,140,"954214438121","aws-prd-robot - 954214438121","i-0d73dcac34b71ff55","ap-northeast-2","AWS Seoul",
"ec2-prod-robotcp-krobogw-was","EC2 Instance","aws",0,3,1,0,0,22,608,2011,90,"954214438121","aws-prd-robot - 954214438121","i-01485dd8f901e946f","ap-northeast-2","AWS Seoul",
"ec2-prod-robotcp-config-mgmt","EC2 Instance","aws",0,3,1,0,0,14,238,564,33,"954214438121","aws-prd-robot - 954214438121","i-0ee3498d98614d33e","ap-northeast-2","AWS Seoul",
"ec2-prod-robotcp-bat","EC2 Instance","aws",0,3,1,0,0,26,792,2341,167,"954214438121","aws-prd-robot - 954214438121","i-0d27e6648d4684286","ap-northeast-2","AWS Seoul",
"ec2-prod-robotcp-app-web","EC2 Instance","aws",0,3,1,0,0,22,765,2315,154,"954214438121","aws-prd-robot - 954214438121","i-06f1b1c7978a0d79c","ap-northeast-2","AWS Seoul",
"ec2-prod-robotcp-oapi","EC2 Instance","aws",0,3,1,0,0,22,714,2524,98,"954214438121","aws-prd-robot - 954214438121","i-078377c19fd3e3347","ap-northeast-2","AWS Seoul",
"ec2-prod-robotcp-mgmt-web","EC2 Instance","aws",0,3,1,0,0,22,765,2315,154,"954214438121","aws-prd-robot - 954214438121","i-0ef6d67f638ea8def","ap-northeast-2","AWS Seoul",
"PRD-RCS-MAAP-ADMIN-A1","EC2 Instance","aws",0,3,1,0,0,91,945,1221,239,"158060049443","RCSMaaP_PRD - 158060049443","i-06550394dbcb0db0f","ap-northeast-2","AWS Seoul",
"PRD-RCS-MAAP-EKS-1-30-NODE-30-PRD-RCS-MAAP-A2P-02","EC2 Instance","aws",0,3,1,0,0,5,153,397,22,"158060049443","RCSMaaP_PRD - 158060049443","i-05996928c620f3297","ap-northeast-2","AWS Seoul",
"PRD-RCS-MAAP-LOGCOLLECTOR-C1","EC2 Instance","aws",0,3,1,0,0,60,580,512,82,"158060049443","RCSMaaP_PRD - 158060049443","i-054cff94e7c37e302","ap-northeast-2","AWS Seoul",
"PRD-RCS-MAAP-EKS-1-30-NODE-30-PRD-RCS-MAAP-A2P-01","EC2 Instance","aws",0,3,1,0,0,5,153,397,22,"158060049443","RCSMaaP_PRD - 158060049443","i-05d21189a04dfb99b","ap-northeast-2","AWS Seoul",
"PRD-RCS-MAAP-EKS-1-30-NODE-30-PRD-RCS-MAAP-A2P-01","EC2 Instance","aws",0,3,1,0,0,7,159,407,22,"158060049443","RCSMaaP_PRD - 158060049443","i-01a6d474cdc536335","ap-northeast-2","AWS Seoul",
"PRD-RCS-MAAP-ELK","EC2 Instance","aws",0,3,1,0,0,15,425,920,211,"158060049443","RCSMaaP_PRD - 158060049443","i-068024ba607ffd2e6","ap-northeast-2","AWS Seoul",
"ec2-prd-aisb-sttLearning-az2a","EC2 Instance","aws",0,3,1,0,0,54,719,1877,176,"367846675615","aws-prd-aisb - 367846675615","i-043d71b4610f0c349","ap-northeast-2","AWS Seoul",
"ec2-prd-aisb-callbotAdmin-az2c","EC2 Instance","aws",0,3,1,0,0,42,730,1940,203,"367846675615","aws-prd-aisb - 367846675615","i-0709e05379470f998","ap-northeast-2","AWS Seoul",
"ec2-prd-aisb-nlp-az2a","EC2 Instance","aws",0,3,1,0,0,80,575,1263,203,"367846675615","aws-prd-aisb - 367846675615","i-029737f5af3181399","ap-northeast-2","AWS Seoul",
"ec2-prd-aisb-stt-az2a","EC2 Instance","aws",0,3,1,0,0,63,515,1211,181,"367846675615","aws-prd-aisb - 367846675615","i-00306cf06681efbd0","ap-northeast-2","AWS Seoul",
"ec2-prd-aisb-tts-az2c","EC2 Instance","aws",0,3,1,0,0,61,508,1212,181,"367846675615","aws-prd-aisb - 367846675615","i-0cdd7f5919cb4614a","ap-northeast-2","AWS Seoul",
"ec2-prd-aisb-stt-az2c","EC2 Instance","aws",0,3,1,0,0,63,515,1211,181,"367846675615","aws-prd-aisb - 367846675615","i-005c147818e469e76","ap-northeast-2","AWS Seoul",
"ec2-prd-aisb-tts-az2a","EC2 Instance","aws",0,3,1,0,0,61,508,1212,181,"367846675615","aws-prd-aisb - 367846675615","i-0dce6e5d4337d09c9","ap-northeast-2","AWS Seoul",
"ec2-prd-aisb-nlp-az2c","EC2 Instance","aws",0,3,1,0,0,80,575,1263,203,"367846675615","aws-prd-aisb - 367846675615","i-04d80ad3ea9c845fc","ap-northeast-2","AWS Seoul",
"ec2-prd-aisb-callbotAdmin-az2a","EC2 Instance","aws",0,3,1,0,0,42,730,1940,203,"367846675615","aws-prd-aisb - 367846675615","i-00b06a971be17e77c","ap-northeast-2","AWS Seoul",
"ec2-prd-livc-trans-img-2","EC2 Instance","aws",0,3,1,0,0,13,631,1276,216,"105245712681","eduworks - 105245712681","i-0da8bbb320f9a73f3","ap-northeast-2","AWS Seoul",
"ec2-prd-livc-trans-vod-4","EC2 Instance","aws",0,3,1,0,0,6,594,1201,213,"105245712681","eduworks - 105245712681","i-088f3009a724f175e","ap-northeast-2","AWS Seoul",
"ec2-prd-livc-trans-vod-3","EC2 Instance","aws",0,3,1,0,0,13,613,1265,216,"105245712681","eduworks - 105245712681","i-004dc737c92e5e71d","ap-northeast-2","AWS Seoul",
"ec2-prd-livc-trans-lms-vod-1","EC2 Instance","aws",0,3,1,0,0,13,631,1276,216,"105245712681","eduworks - 105245712681","i-0f6b23bd559948011","ap-northeast-2","AWS Seoul",
"ec2-prd-livc-trans-vod-5","EC2 Instance","aws",0,3,1,0,0,6,594,1201,213,"105245712681","eduworks - 105245712681","i-075a958b7ecd34b23","ap-northeast-2","AWS Seoul",
"ec2-prd-livc-trans-vod-2","EC2 Instance","aws",0,3,1,0,0,13,631,1276,216,"105245712681","eduworks - 105245712681","i-08354640a1a754671","ap-northeast-2","AWS Seoul",
"ec2-prd-livc-trans-img-1","EC2 Instance","aws",0,3,1,0,0,13,631,1276,216,"105245712681","eduworks - 105245712681","i-0e7bd1025bb25316c","ap-northeast-2","AWS Seoul",
"ec2-prd-livc-trans-vod-1","EC2 Instance","aws",0,3,1,0,0,13,631,1276,217,"105245712681","eduworks - 105245712681","i-0bcceaebdfa41ad9e","ap-northeast-2","AWS Seoul",
"ec2-prd-livc-trans-lms-vod-2","EC2 Instance","aws",0,3,1,0,0,13,631,1276,216,"105245712681","eduworks - 105245712681","i-01aff63f7e18a62c5","ap-northeast-2","AWS Seoul",
"ec2-prd-mpay-eksmgmt-01","EC2 Instance","aws",0,3,1,0,0,84,1207,2003,299,"575219035219","LGUplus_micropay_prod - 575219035219","i-0fcb98eaa1ce201ce","ap-northeast-2","AWS Seoul",
"ec2-prd-mpay-eksmgmt-02","EC2 Instance","aws",0,3,1,0,0,52,1028,1833,252,"575219035219","LGUplus_micropay_prod - 575219035219","i-0c5902132d70b18dd","ap-northeast-2","AWS Seoul",
"nodeg-prd-mpay-eksmpay-ng-1-30","EC2 Instance","aws",0,3,1,0,0,6,155,412,21,"575219035219","LGUplus_micropay_prod - 575219035219","i-09208186149132c72","ap-northeast-2","AWS Seoul",
"ec2-prod-crewcall-private-config-mgmts-az2a","EC2 Instance","aws",0,3,1,0,0,24,613,1818,73,"265556339801","aws-prd-mobvas - 265556339801","i-0fba52c37de3eed0e","ap-northeast-2","AWS Seoul",
"i-04cf3ae8f1805b69a","EC2 Instance","aws",0,3,1,0,0,3,119,397,20,"532244111777","AWS_CM_SHARE - 532244111777","i-04cf3ae8f1805b69a","ap-northeast-2","AWS Seoul",
"i-0f4a25a50079a435b","EC2 Instance","aws",0,3,1,0,0,3,119,397,20,"532244111777","AWS_CM_SHARE - 532244111777","i-0f4a25a50079a435b","ap-northeast-2","AWS Seoul",
"PRD-RCS-PRI-PROXY (상시기동, S.P. 적용검토중)","EC2 Instance","aws",0,3,1,0,0,1,497,1001,83,"749191198107","aws-prd-rcs - 749191198107","i-04e142119ee837734","ap-northeast-2","AWS Seoul",
"PRD-RCS-PRI-BCCARD (상시기동, S.P. 적용)","EC2 Instance","aws",0,3,1,0,0,4,349,726,80,"749191198107","aws-prd-rcs - 749191198107","i-06330bb60e1780dea","ap-northeast-2","AWS Seoul",
"PRD-RCS-PRI-BCCARD (상시기동, S.P. 적용)","EC2 Instance","aws",0,3,1,0,0,4,349,726,80,"749191198107","aws-prd-rcs - 749191198107","i-0936a2eeb4dec40d9","ap-northeast-2","AWS Seoul",
"PRD-RCS-PRI-PROXY (상시기동, S.P. 적용검토중)","EC2 Instance","aws",0,3,1,0,0,1,624,1326,120,"749191198107","aws-prd-rcs - 749191198107","i-0bef1a930d0f53c32","ap-northeast-2","AWS Seoul",
"ec2-iptvs-iptvott-aisearch-prod#2","EC2 Instance","aws",0,3,1,0,0,35,969,2808,194,"971216839324","IPTV_OTT_SEARCH_prod - 971216839324","i-03f3550fe6b3d8987","ap-northeast-2","AWS Seoul",
"ec2-iptvs-iptvott-aisearch-prod#1","EC2 Instance","aws",0,3,1,0,0,35,748,2043,183,"971216839324","IPTV_OTT_SEARCH_prod - 971216839324","i-02e90018f3e97191a","ap-northeast-2","AWS Seoul",
"kafkaproxy-netxd_dev_apnortheast2-v002","EC2 Instance","aws",0,3,1,0,0,13,570,2066,114,"506954789174","dax-network - 506954789174","i-03c052f34c8be08c4","ap-northeast-2","AWS Seoul",
"tcpproxy-netd_apnortheast2-v000","EC2 Instance","aws",0,3,1,0,0,2,528,1973,121,"506954789174","dax-network - 506954789174","i-0391f682e43e6ded2","ap-northeast-2","AWS Seoul",
"kafkaproxy-netx_apnortheast2-v003","EC2 Instance","aws",0,3,1,0,0,5,531,2021,116,"506954789174","dax-network - 506954789174","i-0e2ad3372ae3c27dc","ap-northeast-2","AWS Seoul",
"kafkaproxy-netd_apnortheast2-v002","EC2 Instance","aws",0,3,1,0,0,5,581,2173,129,"506954789174","dax-network - 506954789174","i-077953108c2d96b18","ap-northeast-2","AWS Seoul",
"kafkaproxy-netxd_stage_apnortheast2-v004","EC2 Instance","aws",0,3,1,0,0,7,546,2035,111,"506954789174","dax-network - 506954789174","i-054a7fb2ea681f7af","ap-northeast-2","AWS Seoul",
"ec2-prd-spam-serv-was-az2c","EC2 Instance","aws",0,3,1,0,0,76,636,1356,180,"576229193210","aws-prd-spam - 576229193210","i-00871fb9894e63b4e","ap-northeast-2","AWS Seoul",
"ec2-prd-spam-evan-was-az2a","EC2 Instance","aws",0,3,1,0,0,8,617,1792,155,"576229193210","aws-prd-spam - 576229193210","i-03124f3d2741f7b97","ap-northeast-2","AWS Seoul",
"ec2-prd-spam-serv-was-az2a","EC2 Instance","aws",0,3,1,0,0,76,636,1356,180,"576229193210","aws-prd-spam - 576229193210","i-07dc2e921a908774e","ap-northeast-2","AWS Seoul",
"ec2-prd-spam-bst-int-az2c","EC2 Instance","aws",0,3,1,0,0,39,648,1796,171,"576229193210","aws-prd-spam - 576229193210","i-0309760d69fbd8e20","ap-northeast-2","AWS Seoul",
"ec2-prd-spam-admn-was-az2c","EC2 Instance","aws",0,3,1,0,0,71,659,1366,173,"576229193210","aws-prd-spam - 576229193210","i-0f186b4f3c3f0e8f6","ap-northeast-2","AWS Seoul",
"ec2-prd-spam-admn-was-az2a","EC2 Instance","aws",0,3,1,0,0,71,659,1366,174,"576229193210","aws-prd-spam - 576229193210","i-06aff658022f5b2b0","ap-northeast-2","AWS Seoul",
"ec2-prd-spam-evan-was-az2c","EC2 Instance","aws",0,3,1,0,0,8,617,1792,155,"576229193210","aws-prd-spam - 576229193210","i-005b287b9f4d43a5b","ap-northeast-2","AWS Seoul",
"jenkins-teumred_apnortheast2-v019","EC2 Instance","aws",0,3,1,0,0,18,553,1789,85,"138175091927","Flagship_app_qa - 138175091927","i-09029ddc5178c7279","ap-northeast-2","AWS Seoul",
"nodeg-dev-mpay-eksmpay-ng-1-30","EC2 Instance","aws",0,2,1,0,0,,,,,"257599878661","LGUplus_micropay_dev - 257599878661","i-0962e3a00cfc11c33","ap-northeast-2","AWS Seoul",
"nodeg-dev-mpay-eksweb-ng-1-30","EC2 Instance","aws",0,2,1,0,0,,,,,"257599878661","LGUplus_micropay_dev - 257599878661","i-07bd30e7e540c427c","ap-northeast-2","AWS Seoul",
"nodeg-dev-mpay-eksweb-ng-1-30","EC2 Instance","aws",0,2,1,0,0,,,,,"257599878661","LGUplus_micropay_dev - 257599878661","i-0f3aac92bd3ec0ada","ap-northeast-2","AWS Seoul",
"nodeg-stg-mpay-eksweb-ng-1-30","EC2 Instance","aws",0,2,1,0,0,,,,,"817215403370","LGUplus_micropay_stage - 817215403370","i-00e0b3d4d2865edb9","ap-northeast-2","AWS Seoul",
"nodeg-stg-mpay-eksweb-ng-1-30","EC2 Instance","aws",0,2,1,0,0,,,,,"817215403370","LGUplus_micropay_stage - 817215403370","i-096dd01451cde4d41","ap-northeast-2","AWS Seoul",
"nodeg-stg-mpay-eksmpay-ng-1-30","EC2 Instance","aws",0,2,1,0,0,,,,,"817215403370","LGUplus_micropay_stage - 817215403370","i-01e0dc075a4cddede","ap-northeast-2","AWS Seoul",
"nodeg-stg-mpay-eksmpay-ng-1-30","EC2 Instance","aws",0,2,1,0,0,,,,,"817215403370","LGUplus_micropay_stage - 817215403370","i-075430997c410c1a4","ap-northeast-2","AWS Seoul",
"nusqaapne2-polk-spot-karpenter","EC2 Instance","aws",0,2,1,0,0,0,0,0,0,"800445880799","AWS_SQA_NUPF - 800445880799","i-08e1795738d6e2636","ap-northeast-2","AWS Seoul",
"nusqaapne2-polk-spot-karpenter","EC2 Instance","aws",0,2,1,0,0,,,,,"800445880799","AWS_SQA_NUPF - 800445880799","i-085777c69bb9c84ed","ap-northeast-2","AWS Seoul",
"uplus-ads-task-prod","EC2 Instance","aws",0,2,1,0,0,,,,,"771097826720","anypointmedia - uplus - 771097826720","i-0d93921ad58cd049c","ap-northeast-2","AWS Seoul",
"ec2-dev-nerp-hanadb-01-az2c","EC2 Instance","aws",0,2,1,0,0,0,0,0,0,"410981894761","aws-dev-nerp - 410981894761","i-0732df532b2c352e2","ap-northeast-2","AWS Seoul",
"ec2-dev-nerp-sapap-01-az2a","EC2 Instance","aws",0,2,1,0,0,0,0,0,0,"410981894761","aws-dev-nerp - 410981894761","i-0c9fd92127cd38d22","ap-northeast-2","AWS Seoul",
"ec2-stg-nerp-sapap-01-az2a","EC2 Instance","aws",0,2,1,0,0,0,0,0,0,"367081265349","aws-stg-nerp - 367081265349","i-0b52fef46712ad6fb","ap-northeast-2","AWS Seoul",
"ec2-stg-nerp-hanadb-01-az2c","EC2 Instance","aws",0,2,1,0,0,0,0,0,0,"367081265349","aws-stg-nerp - 367081265349","i-0d59c539a7195f17d","ap-northeast-2","AWS Seoul",
"uplus-stats-device-state-prod-v2","EC2 Instance","aws",0,2,1,0,0,,,,,"771097826720","anypointmedia - uplus - 771097826720","i-0b969916959da6d70","ap-northeast-2","AWS Seoul",
"PRD-RCS-MAAP-EKS-1-30-NODE-30-PRD-RCS-MAAP-MQ-06","EC2 Instance","aws",0,2,1,0,0,,,,,"158060049443","RCSMaaP_PRD - 158060049443","i-0f732fea495dbf1a0","ap-northeast-2","AWS Seoul",
"PRD-RCS-MAAP-EKS-1-30-NODE-30-PRD-RCS-MAAP-MQ-05","EC2 Instance","aws",0,2,1,0,0,,,,,"158060049443","RCSMaaP_PRD - 158060049443","i-0b57af0272eced03b","ap-northeast-2","AWS Seoul",
"PRD-RCS-MAAP-EKS-1-30-NODE-30-PRD-RCS-MAAP-MQ-04","EC2 Instance","aws",0,2,1,0,0,,,,,"158060049443","RCSMaaP_PRD - 158060049443","i-0c38f2314d6f8b493","ap-northeast-2","AWS Seoul",
"NODE-30-PRD-RCS-MAAP-A2P-04","EC2 Instance","aws",0,2,1,0,0,,,,,"158060049443","RCSMaaP_PRD - 158060049443","i-0896bcf2338107327","ap-northeast-2","AWS Seoul",
"PRD-RCS-MAAP-EKS-1-30-NODE-30-PRD-RCS-MAAP-MQ-05","EC2 Instance","aws",0,2,1,0,0,,,,,"158060049443","RCSMaaP_PRD - 158060049443","i-0b717077dd36dfbba","ap-northeast-2","AWS Seoul",
"PRD-RCS-MAAP-EKS-1-30-NODE-30-PRD-RCS-MAAP-MQ-03","EC2 Instance","aws",0,2,1,0,0,,,,,"158060049443","RCSMaaP_PRD - 158060049443","i-03c2b9f5df31ac9ae","ap-northeast-2","AWS Seoul",
"NODE-30-PRD-RCS-MAAP-A2P-04","EC2 Instance","aws",0,2,1,0,0,,,,,"158060049443","RCSMaaP_PRD - 158060049443","i-049dcc6c637f161fa","ap-northeast-2","AWS Seoul",
"NODE-30-PRD-RCS-MAAP-A2P-03","EC2 Instance","aws",0,2,1,0,0,,,,,"158060049443","RCSMaaP_PRD - 158060049443","i-0ce5266ce85f98db5","ap-northeast-2","AWS Seoul",
"PRD-RCS-MAAP-EKS-1-30-NODE-30-PRD-RCS-MAAP-MQ-03","EC2 Instance","aws",0,2,1,0,0,,,,,"158060049443","RCSMaaP_PRD - 158060049443","i-09387b8dc0f53320e","ap-northeast-2","AWS Seoul",
"PRD-RCS-MAAP-EKS-1-30-NODE-30-PRD-RCS-MAAP-MQ-04","EC2 Instance","aws",0,2,1,0,0,,,,,"158060049443","RCSMaaP_PRD - 158060049443","i-0b400adb57a01fb21","ap-northeast-2","AWS Seoul",
"PRD-RCS-MAAP-EKS-1-30-NODE-30-PRD-RCS-MAAP-A2P-05","EC2 Instance","aws",0,2,1,0,0,,,,,"158060049443","RCSMaaP_PRD - 158060049443","i-0ef29d3c7e8d65ad9","ap-northeast-2","AWS Seoul",
"PRD-RCS-MAAP-EKS-1-30-NODE-30-PRD-RCS-MAAP-A2P-06","EC2 Instance","aws",0,2,1,0,0,,,,,"158060049443","RCSMaaP_PRD - 158060049443","i-07497cc7b436f220b","ap-northeast-2","AWS Seoul",
"PRD-RCS-MAAP-EKS-1-30-NODE-30-PRD-RCS-MAAP-A2P-05","EC2 Instance","aws",0,2,1,0,0,,,,,"158060049443","RCSMaaP_PRD - 158060049443","i-0480c21463f14c41b","ap-northeast-2","AWS Seoul",
"NODE-30-PRD-RCS-MAAP-A2P-03","EC2 Instance","aws",0,2,1,0,0,,,,,"158060049443","RCSMaaP_PRD - 158060049443","i-08b770fdbf21166b3","ap-northeast-2","AWS Seoul",
"PRD-RCS-MAAP-EKS-1-30-NODE-30-PRD-RCS-MAAP-A2P-06","EC2 Instance","aws",0,2,1,0,0,,,,,"158060049443","RCSMaaP_PRD - 158060049443","i-064f97eb9cdeed8e9","ap-northeast-2","AWS Seoul",
"PRD-RCS-MAAP-EKS-1-30-NODE-30-PRD-RCS-MAAP-MQ-06","EC2 Instance","aws",0,2,1,0,0,,,,,"158060049443","RCSMaaP_PRD - 158060049443","i-052a5096e966405ef","ap-northeast-2","AWS Seoul",
"nuprodapne2-shoz-service-node-v2","EC2 Instance","aws",0,2,1,0,0,,,,,"861894787667","AWS_PROD_NUPF - 861894787667","i-0b2d6caf3feadf498","ap-northeast-2","AWS Seoul",
"nuprodapne2-shoz-service-node-v2","EC2 Instance","aws",0,2,1,0,0,,,,,"861894787667","AWS_PROD_NUPF - 861894787667","i-0146fc990086aa8a4","ap-northeast-2","AWS Seoul",
"nuprodapne2-shoz-service-node-v2","EC2 Instance","aws",0,2,1,0,0,,,,,"861894787667","AWS_PROD_NUPF - 861894787667","i-0ed8445d8f48da8a2","ap-northeast-2","AWS Seoul",
"nuprodapne2-shoz-service-node-v2","EC2 Instance","aws",0,2,1,0,0,,,,,"861894787667","AWS_PROD_NUPF - 861894787667","i-01acc4a50c22aa522","ap-northeast-2","AWS Seoul",
"nuprodapne2-shoz-service-node-v2","EC2 Instance","aws",0,2,1,0,0,,,,,"861894787667","AWS_PROD_NUPF - 861894787667","i-0ac931f1f25fa1315","ap-northeast-2","AWS Seoul",
"nuprodapne2-shoz-service-node-v2","EC2 Instance","aws",0,2,1,0,0,,,,,"861894787667","AWS_PROD_NUPF - 861894787667","i-0ca8d7bb4f08d367c","ap-northeast-2","AWS Seoul",
"nupfdapne2-wxiz-node-v1","EC2 Instance","aws",0,2,1,0,0,,,,,"123730156562","AWS_SVC_NUPF_SDEV - 123730156562","i-0fb19061cb886cd3d","ap-northeast-2","AWS Seoul",
"nupfdapne2-wxiz-node-v1","EC2 Instance","aws",0,2,1,0,0,,,,,"123730156562","AWS_SVC_NUPF_SDEV - 123730156562","i-059c46b1d734c30dd","ap-northeast-2","AWS Seoul",
"uplus-device-worker-prod","EC2 Instance","aws",0,2,1,0,0,,,,,"771097826720","anypointmedia - uplus - 771097826720","i-0b792d9acf8f6982f","ap-northeast-2","AWS Seoul",
"uplus-device-worker-prod","EC2 Instance","aws",0,2,1,0,0,,,,,"771097826720","anypointmedia - uplus - 771097826720","i-01faa6a961f150484","ap-northeast-2","AWS Seoul",
"uplus-mediation-prod","EC2 Instance","aws",0,2,1,0,0,,,,,"771097826720","anypointmedia - uplus - 771097826720","i-04ac96613ad79b5ce","ap-northeast-2","AWS Seoul",
"uplus-mediation-prod","EC2 Instance","aws",0,2,1,0,0,,,,,"771097826720","anypointmedia - uplus - 771097826720","i-037e9fa85fd16db21","ap-northeast-2","AWS Seoul",
"nusqaapne2-polk-ondemand-karpenter","EC2 Instance","aws",0,2,1,0,0,2,118,357,29,"800445880799","AWS_SQA_NUPF - 800445880799","i-0a779e0f28f10b41b","ap-northeast-2","AWS Seoul",
"nusqaapne2-polk-ondemand-karpenter","EC2 Instance","aws",0,2,1,0,0,0,0,0,0,"800445880799","AWS_SQA_NUPF - 800445880799","i-09aa95b17104218f3","ap-northeast-2","AWS Seoul",
"ec2-prd-clcc-bst-win-01","EC2 Instance","aws",0,2,0,1,0,16,635,280,6,"230837497989","awsprdclcc - 230837497989","i-06ccebb1e2f2e5ea1","ap-northeast-2","AWS Seoul",
"ixiotest-alb-lattice-bastion","EC2 Instance","aws",0,1,1,0,1,0,30,43,10,"637423566905","aws-dev-mswnetd - 637423566905","i-01738d665a45bcd6c","ap-northeast-2","AWS Seoul",
"ec2-dev-clcc-bst-win-02","EC2 Instance","aws",0,2,1,0,0,15,624,255,6,"773872345005","awsdevclcc - 773872345005","i-017490ea1f9485039","ap-northeast-2","AWS Seoul",
"ec2-clcc-prx-f5-turn-test-v2","EC2 Instance","aws",0,2,1,0,0,0,0,0,0,"773872345005","awsdevclcc - 773872345005","i-083ceebb82ecd1886","ap-northeast-2","AWS Seoul",
"uplus-skywalking","EC2 Instance","aws",0,2,1,0,0,0,0,0,0,"771097826720","anypointmedia - uplus - 771097826720","i-0646cba2597e5b565","ap-northeast-2","AWS Seoul",
"prod-zookeeper-2","EC2 Instance","aws",0,2,1,0,0,0,0,0,0,"771097826720","anypointmedia - uplus - 771097826720","i-03349693121cd5490","ap-northeast-2","AWS Seoul",
"prod-nifi-impression-v3","EC2 Instance","aws",0,2,1,0,0,0,0,0,0,"771097826720","anypointmedia - uplus - 771097826720","i-05814c112c20ba732","ap-northeast-2","AWS Seoul",
"prod-zookeeper-1","EC2 Instance","aws",0,2,1,0,0,0,0,0,0,"771097826720","anypointmedia - uplus - 771097826720","i-02a4e49780a0a65ed","ap-northeast-2","AWS Seoul",
"prod-zookeeper-3","EC2 Instance","aws",0,2,1,0,0,0,0,0,0,"771097826720","anypointmedia - uplus - 771097826720","i-061838a02e88d33d7","ap-northeast-2","AWS Seoul",
"download-server-proxy","EC2 Instance","aws",0,2,0,1,0,9,365,802,181,"771097826720","anypointmedia - uplus - 771097826720","i-0e5b9ff9a418cd110","ap-northeast-2","AWS Seoul",
"presto-prod","EC2 Instance","aws",0,2,0,1,0,104,948,2073,94,"771097826720","anypointmedia - uplus - 771097826720","i-07fe5a0667d0087db","ap-northeast-2","AWS Seoul",
"lgup-dev-stp-wincom-pub-stpvts1","EC2 Instance","aws",0,2,1,0,0,44,304,581,404,"021925306640","aws-lstp-iptv - 021925306640","i-0b9008e6256aeb3f9","ap-northeast-2","AWS Seoul",
"lgup-dev-stp-oracle-shadow","EC2 Instance","aws",0,2,1,0,0,67,928,1783,294,"021925306640","aws-lstp-iptv - 021925306640","i-09c98b00370c927cc","ap-northeast-2","AWS Seoul",
"QA-STG","EC2 Instance","aws",0,1,1,0,1,1,60,181,11,"730335661456","aws-dev-CommunicationAI - 730335661456","i-0a8e68643bad036d7","ap-northeast-2","AWS Seoul",
"evalops-dev-hub","EC2 Instance","aws",0,1,1,0,1,0,30,43,10,"195275648674","aws-feedback-sredev - 195275648674","i-0d4658d984a0a4a08","ap-northeast-2","AWS Seoul",
"bastion-timbel","EC2 Instance","aws",0,2,1,0,0,0,11,13,5,"932507484725","aws-AICC-bmt - 932507484725","i-084d6cf1efdd3f5a2","ap-northeast-2","AWS Seoul",
"bastion-tnict","EC2 Instance","aws",0,2,1,0,0,0,11,13,5,"932507484725","aws-AICC-bmt - 932507484725","i-05430d0233a98a85c","ap-northeast-2","AWS Seoul",
"bastion-diquest","EC2 Instance","aws",0,2,1,0,0,0,11,13,5,"932507484725","aws-AICC-bmt - 932507484725","i-09cbf46ba5da38256","ap-northeast-2","AWS Seoul",
"bastion-rapaoe","EC2 Instance","aws",0,2,1,0,0,0,12,13,6,"932507484725","aws-AICC-bmt - 932507484725","i-0b8b289d7c3c32470","ap-northeast-2","AWS Seoul",
"bastion-avaya","EC2 Instance","aws",0,2,1,0,0,0,11,13,5,"932507484725","aws-AICC-bmt - 932507484725","i-074268db4ad6e5bdf","ap-northeast-2","AWS Seoul",
"bastion-ecs","EC2 Instance","aws",0,2,1,0,0,5,19,27,5,"932507484725","aws-AICC-bmt - 932507484725","i-052e8e92c45d54c6d","ap-northeast-2","AWS Seoul",
"bastion-dbic","EC2 Instance","aws",0,2,1,0,0,0,11,13,5,"932507484725","aws-AICC-bmt - 932507484725","i-081cc13b5e4e33b39","ap-northeast-2","AWS Seoul",
"prd-ifn-com-network-fproxy","EC2 Instance","aws",0,2,1,0,0,19,286,852,60,"292684119330","ifn-com-network - 292684119330","i-0d482f046bb2d6219","ap-northeast-2","AWS Seoul",
"dev-ifn-com-network-fproxy","EC2 Instance","aws",0,2,1,0,0,19,294,872,61,"292684119330","ifn-com-network - 292684119330","i-0a4999091106c5236","ap-northeast-2","AWS Seoul",
"prismacloud-scan-1747570508237359260","EC2 Instance","aws",0,1,1,0,1,5,121,282,15,"900527812107","devsecops - 900527812107","i-043df661d2c8add18","ap-northeast-2","AWS Seoul",
"ec2-prd-aibzc-dd-agent-az2a-01","EC2 Instance","aws",0,2,1,0,0,20,202,547,47,"905418323166","aws-prd-mvoip070 - 905418323166","i-0487eeda4adf40518","ap-northeast-2","AWS Seoul",
"ftp-test","EC2 Instance","aws",0,2,1,0,0,5,498,1385,148,"005827982393","videouplus - 005827982393","i-08b6d74abbae089af","ap-northeast-2","AWS Seoul",
"ec2-prd-clcc-sbc-01-oracle","EC2 Instance","aws",0,2,1,0,0,0,0,0,0,"230837497989","awsprdclcc - 230837497989","i-0807ca87fc60a4a29","ap-northeast-2","AWS Seoul",
"ec2-prd-clcc-sbc-02-oracle","EC2 Instance","aws",0,2,1,0,0,0,0,0,0,"230837497989","awsprdclcc - 230837497989","i-01fd4c6ec2155aa54","ap-northeast-2","AWS Seoul",
"private-dsm-0502","EC2 Instance","aws",0,2,1,0,0,0,0,0,0,"549518468778","Secure-zone - 549518468778","i-02632d943c1f3e49b","ap-northeast-2","AWS Seoul",
"trendmicro-deepsecurity-manager","EC2 Instance","aws",0,2,1,0,0,0,0,0,0,"549518468778","Secure-zone - 549518468778","i-01ec9ae9501046b52","ap-northeast-2","AWS Seoul",
"nusqaapne2-polk-ondemand-karpenter","EC2 Instance","aws",0,2,1,0,0,2,116,357,29,"800445880799","AWS_SQA_NUPF - 800445880799","i-085bce8e255c6f44a","ap-northeast-2","AWS Seoul",
"tdagent1-ucubep_apnortheast2","EC2 Instance","aws",0,2,1,0,0,0,0,0,0,"861894787667","AWS_PROD_NUPF - 861894787667","i-03da180dc3e48a862","ap-northeast-2","AWS Seoul",
"tdagent2-ucubep_apnortheast2","EC2 Instance","aws",0,2,1,0,0,0,0,0,0,"861894787667","AWS_PROD_NUPF - 861894787667","i-07715a5188319c1fb","ap-northeast-2","AWS Seoul",
"tdagent3-ucubep_apnortheast2","EC2 Instance","aws",0,2,1,0,0,0,0,0,0,"861894787667","AWS_PROD_NUPF - 861894787667","i-085089d32d83440e1","ap-northeast-2","AWS Seoul",
"ec2-nu-stest-nupf-astral-qa-02","EC2 Instance","aws",0,2,1,0,0,47,222,496,42,"800445880799","AWS_SQA_NUPF - 800445880799","i-02b5f1af9081b6f39","ap-northeast-2","AWS Seoul",
"nusqaapne2-polk-ondemand-karpenter","EC2 Instance","aws",0,2,1,0,0,2,116,357,29,"800445880799","AWS_SQA_NUPF - 800445880799","i-07f7491dfa220320a","ap-northeast-2","AWS Seoul",
"nusqaapne2-polk-ondemand-karpenter","EC2 Instance","aws",0,2,1,0,0,2,116,357,29,"800445880799","AWS_SQA_NUPF - 800445880799","i-045127cfde3584f28","ap-northeast-2","AWS Seoul",
"ec2-prd-nerp-sapap-01-az2a","EC2 Instance","aws",0,2,1,0,0,0,0,0,0,"250216037769","aws-prd-nerp - 250216037769","i-0082df52d6219f3ef","ap-northeast-2","AWS Seoul",
"ec2-prd-nerp-sapap-02-az2c","EC2 Instance","aws",0,2,1,0,0,0,0,0,0,"250216037769","aws-prd-nerp - 250216037769","i-0a42c9fc91eccf4ac","ap-northeast-2","AWS Seoul",
"ec2-prd-nerp-sapap-03-az2a","EC2 Instance","aws",0,2,1,0,0,0,0,0,0,"250216037769","aws-prd-nerp - 250216037769","i-0b40f701d4eca469d","ap-northeast-2","AWS Seoul",
"ec2-prd-nerp-hanadb-01-az2a","EC2 Instance","aws",0,2,1,0,0,0,0,0,0,"250216037769","aws-prd-nerp - 250216037769","i-0201a79bd2b2a4cd3","ap-northeast-2","AWS Seoul",
"ec2-prd-nerp-hanadb-02-az2c","EC2 Instance","aws",0,2,1,0,0,0,0,0,0,"250216037769","aws-prd-nerp - 250216037769","i-01b89d1c868fd05ea","ap-northeast-2","AWS Seoul",
"ec2-prd-clcc-pri-bst-win","EC2 Instance","aws",0,2,1,0,0,0,0,0,0,"230837497989","awsprdclcc - 230837497989","i-0cf276e5419cbf60e","ap-northeast-2","AWS Seoul",
"ec2-prd-clcc-sbc-04-oracle","EC2 Instance","aws",0,2,1,0,0,0,0,0,0,"230837497989","awsprdclcc - 230837497989","i-0dcac79d95d4e74a7","ap-northeast-2","AWS Seoul",
"ec2-prd-clcc-sbc-03-oracle","EC2 Instance","aws",0,2,1,0,0,0,0,0,0,"230837497989","awsprdclcc - 230837497989","i-032e2fbb072f094bb","ap-northeast-2","AWS Seoul",
"ec2-nu-stest-nupf-astral-qa-01","EC2 Instance","aws",0,2,1,0,0,47,232,527,51,"800445880799","AWS_SQA_NUPF - 800445880799","i-04dd02bc31469b0ca","ap-northeast-2","AWS Seoul",
"ec2-prd-nerp-sac-02-az2c","EC2 Instance","aws",0,2,1,0,0,0,0,0,0,"250216037769","aws-prd-nerp - 250216037769","i-0cb8debb2eed05bc9","ap-northeast-2","AWS Seoul",
"ec2-prd-nerp-contents-01-az2a","EC2 Instance","aws",0,2,1,0,0,0,0,0,0,"250216037769","aws-prd-nerp - 250216037769","i-0324944b066c0ff91","ap-northeast-2","AWS Seoul",
"ec2-prd-nerp-sac-01-az2a","EC2 Instance","aws",0,2,1,0,0,0,0,0,0,"250216037769","aws-prd-nerp - 250216037769","i-0bd1f6169163c6038","ap-northeast-2","AWS Seoul",
"ec2-prd-nerp-ascs-02-az2c","EC2 Instance","aws",0,2,1,0,0,0,0,0,0,"250216037769","aws-prd-nerp - 250216037769","i-012cb113da3f82d1d","ap-northeast-2","AWS Seoul",
"ec2-prd-nerp-ascs-01-az2a","EC2 Instance","aws",0,2,1,0,0,0,0,0,0,"250216037769","aws-prd-nerp - 250216037769","i-036e77e92f654ebb8","ap-northeast-2","AWS Seoul",
"ec2-prd-nerp-contents-02-az2c","EC2 Instance","aws",0,2,1,0,0,0,0,0,0,"250216037769","aws-prd-nerp - 250216037769","i-02cfcfad607f265d8","ap-northeast-2","AWS Seoul",
"eks-prd-soho-blue-arm64-apn2","EC2 Instance","aws",0,2,1,0,0,0,0,0,0,"063233674059","aws-prd-soho - 063233674059","i-0a185800cc7b9239d","ap-northeast-2","AWS Seoul",
"eks-prd-soho-blue-arm64-apn2","EC2 Instance","aws",0,2,1,0,0,0,0,0,0,"063233674059","aws-prd-soho - 063233674059","i-0fe58e7d4711b08c4","ap-northeast-2","AWS Seoul",
"eks-prd-soho-blue-arm64-apn2","EC2 Instance","aws",0,2,1,0,0,0,0,0,0,"063233674059","aws-prd-soho - 063233674059","i-0507da7a399823e0c","ap-northeast-2","AWS Seoul",
"ec2-violet-stg-eks-mgmt-a","EC2 Instance","aws",0,2,1,0,0,25,275,760,43,"590183878658","aws-stg-violet - 590183878658","i-0a057c7098559da49","ap-northeast-2","AWS Seoul",
"nu-sdev-nuissdapne2-tdagent1","EC2 Instance","aws",0,2,1,0,0,0,0,0,0,"123730156562","AWS_SVC_NUPF_SDEV - 123730156562","i-05f427c3d510fd141","ap-northeast-2","AWS Seoul",
"ec2-az2a-luiot-ex1-wakeup1","EC2 Instance","aws",0,1,1,0,0,9,146,430,40,"501438500871","svcalliance2 - 501438500871","i-0b47a6953743da0f7","ap-northeast-2","AWS Seoul",
"ec2-az2c-luiot-ex1-wakeup2","EC2 Instance","aws",0,1,1,0,0,9,146,430,40,"501438500871","svcalliance2 - 501438500871","i-066bd63a870ca0e7f","ap-northeast-2","AWS Seoul",
"ec2-az2c-luiot-dev3-wakeup2","EC2 Instance","aws",0,2,0,0,0,11,189,569,40,"011143606116","svcalliance1 - 011143606116","i-09f284113c4959708","ap-northeast-2","AWS Seoul",
"ec2-az2a-luiot-dev3-wakeup1","EC2 Instance","aws",0,2,0,0,0,11,189,569,40,"011143606116","svcalliance1 - 011143606116","i-0cbdd35bfbf4a0831","ap-northeast-2","AWS Seoul",
"ec2-az2a-luiot-dev1-p2p3","EC2 Instance","aws",0,2,0,0,0,12,269,687,409,"011143606116","svcalliance1 - 011143606116","i-0996f4f416daa5780","ap-northeast-2","AWS Seoul",
"ec2-az2a-luiot-dev1-p2p1","EC2 Instance","aws",0,2,0,0,0,12,269,687,410,"011143606116","svcalliance1 - 011143606116","i-0074e456f79484b7c","ap-northeast-2","AWS Seoul",
"ec2-az2a-luiot-dev1-p2p2","EC2 Instance","aws",0,2,0,0,0,12,269,687,409,"011143606116","svcalliance1 - 011143606116","i-080122b022fcbcd7e","ap-northeast-2","AWS Seoul",
"DEV-RCS-PUB-REDIS (365 * 24, SavingsPlans->평시 스케쥴러 S/S)","EC2 Instance","aws",0,2,0,0,0,7,413,431,58,"100613719332","aws-stgdev-rcs - 100613719332","i-09d0304f89c126340","ap-northeast-2","AWS Seoul",
"DEV-RCS-PUB-RDS (평시 스케쥴러 S/S)","EC2 Instance","aws",0,2,0,0,0,7,581,624,66,"100613719332","aws-stgdev-rcs - 100613719332","i-0bd157a3d97dd4c8b","ap-northeast-2","AWS Seoul",
"STG-TELCO-SIMUL","EC2 Instance","aws",0,1,0,1,0,0,545,1616,113,"419420945181","aws-stgdev-msghub - 419420945181","i-0579706fc37e85e68","ap-northeast-2","AWS Seoul",
"bastion-public","EC2 Instance","aws",0,1,1,0,0,6,423,1130,150,"881711242767","aws-prd-remoconApp - 881711242767","i-07e749b5e944bd83b","ap-northeast-2","AWS Seoul",
"ec2-devstg-network-jmeter_windows-az2a","EC2 Instance","aws",0,1,1,0,0,131,1780,832,70,"832627517726","aws-net-iptv - 832627517726","i-0d189c05b89fe7ccd","ap-northeast-2","AWS Seoul",
"ec2-dev-iptvuiscript-bst-az2c-temp","EC2 Instance","aws",0,2,0,0,0,6,179,676,28,"797031953460","UISCRIPT - 797031953460","i-0b372533d25312ec9","ap-northeast-2","AWS Seoul",
"ec2-dev-iptvuiscript-bst-az2c","EC2 Instance","aws",0,2,0,0,0,33,310,633,386,"797031953460","UISCRIPT - 797031953460","i-017c1de3e85e0e422","ap-northeast-2","AWS Seoul",
"ec2-prod-iptvuiscript-bst-az2c","EC2 Instance","aws",0,2,0,0,0,13,265,616,378,"797031953460","UISCRIPT - 797031953460","i-0a6347501c5b0a561","ap-northeast-2","AWS Seoul",
"ec2-qa-iptvuiscript-bst-az2c-temp","EC2 Instance","aws",0,2,0,0,0,6,179,676,28,"797031953460","UISCRIPT - 797031953460","i-00a53e13c62c050d5","ap-northeast-2","AWS Seoul",
"ec2-prd-clcc-bst-win-02","EC2 Instance","aws",0,1,1,0,0,22,619,282,9,"230837497989","awsprdclcc - 230837497989","i-08e4c4fe7a01a80bd","ap-northeast-2","AWS Seoul",
"DEV-RCS-PUB-REDMINE-20230505 (365 * 24, SavingsPlans)","EC2 Instance","aws",0,1,1,0,0,4,56,230,109,"100613719332","aws-stgdev-rcs - 100613719332","i-06860d6631f792200","ap-northeast-2","AWS Seoul",
"STG-RCS-PUB-GIT-20230505 (365 * 24, SavingsPlans)","EC2 Instance","aws",0,1,1,0,0,41,340,882,217,"100613719332","aws-stgdev-rcs - 100613719332","i-0b6c1bf53c2f24dc5","ap-northeast-2","AWS Seoul",
"ec2-prd-nfxpw-bastion","EC2 Instance","aws",0,1,1,0,0,1,219,858,54,"489948560089","awsprdnfxpw - 489948560089","i-0e7f6f8a61217966e","ap-northeast-2","AWS Seoul",
"bastion-share-iptv-relengd-v012","EC2 Instance","aws",0,1,1,0,0,5,101,2518,128,"029480618840","aws-share-iptv - 029480618840","i-03e62fc1062b0012d","ap-northeast-2","AWS Seoul",
"iptv-proxy-apn2a-new","EC2 Instance","aws",0,1,1,0,0,0,0,0,0,"806758131976","U+tv - 806758131976","i-0c7e979c621d0a4c4","ap-northeast-2","AWS Seoul",
"ec2-prod-pwr-bastion-2b","EC2 Instance","aws",0,1,1,0,0,39,447,922,200,"806758131976","U+tv - 806758131976","i-090557bbd7129adb4","ap-northeast-2","AWS Seoul",
"ec2-dev-pwr-bastion-2a","EC2 Instance","aws",0,1,1,0,0,36,392,851,187,"806758131976","U+tv - 806758131976","i-0f6affa46875b2a68","ap-northeast-2","AWS Seoul",
"ec2-qa-pwr-bastion-2c","EC2 Instance","aws",0,1,1,0,0,36,392,851,187,"806758131976","U+tv - 806758131976","i-00d6d5e3f466350ea","ap-northeast-2","AWS Seoul",
"iptv-proxy-apn2c-new","EC2 Instance","aws",0,1,1,0,0,0,0,0,0,"806758131976","U+tv - 806758131976","i-0131ed77fbce4f7e7","ap-northeast-2","AWS Seoul",
"dev-shd-devops-argocd-eksng","EC2 Instance","aws",0,2,0,0,0,1,51,59,10,"826990675396","ifn-com-devops - 826990675396","i-0bae570000febbe1a","ap-northeast-2","AWS Seoul",
"dev-shd-devops-argocd-eksng","EC2 Instance","aws",0,2,0,0,0,4,58,67,12,"826990675396","ifn-com-devops - 826990675396","i-03fa7df304ac2624c","ap-northeast-2","AWS Seoul",
"dev-shd-devops-argocd-eksng","EC2 Instance","aws",0,2,0,0,0,4,58,67,12,"826990675396","ifn-com-devops - 826990675396","i-0fb5c5dd943f464e3","ap-northeast-2","AWS Seoul",
"axplatdev-rag-01","EC2 Instance","aws",0,2,0,0,0,11,61,1119,66,"686255987757","aws-AITLab-Gendev - 686255987757","i-0022e1c498b524ebc","ap-northeast-2","AWS Seoul",
"ec2-az01-dev-remocon","EC2 Instance","aws",0,1,1,0,0,8,631,1790,245,"377629376164","aws-dev-remoconApp - 377629376164","i-0f43bca3d4f230611","ap-northeast-2","AWS Seoul",
"HAProxy_SMS_Bastion","EC2 Instance","aws",0,1,1,0,0,1,1,671,27,"637423566905","aws-dev-mswnetd - 637423566905","i-01a95cc13ce45b83f","ap-northeast-2","AWS Seoul",
"ec2-dev-nfxpw-bastion","EC2 Instance","aws",0,1,1,0,0,5,253,893,75,"327705435292","awsdevnfxpw - 327705435292","i-019e2bda014c8a205","ap-northeast-2","AWS Seoul",
"ec2-dev-clcc-bst-win-01","EC2 Instance","aws",0,2,0,0,0,19,636,263,8,"773872345005","awsdevclcc - 773872345005","i-07d7a74d8d2ca3018","ap-northeast-2","AWS Seoul",
"ec2-dev-aisb-voiceGW-01-az2a","EC2 Instance","aws",0,2,0,0,0,14,929,2769,199,"700329480675","aws-dev-aisb - 700329480675","i-0a0f31ed3701fae4c","ap-northeast-2","AWS Seoul",
"ec2-dev-aisb-nlp-az2a","EC2 Instance","aws",0,2,0,0,0,67,799,1955,167,"700329480675","aws-dev-aisb - 700329480675","i-006f4f56e73cfb53f","ap-northeast-2","AWS Seoul",
"ec2-dev-aisb-voiceGW-02-az2c","EC2 Instance","aws",0,2,0,0,0,14,491,1252,170,"700329480675","aws-dev-aisb - 700329480675","i-0e6c7d7c35ea46bf6","ap-northeast-2","AWS Seoul",
"ec2-dev-aisb-stt-az2a","EC2 Instance","aws",0,2,0,0,0,68,616,1379,195,"700329480675","aws-dev-aisb - 700329480675","i-0fa5ec58950443405","ap-northeast-2","AWS Seoul",
"ec2-dev-aisb-nlp-az2c","EC2 Instance","aws",0,2,0,0,0,66,899,2514,159,"700329480675","aws-dev-aisb - 700329480675","i-09347441036b76c48","ap-northeast-2","AWS Seoul",
"ec2-az2c-luiot-dev2-opncldfrnt","EC2 Instance","aws",0,2,0,0,0,12,271,675,405,"011143606116","svcalliance1 - 011143606116","i-05e45cea9446ba652","ap-northeast-2","AWS Seoul",
"NWBE-EC2-AN2-BASTION","EC2 Instance","aws",0,1,0,1,0,26,682,2163,109,"793138753021","lguplus_nwbe - 793138753021","i-012aeedbb297ce39b","ap-northeast-2","AWS Seoul",
"art-stats-device-event-prod","EC2 Instance","aws",1,1,0,0,0,0,0,0,0,"771097826720","anypointmedia - uplus - 771097826720","i-09f4488a1feb57bbd","ap-northeast-2","AWS Seoul",
"art-stats-device-event-prod","EC2 Instance","aws",1,1,0,0,0,0,0,0,0,"771097826720","anypointmedia - uplus - 771097826720","i-03677275edf09062a","ap-northeast-2","AWS Seoul",
"prod-uplus-flower-core-api","EC2 Instance","aws",1,1,0,0,0,0,0,0,0,"771097826720","anypointmedia - uplus - 771097826720","i-09b6ce18d325e4981","ap-northeast-2","AWS Seoul",
"art-stats-ext-ad-prod","EC2 Instance","aws",1,1,0,0,0,0,0,0,0,"771097826720","anypointmedia - uplus - 771097826720","i-0551d88f68478a892","ap-northeast-2","AWS Seoul",
"art-stats-prod","EC2 Instance","aws",1,1,0,0,0,0,0,0,0,"771097826720","anypointmedia - uplus - 771097826720","i-028451034c36dd86c","ap-northeast-2","AWS Seoul",
"art-stats-device-state-prod","EC2 Instance","aws",1,1,0,0,0,0,0,0,0,"771097826720","anypointmedia - uplus - 771097826720","i-06447017c18efcc79","ap-northeast-2","AWS Seoul",
"uplus-stats-device-event-prod","EC2 Instance","aws",1,1,0,0,0,0,0,0,0,"771097826720","anypointmedia - uplus - 771097826720","i-02fe3bbe016f4ac05","ap-northeast-2","AWS Seoul",
"ec2-az01-prod-bst","EC2 Instance","aws",0,1,1,0,0,85,960,1722,321,"529826819432","U+iptv_aws_live - 529826819432","i-0e4dbde29d1436579","ap-northeast-2","AWS Seoul",
"lgup-dev-stp-gaeasoft-pub-MeCS-Ingest","EC2 Instance","aws",0,1,1,0,0,0,0,0,0,"021925306640","aws-lstp-iptv - 021925306640","i-0c86583d4f1c16d7a","ap-northeast-2","AWS Seoul",
"lgup-dev-stp-medialog-pub-amimstb","EC2 Instance","aws",0,1,1,0,0,0,0,0,0,"021925306640","aws-lstp-iptv - 021925306640","i-086d09664c61160cd","ap-northeast-2","AWS Seoul",
"lgup-dev-stp-wincom-pub-VUC-TB","EC2 Instance","aws",0,1,1,0,0,0,0,0,0,"021925306640","aws-lstp-iptv - 021925306640","i-030870a1a5b41d65f","ap-northeast-2","AWS Seoul",
"lgup-dev-stp-wincom-pub-4D-acqapi-TB","EC2 Instance","aws",0,1,1,0,0,0,0,0,0,"021925306640","aws-lstp-iptv - 021925306640","i-0b202c9a73fd4209d","ap-northeast-2","AWS Seoul",
"lgup-dev-stp-wincom-pub-dvfas1","EC2 Instance","aws",0,1,1,0,0,0,0,0,0,"021925306640","aws-lstp-iptv - 021925306640","i-0072df9665eec6665","ap-northeast-2","AWS Seoul",
"lgup-dev-stp-wincom-pub-tb-hdtvlog","EC2 Instance","aws",0,1,1,0,0,0,0,0,0,"021925306640","aws-lstp-iptv - 021925306640","i-0fb98551c97db915b","ap-northeast-2","AWS Seoul",
"lgup-dev-stp-wincom-pub-ISU_RCSG","EC2 Instance","aws",0,1,1,0,0,0,0,0,0,"021925306640","aws-lstp-iptv - 021925306640","i-05e5d5132f0d3845b","ap-northeast-2","AWS Seoul",
"lgup-dev-stp-medialog-pub-MIMSTB","EC2 Instance","aws",0,1,1,0,0,0,0,0,0,"021925306640","aws-lstp-iptv - 021925306640","i-0938cf13f2b338ad5","ap-northeast-2","AWS Seoul",
"agent-eng-stg-hub","EC2 Instance","aws",0,1,1,0,0,2,73,216,20,"590183678280","aws-dev-ugpt - 590183678280","i-0eb77f426a968fa84","ap-northeast-2","AWS Seoul",
"agent-eng-perf-hub","EC2 Instance","aws",0,1,1,0,0,2,74,217,20,"590183678280","aws-dev-ugpt - 590183678280","i-08a42745736e34ce1","ap-northeast-2","AWS Seoul",
"agent-eng-dev-hub","EC2 Instance","aws",0,1,1,0,0,4,95,262,24,"590183678280","aws-dev-ugpt - 590183678280","i-0f8e0d14f40266b43","ap-northeast-2","AWS Seoul",
"ec2-dev-livc-app","EC2 Instance","aws",0,1,1,0,0,50,293,558,40,"240297559337","U+Liveclass_DevEx - 240297559337","i-0ed253ab6d2eb137e","ap-northeast-2","AWS Seoul",
"ec2-stg-livc-bastion","EC2 Instance","aws",0,1,1,0,0,40,565,999,206,"240297559337","U+Liveclass_DevEx - 240297559337","i-01bcba55459859e59","ap-northeast-2","AWS Seoul",
"ec2-stg-nfxpw-bastion","EC2 Instance","aws",0,1,1,0,0,1,219,858,54,"797742841781","awsstgnfxpw - 797742841781","i-0a8acd0149eff6b42","ap-northeast-2","AWS Seoul",
"ec2-prod-ares-bastion-az2a","EC2 Instance","aws",0,1,1,0,0,78,1040,1703,241,"454916155748","lgukidsland - 454916155748","i-0224e9c8e0aae0160","ap-northeast-2","AWS Seoul",
"test-bastion","EC2 Instance","aws",0,1,1,0,0,1,168,736,29,"590183821488","yunbokju - 590183821488","i-08f0fa9c1afe7678b","ap-northeast-2","AWS Seoul",
"uplus-dev-dsm-manager-1","EC2 Instance","aws",0,1,1,0,0,7,249,663,465,"458446241212","uplus shared service - 458446241212","i-0b5ab7c4c244ae114","ap-northeast-2","AWS Seoul",
"ec2-net-smaple-bastion-01","EC2 Instance","aws",0,1,1,0,0,6,12,5,3,"213374172630","Plant_Factory_PoC_2020 - 213374172630","i-01b915bfffb247c3e","ap-northeast-2","AWS Seoul",
"ec2-net-smaple-bastion-02","EC2 Instance","aws",0,1,1,0,0,6,12,5,3,"213374172630","Plant_Factory_PoC_2020 - 213374172630","i-0b7df31e3ce55b4be","ap-northeast-2","AWS Seoul",
"VAULT-2","EC2 Instance","aws",0,1,1,0,0,0,0,0,0,"005827982393","videouplus - 005827982393","i-01f86bf92965b5b1d","ap-northeast-2","AWS Seoul",
"VAULT-1","EC2 Instance","aws",0,1,1,0,0,0,0,0,0,"005827982393","videouplus - 005827982393","i-0f52b5c8b0ce79766","ap-northeast-2","AWS Seoul",
"VAULT-3","EC2 Instance","aws",0,1,1,0,0,0,0,0,0,"005827982393","videouplus - 005827982393","i-0c2c7706833e31fe9","ap-northeast-2","AWS Seoul",
"i-074a47886b89d60d3","EC2 Instance","aws",0,1,1,0,0,0,0,0,0,"005827982393","videouplus - 005827982393","i-074a47886b89d60d3","ap-northeast-2","AWS Seoul",
"ec2-dev-indxuplus-algowas-az2a","EC2 Instance","aws",0,1,0,1,0,39,607,1852,103,"210627493623","indxuplusdev - 210627493623","i-01a7971f09a95f747","ap-northeast-2","AWS Seoul",
"EC2-RBM-shared-gitlab-al2023-test","EC2 Instance","aws",0,1,0,1,0,12,176,499,48,"826990675396","ifn-com-devops - 826990675396","i-0725738c1cc9f7ced","ap-northeast-2","AWS Seoul",
"logpresso-v1","EC2 Instance","aws",0,1,0,1,0,13,179,688,44,"221499275760","AWS_PROD_EAGW - 221499275760","i-0c0b63d21c3ceb9b0","ap-northeast-2","AWS Seoul",
"ec2-az02-qa-nai-push-wst1","EC2 Instance","aws",1,1,0,0,0,32,846,1075,267,"429751601463","LG U Plus DEV - 429751601463","i-0683c8a4b98f6b498","ap-northeast-2","AWS Seoul",
"ec2-az01-qa-nai-push-wst1","EC2 Instance","aws",1,1,0,0,0,30,845,1073,267,"429751601463","LG U Plus DEV - 429751601463","i-0a1011175ffd19144","ap-northeast-2","AWS Seoul",
"i-0685632379d41f40a","EC2 Instance","aws",0,1,0,0,1,0,22,41,8,"767398045923","upluslangportal_dev - 767398045923","i-0685632379d41f40a","ap-northeast-2","AWS Seoul",
"dev-tel-bss-ec2-kubectl-mtx","EC2 Instance","aws",0,1,0,1,0,37,468,1201,112,"030982055456","tel-bss-dev - 030982055456","i-072fe03afb9b4d581","ap-northeast-2","AWS Seoul",
"dev-tel-bss-ec2-telco-mp0-a","EC2 Instance","aws",0,1,0,1,0,12,302,878,79,"030982055456","tel-bss-dev - 030982055456","i-036b7408e1d8423d5","ap-northeast-2","AWS Seoul",
"dev-tel-bss-ec2-telco-omp-a","EC2 Instance","aws",0,1,0,1,0,13,303,884,79,"030982055456","tel-bss-dev - 030982055456","i-0d5de9d934def1aa7","ap-northeast-2","AWS Seoul",
"dev-tel-bss-ec2-kubectl-cpx","EC2 Instance","aws",0,1,0,1,0,29,488,1251,121,"030982055456","tel-bss-dev - 030982055456","i-06c61a69fec49b6bb","ap-northeast-2","AWS Seoul",
"dev-tel-bss-ec2-telco-mp1-a","EC2 Instance","aws",0,1,0,1,0,12,292,878,78,"030982055456","tel-bss-dev - 030982055456","i-0ea27aa27cf13e501","ap-northeast-2","AWS Seoul",
"stg-tel-bss-ec2-kubectl-mtx-2","EC2 Instance","aws",0,1,0,1,0,23,727,2242,109,"755362625627","tel-bss-stg - 755362625627","i-0428333469e011573","ap-northeast-2","AWS Seoul",
"onprem-connect-test","EC2 Instance","aws",0,1,0,1,0,1,11,1260,37,"123730156562","AWS_SVC_NUPF_SDEV - 123730156562","i-08ca844283684cba0","ap-northeast-2","AWS Seoul",
"ec2-az01-stg-remocon-direct","EC2 Instance","aws",0,1,0,0,1,3,397,1063,123,"405320923448","aws-stg-remoconApp - 405320923448","i-0b5efb60e267a291e","ap-northeast-2","AWS Seoul",
"bastion-stg","EC2 Instance","aws",0,1,1,0,0,7,614,1770,139,"405320923448","aws-stg-remoconApp - 405320923448","i-0a693ec82899e88b0","ap-northeast-2","AWS Seoul",
"ec2-prod-da-ssp-openreplay","EC2 Instance","aws",0,1,0,0,1,33,454,1165,44,"713747519962","aws-prd-ad001 - 713747519962","i-0d45df6b03830b86b","ap-northeast-2","AWS Seoul",
"1007_eks_v1_28_ec2_modify_2","EC2 Instance","aws",0,1,0,1,0,14,195,402,32,"072551541449","AWS_DEV_NUPD - 072551541449","i-0cdaa19a41e9605d0","ap-northeast-2","AWS Seoul",
"ec2-az01-dev-remocon-direct","EC2 Instance","aws",0,1,0,0,1,7,102,222,21,"377629376164","aws-dev-remoconApp - 377629376164","i-067e25a2707f9f95a","ap-northeast-2","AWS Seoul",
"ec2-nu-stest-nupf-batch08-az2a","EC2 Instance","aws",0,1,0,1,0,6,573,1174,138,"800445880799","AWS_SQA_NUPF - 800445880799","i-001e5e41d002d28a6","ap-northeast-2","AWS Seoul",
"nifi-prod","EC2 Instance","aws",0,1,0,1,0,41,327,208,19,"771097826720","anypointmedia - uplus - 771097826720","i-0fa24de6581d63a9b","ap-northeast-2","AWS Seoul",
"druid-master-new","EC2 Instance","aws",0,1,0,1,0,49,249,415,34,"771097826720","anypointmedia - uplus - 771097826720","i-0eb79be3b415a3009","ap-northeast-2","AWS Seoul",
"zookeeper prod","EC2 Instance","aws",0,1,0,1,0,1,65,189,12,"771097826720","anypointmedia - uplus - 771097826720","i-0e79bbf0b5569bee8","ap-northeast-2","AWS Seoul",
"zookeeper-common-prod-1","EC2 Instance","aws",0,1,0,1,0,11,501,650,148,"771097826720","anypointmedia - uplus - 771097826720","i-03eb37a5e3c077706","ap-northeast-2","AWS Seoul",
"zookeeper-common-prod-3","EC2 Instance","aws",0,1,0,1,0,6,251,196,24,"771097826720","anypointmedia - uplus - 771097826720","i-092f21733a9303835","ap-northeast-2","AWS Seoul",
"zookeeper-common-prod-2","EC2 Instance","aws",0,1,0,1,0,1,106,332,18,"771097826720","anypointmedia - uplus - 771097826720","i-064cce2d10907b528","ap-northeast-2","AWS Seoul",
"prod-admin-web-ui-2.21.9","EC2 Instance","aws",0,1,0,1,0,1,154,652,27,"771097826720","anypointmedia - uplus - 771097826720","i-0391c6ae932fda06a","ap-northeast-2","AWS Seoul",
"stg-tel-bss-ec2-telco-mp1-c","EC2 Instance","aws",0,1,0,1,0,13,443,1469,86,"755362625627","tel-bss-stg - 755362625627","i-0f9d007d7e205dbf3","ap-northeast-2","AWS Seoul",
"stg-tel-bss-ec2-telco-mp0-c","EC2 Instance","aws",0,1,0,1,0,13,443,1469,86,"755362625627","tel-bss-stg - 755362625627","i-01d7834a79ec407e5","ap-northeast-2","AWS Seoul",
"stg-tel-bss-ec2-telco-omp-a","EC2 Instance","aws",0,1,0,1,0,13,443,1469,86,"755362625627","tel-bss-stg - 755362625627","i-0406ae62b0267fc3a","ap-northeast-2","AWS Seoul",
"stg-tel-bss-ec2-telco-mp1-a","EC2 Instance","aws",0,1,0,1,0,13,443,1469,86,"755362625627","tel-bss-stg - 755362625627","i-00db6bb43511cb077","ap-northeast-2","AWS Seoul",
"stg-tel-bss-ec2-telco-omp-c","EC2 Instance","aws",0,1,0,1,0,13,443,1469,86,"755362625627","tel-bss-stg - 755362625627","i-09df06da86e0507be","ap-northeast-2","AWS Seoul",
"stg-tel-bss-ec2-rcsg-mp0-a","EC2 Instance","aws",0,1,0,1,0,17,512,1597,106,"755362625627","tel-bss-stg - 755362625627","i-005e33532ce74e665","ap-northeast-2","AWS Seoul",
"stg-tel-bss-ec2-telco-mp0-a","EC2 Instance","aws",0,1,0,1,0,13,443,1469,86,"755362625627","tel-bss-stg - 755362625627","i-0626be543de680531","ap-northeast-2","AWS Seoul",
"stg-tel-bss-ec2-rcsg-mp1-a","EC2 Instance","aws",0,1,0,1,0,17,509,1595,103,"755362625627","tel-bss-stg - 755362625627","i-0e6e76dbbfab06234","ap-northeast-2","AWS Seoul",
"stg-tel-bss-ec2-rcsg-omp-a","EC2 Instance","aws",0,1,0,1,0,19,522,1625,124,"755362625627","tel-bss-stg - 755362625627","i-0c533f98206378ac5","ap-northeast-2","AWS Seoul",
"presto-worker","EC2 Instance","aws",0,1,0,1,0,81,611,1229,75,"771097826720","anypointmedia - uplus - 771097826720","i-0de4899da96966021","ap-northeast-2","AWS Seoul",
"presto-worker","EC2 Instance","aws",0,1,0,1,0,82,707,1377,221,"771097826720","anypointmedia - uplus - 771097826720","i-0f1e6653f486fe4b9","ap-northeast-2","AWS Seoul",
"python-test-hoya0296","EC2 Instance","aws",0,1,0,1,0,1,67,194,16,"142904692278","aws-bmt-iptv - 142904692278","i-089df4b13017ac0a6","ap-northeast-2","AWS Seoul",
"dev-ifn-com-network-ad","EC2 Instance","aws",0,1,0,0,1,3,200,109,3,"292684119330","ifn-com-network - 292684119330","i-0a5221e9cda129470","ap-northeast-2","AWS Seoul",
"druid-query-v2","EC2 Instance","aws",0,1,0,1,0,49,201,266,24,"771097826720","anypointmedia - uplus - 771097826720","i-021157cf11e24184d","ap-northeast-2","AWS Seoul",
"hoya0296-test-20240729","EC2 Instance","aws",0,1,0,1,0,1,124,407,22,"142904692278","aws-bmt-iptv - 142904692278","i-050311628fc5f134a","ap-northeast-2","AWS Seoul",
"dev-ifn-log-none-ec2","EC2 Instance","aws",0,1,0,1,0,5,282,1253,42,"357414037041","ifn-app-dev - 357414037041","i-07b11488611897835","ap-northeast-2","AWS Seoul",
"ec2-nu-prod-nudp-hub-az2a","EC2 Instance","aws",0,2,0,0,0,2,151,613,51,"430580045875","AWS_PROD_NUDP - 430580045875","i-05c22dc1f2014ca64","ap-northeast-2","AWS Seoul",
"prod-admin-web-ui-v2","EC2 Instance","aws",0,1,0,1,0,2,247,906,62,"771097826720","anypointmedia - uplus - 771097826720","i-0b599973c420f4475","ap-northeast-2","AWS Seoul",
"test-push-client","EC2 Instance","aws",0,1,0,1,0,29,199,687,165,"771097826720","anypointmedia - uplus - 771097826720","i-0f3baa74da6260c13","ap-northeast-2","AWS Seoul",
"uplus-cue-rabbitmq-prod-main","EC2 Instance","aws",0,1,0,1,0,84,500,759,238,"771097826720","anypointmedia - uplus - 771097826720","i-01f5979510d6c5025","ap-northeast-2","AWS Seoul",
"test-push-client","EC2 Instance","aws",0,1,0,1,0,29,199,687,165,"771097826720","anypointmedia - uplus - 771097826720","i-0dc9e5b87e8b193ec","ap-northeast-2","AWS Seoul",
"test-push-client","EC2 Instance","aws",0,1,0,1,0,29,199,687,165,"771097826720","anypointmedia - uplus - 771097826720","i-05a4a623a5f4a0250","ap-northeast-2","AWS Seoul",
"test-push-3","EC2 Instance","aws",0,1,0,1,0,9,99,1959,82,"771097826720","anypointmedia - uplus - 771097826720","i-08fffe900993d52d8","ap-northeast-2","AWS Seoul",
"test-push-amzn2023","EC2 Instance","aws",0,1,0,1,0,2,83,237,15,"771097826720","anypointmedia - uplus - 771097826720","i-0f53aa62313303b83","ap-northeast-2","AWS Seoul",
"uplus-cue-rabbitmq-prod-backup","EC2 Instance","aws",0,1,0,1,0,76,472,734,232,"771097826720","anypointmedia - uplus - 771097826720","i-0bcedff791573b6c1","ap-northeast-2","AWS Seoul",
"test-push-client","EC2 Instance","aws",0,1,0,1,0,29,199,687,165,"771097826720","anypointmedia - uplus - 771097826720","i-0b36f7008a0528f84","ap-northeast-2","AWS Seoul",
"test-push-client","EC2 Instance","aws",0,1,0,1,0,29,199,687,165,"771097826720","anypointmedia - uplus - 771097826720","i-02bc14a9038d0f7fc","ap-northeast-2","AWS Seoul",
"ec2-nu-test-nudp-hub-az2a","EC2 Instance","aws",0,2,0,0,0,2,151,601,25,"622593048890","AWS_QA_NUDP - 622593048890","i-0a38dd3c6626cad23","ap-northeast-2","AWS Seoul",
"i-01a0e88c2ebb7fb4b","EC2 Instance","aws",0,1,0,0,0,2,107,364,19,"798345363128","chewauth.preprod - 798345363128","i-01a0e88c2ebb7fb4b","ap-northeast-2","AWS Seoul",
"cleandapne2-xfeu-spot-karpenter","EC2 Instance","aws",0,1,0,0,0,2,62,187,12,"854531064573","daxcleand - 854531064573","i-02e06b8d57ad94a8a","ap-northeast-2","AWS Seoul",
"cleanapne2-grjz-ondemand-karpenter","EC2 Instance","aws",0,1,0,0,0,2,8,10,5,"413372654015","daxclean - 413372654015","i-01bc6d25e6ef561d6","ap-northeast-2","AWS Seoul",
"grootsapne2-aklb-spot-karpenter","EC2 Instance","aws",0,1,0,0,0,2,6,9,5,"224811165821","UID_NG - 224811165821","i-023695760730ec2a8","ap-northeast-2","AWS Seoul",
"cleansapne2-jvts-spot-karpenter","EC2 Instance","aws",0,1,0,0,0,2,5,6,4,"854531064573","daxcleand - 854531064573","i-0dcbd8d4e5c1a87e8","ap-northeast-2","AWS Seoul",
"ucube-job","EC2 Instance","aws",0,1,0,0,0,2,111,346,18,"466662111776","aws-prd-scm - 466662111776","i-0a30d3e7683668c54","ap-northeast-2","AWS Seoul",
"nupfqapne2-broker1","EC2 Instance","aws",0,1,0,0,0,12,343,1067,149,"781211895006","AWS_QA_NUPF - 781211895006","i-0fedfb0ae147ac8a8","ap-northeast-2","AWS Seoul",
"nupfqapne2-zookeeper1","EC2 Instance","aws",0,1,0,0,0,11,342,1065,149,"781211895006","AWS_QA_NUPF - 781211895006","i-0f232db3e4dfaba41","ap-northeast-2","AWS Seoul",
"application-nodegroup-env-a-uat-eks","EC2 Instance","aws",0,1,0,0,0,11,161,385,28,"072551541449","AWS_DEV_NUPD - 072551541449","i-0377e848ba1776022","ap-northeast-2","AWS Seoul",
"INARA-PRD-BATCH-MANAGED-V1_31__DSA","EC2 Instance","aws",0,1,0,0,0,3,77,230,15,"532975624498","INARA-PROD - 532975624498","i-07f0e04d978a0506d","ap-northeast-2","AWS Seoul",
"ec2-dev-spamai-train-01-az2a","EC2 Instance","aws",0,1,0,0,0,6,128,421,23,"703671913000","aws-dev-spamAI - 703671913000","i-08c84345780332faf","ap-northeast-2","AWS Seoul",
"ec2-dev-cpne-auromon","EC2 Instance","aws",0,1,0,0,0,18,134,308,33,"296062554230","cpne-dev - 296062554230","i-0c5602a4fb736684d","ap-northeast-2","AWS Seoul",
"ec2-dev-cpne-base-was","EC2 Instance","aws",0,1,0,0,0,18,52,82,23,"296062554230","cpne-dev - 296062554230","i-0058dd5d3bac742f4","ap-northeast-2","AWS Seoul",
"ec2-nu-stest-nupf-batch30-az2c-new","EC2 Instance","aws",0,1,0,0,0,5,329,512,47,"800445880799","AWS_SQA_NUPF - 800445880799","i-09b27d81d20964fb0","ap-northeast-2","AWS Seoul",
"ec2-prd-clp-ap-az2a","EC2 Instance","aws",0,1,0,0,0,8,205,467,56,"381491932591","upluslangportal_prd - 381491932591","i-0241847588b8c6b27","ap-northeast-2","AWS Seoul",
"ec2-prd-clp-ap-az2c","EC2 Instance","aws",0,1,0,0,0,8,285,731,47,"381491932591","upluslangportal_prd - 381491932591","i-01030459d32d44bfd","ap-northeast-2","AWS Seoul",
"ec2-prd-spamai-train-01-az2a","EC2 Instance","aws",0,1,0,0,0,4,121,417,20,"491085409681","aws-SpamAI-spamprd - 491085409681","i-048a51e4d1ea64ca0","ap-northeast-2","AWS Seoul",
"PARENTS-PRD-WORKLOAD-MANAGED-V1_32","EC2 Instance","aws",0,1,0,0,0,2,5,8,5,"863124551985","PARENTS-PROD - 863124551985","i-055f84537086930e2","ap-northeast-2","AWS Seoul",
"ec2-post-scm","EC2 Instance","aws",0,1,0,0,0,6,58,1193,88,"466662111776","aws-prd-scm - 466662111776","i-0b2f10aa99d2c06dd","ap-northeast-2","AWS Seoul",
"ec2-prd-cpne-base-was","EC2 Instance","aws",0,1,0,0,0,18,52,82,23,"796973489960","cpne-prd - 796973489960","i-0853d8cf4602df6db","ap-northeast-2","AWS Seoul",
"ec2-pre-scm","EC2 Instance","aws",0,1,0,0,0,5,55,1189,87,"466662111776","aws-prd-scm - 466662111776","i-0b0fa2c60c993f891","ap-northeast-2","AWS Seoul",
"opsdapne2-krsh-ondemand-karpenter","EC2 Instance","aws",0,1,0,0,0,0,39,57,12,"478195486159","dax-ops - 478195486159","i-0b7b131703af3ee97","ap-northeast-2","AWS Seoul",
"ec2-prd-iptv-shd-cluster-v1_31-karpenter-node","EC2 Instance","aws",0,1,0,0,0,3,93,222,21,"969671253885","aws-prd-iptv - 969671253885","i-0c332685f0b70d352","ap-northeast-2","AWS Seoul",
"bsdapne2-omdw-advisor-default-on-demand-karpenter","EC2 Instance","aws",0,1,0,0,0,2,95,192,16,"533267185836","aws-nsd-prd - 533267185836","i-09ec908c214794dcc","ap-northeast-2","AWS Seoul",
"bsdapne2-omdw-advisor-default-on-demand-karpenter","EC2 Instance","aws",0,1,0,0,0,2,97,191,16,"533267185836","aws-nsd-prd - 533267185836","i-0f9c0244bf82bd911","ap-northeast-2","AWS Seoul",
"bsdapne2-omdw-advisor-g6-on-demand-karpenter","EC2 Instance","aws",0,1,0,0,0,2,100,202,16,"533267185836","aws-nsd-prd - 533267185836","i-0f4b828ac020987d5","ap-northeast-2","AWS Seoul",
"ec2-qa-crewcall-private-config-mgmts-az2a","EC2 Instance","aws",0,1,0,0,0,19,588,1775,59,"757488966945","aws-stg-mobvas - 757488966945","i-04d72dbd08afe4e3f","ap-northeast-2","AWS Seoul",
"ec2-qa-mobvas-private-config-mgmts-az2a","EC2 Instance","aws",0,1,0,0,0,36,648,1814,71,"757488966945","aws-stg-mobvas - 757488966945","i-0ca2658dc5edafd0f","ap-northeast-2","AWS Seoul",
"ec2-qa-mobvas-private-config-mgmts-az2c","EC2 Instance","aws",0,1,0,0,0,23,664,2030,63,"757488966945","aws-stg-mobvas - 757488966945","i-0464384a40f2ff301","ap-northeast-2","AWS Seoul",
"ec2-qa-crewcall-private-config-mgmts-az2c","EC2 Instance","aws",0,1,0,0,0,19,588,1776,60,"757488966945","aws-stg-mobvas - 757488966945","i-08ec7e220bc7f063e","ap-northeast-2","AWS Seoul",
"ec2-dev-irsc-private-was-01-az2a","EC2 Instance","aws",0,1,0,0,0,18,182,497,42,"134993683313","aws-dev-irc - 134993683313","i-0d19d59eef0386dc3","ap-northeast-2","AWS Seoul",
"ec2-dev-irsc-private-batch-01-az2a","EC2 Instance","aws",0,1,0,0,0,16,184,545,156,"134993683313","aws-dev-irc - 134993683313","i-076cc72c7a9e348dc","ap-northeast-2","AWS Seoul",
"ec2-dev-ircp-private-web-01-az2a","EC2 Instance","aws",0,1,0,0,0,28,610,2006,99,"134993683313","aws-dev-irc - 134993683313","i-08b0d9a97d9e82046","ap-northeast-2","AWS Seoul",
"ec2-dev-ircp-private-was-01-az2a","EC2 Instance","aws",0,1,0,0,0,19,603,1995,99,"134993683313","aws-dev-irc - 134993683313","i-0d9750b97ceec093c","ap-northeast-2","AWS Seoul",
"ec2-dev-irsc-private-web-01-az2a","EC2 Instance","aws",0,1,0,0,0,16,169,488,40,"134993683313","aws-dev-irc - 134993683313","i-0d1d0cae9460973f5","ap-northeast-2","AWS Seoul",
"ec2-stg-ircp-private-whatap-01-az2a","EC2 Instance","aws",0,1,0,0,0,29,557,1690,82,"349811652617","aws-stg-irc - 349811652617","i-0553fa7262549520f","ap-northeast-2","AWS Seoul",
"ec2-stg-ircp-private-was-01-az2a","EC2 Instance","aws",0,1,0,0,0,26,724,2436,99,"349811652617","aws-stg-irc - 349811652617","i-074a22cce3176a21b","ap-northeast-2","AWS Seoul",
"ec2-stg-ircp-private-web-01-az2a","EC2 Instance","aws",0,1,0,0,0,19,490,1753,70,"349811652617","aws-stg-irc - 349811652617","i-059d56599403494db","ap-northeast-2","AWS Seoul",
"bsdsapne2-pwpx-advisor-default-on-demand-karpenter","EC2 Instance","aws",0,1,0,0,0,2,95,191,16,"767397901718","aws-nsd-dev - 767397901718","i-0e8d1942a5a5e98a2","ap-northeast-2","AWS Seoul",
"bsdsapne2-pwpx-advisor-g6-on-demand-karpenter","EC2 Instance","aws",0,1,0,0,0,2,98,201,16,"767397901718","aws-nsd-dev - 767397901718","i-0c83794c93c05e677","ap-northeast-2","AWS Seoul",
"ec2-qa-msg-scst-app-01-az2c","EC2 Instance","aws",0,1,0,0,0,14,38,68,20,"242201289121","aws-MMSSMS-STGMMS - 242201289121","i-039469177a6ce63e8","ap-northeast-2","AWS Seoul",
"ec2-qa-msg-gwst-app-01-az2a","EC2 Instance","aws",0,1,0,0,0,14,38,68,20,"242201289121","aws-MMSSMS-STGMMS - 242201289121","i-0d43f9b69fe736456","ap-northeast-2","AWS Seoul",
"ec2-qa-msg-mmsr-app-02-az2a","EC2 Instance","aws",0,1,0,0,0,15,50,74,20,"242201289121","aws-MMSSMS-STGMMS - 242201289121","i-0469187ec91e3432f","ap-northeast-2","AWS Seoul",
"ec2-qa-msg-mmsr-app-00-az2a","EC2 Instance","aws",0,1,0,0,0,13,35,58,19,"242201289121","aws-MMSSMS-STGMMS - 242201289121","i-011099708b9cf1f2c","ap-northeast-2","AWS Seoul",
"ec2-qa-msg-mmsr-app-01-az2a","EC2 Instance","aws",0,1,0,0,0,15,50,74,20,"242201289121","aws-MMSSMS-STGMMS - 242201289121","i-0f8c4f3c77f1afa43","ap-northeast-2","AWS Seoul",
"ec2-qa-msg-mmsc-dbm-01-az2a","EC2 Instance","aws",0,1,0,0,0,13,35,58,19,"242201289121","aws-MMSSMS-STGMMS - 242201289121","i-0765b249a84d6374d","ap-northeast-2","AWS Seoul",
"ec2-qa-msg-mmsc-app-01-az2c","EC2 Instance","aws",0,1,0,0,0,15,50,74,20,"242201289121","aws-MMSSMS-STGMMS - 242201289121","i-075b5c88f06aca490","ap-northeast-2","AWS Seoul",
"ec2-qa-msg-mmsc-app-01-az2a","EC2 Instance","aws",0,1,0,0,0,15,50,74,20,"242201289121","aws-MMSSMS-STGMMS - 242201289121","i-053dfa949e02de611","ap-northeast-2","AWS Seoul",
"ec2-qa-msg-mmsc-dbm-02-az2a","EC2 Instance","aws",0,1,0,0,0,13,35,58,19,"242201289121","aws-MMSSMS-STGMMS - 242201289121","i-07552219f8d88a4a2","ap-northeast-2","AWS Seoul",
"ec2-qa-msg-mmsc-app-02-az2a","EC2 Instance","aws",0,1,0,0,0,15,50,74,20,"242201289121","aws-MMSSMS-STGMMS - 242201289121","i-017d5d03f6196901d","ap-northeast-2","AWS Seoul",
"ec2-qa-msg-mmsc-dbm-01-az2c","EC2 Instance","aws",0,1,0,0,0,13,35,58,19,"242201289121","aws-MMSSMS-STGMMS - 242201289121","i-095ac0c0d8d7865e8","ap-northeast-2","AWS Seoul",
"ec2-qa-msg-simu-scst-01","EC2 Instance","aws",0,1,0,0,0,15,81,133,30,"242201289121","aws-MMSSMS-STGMMS - 242201289121","i-0b0c466470686a31a","ap-northeast-2","AWS Seoul",
"ec2-qa-msg-mmsc-dbm-00-az2c","EC2 Instance","aws",0,1,0,0,0,13,35,58,19,"242201289121","aws-MMSSMS-STGMMS - 242201289121","i-0275ee5a07dee2f53","ap-northeast-2","AWS Seoul",
"ec2-qa-msg-simu-mmsc-04","EC2 Instance","aws",0,1,0,0,0,2,31,58,9,"242201289121","aws-MMSSMS-STGMMS - 242201289121","i-0540a0fc354ac5bfe","ap-northeast-2","AWS Seoul",
"ec2-qa-msg-simu-mmsc-01","EC2 Instance","aws",0,1,0,0,0,2,31,58,9,"242201289121","aws-MMSSMS-STGMMS - 242201289121","i-0839af1f15c9f737d","ap-northeast-2","AWS Seoul",
"ec2-qa-msg-mmsc-app-00-az2c","EC2 Instance","aws",0,1,0,0,0,13,35,58,19,"242201289121","aws-MMSSMS-STGMMS - 242201289121","i-029eb78f355b57c7d","ap-northeast-2","AWS Seoul",
"ec2-qa-msg-mmsc-app-02-az2c","EC2 Instance","aws",0,1,0,0,0,15,50,74,20,"242201289121","aws-MMSSMS-STGMMS - 242201289121","i-0ec47d486c1ce23e7","ap-northeast-2","AWS Seoul",
"ec2-qa-msg-sccf-dbm-01-az2a","EC2 Instance","aws",0,1,0,0,0,13,35,58,19,"242201289121","aws-MMSSMS-STGMMS - 242201289121","i-0a6f5c83610719858","ap-northeast-2","AWS Seoul",
"ec2-qa-msg-sccf-dbm-01-az2c","EC2 Instance","aws",0,1,0,0,0,13,35,58,19,"242201289121","aws-MMSSMS-STGMMS - 242201289121","i-0c3cc469e943d518d","ap-northeast-2","AWS Seoul",
"ec2-qa-msg-simu-trsg","EC2 Instance","aws",0,1,0,0,0,15,84,136,31,"242201289121","aws-MMSSMS-STGMMS - 242201289121","i-00f2161086a399c0e","ap-northeast-2","AWS Seoul",
"ec2-qa-msg-mmsc-dbm-00-az2a","EC2 Instance","aws",0,1,0,0,0,13,35,58,19,"242201289121","aws-MMSSMS-STGMMS - 242201289121","i-023fc0c879bf6b979","ap-northeast-2","AWS Seoul",
"ec2-qa-msg-mmsr-app-02-az2c","EC2 Instance","aws",0,1,0,0,0,15,50,74,20,"242201289121","aws-MMSSMS-STGMMS - 242201289121","i-0734e430129d10da4","ap-northeast-2","AWS Seoul",
"ec2-qa-msg-simu-mmsc-03","EC2 Instance","aws",0,1,0,0,0,2,31,58,9,"242201289121","aws-MMSSMS-STGMMS - 242201289121","i-085f5b99d8f3afe60","ap-northeast-2","AWS Seoul",
"ec2-qa-msg-mmsr-app-01-az2c","EC2 Instance","aws",0,1,0,0,0,15,50,74,20,"242201289121","aws-MMSSMS-STGMMS - 242201289121","i-0999546315e447509","ap-northeast-2","AWS Seoul",
"ec2-qa-msg-vmgw-app-01-az2a","EC2 Instance","aws",0,1,0,0,0,14,38,68,20,"242201289121","aws-MMSSMS-STGMMS - 242201289121","i-05e5797a21a81233f","ap-northeast-2","AWS Seoul",
"ec2-qa-msg-mmsr-app-00-az2c","EC2 Instance","aws",0,1,0,0,0,13,35,58,19,"242201289121","aws-MMSSMS-STGMMS - 242201289121","i-0af1e6bfd2dea4ffb","ap-northeast-2","AWS Seoul",
"ec2-qa-msg-scst-app-01-az2a","EC2 Instance","aws",0,1,0,0,0,14,38,68,20,"242201289121","aws-MMSSMS-STGMMS - 242201289121","i-0410c2979c1f1d192","ap-northeast-2","AWS Seoul",
"ec2-qa-msg-gwst-app-01-az2c","EC2 Instance","aws",0,1,0,0,0,14,38,68,20,"242201289121","aws-MMSSMS-STGMMS - 242201289121","i-07645faff973e7a89","ap-northeast-2","AWS Seoul",
"ec2-qa-msg-mmsc-dbm-02-az2c","EC2 Instance","aws",0,1,0,0,0,13,35,58,19,"242201289121","aws-MMSSMS-STGMMS - 242201289121","i-0e652268594611038","ap-northeast-2","AWS Seoul",
"ec2-qa-msg-vmgw-app-01-az2c","EC2 Instance","aws",0,1,0,0,0,14,38,68,20,"242201289121","aws-MMSSMS-STGMMS - 242201289121","i-08d572dfd4c5a53bc","ap-northeast-2","AWS Seoul",
"ec2-qa-msg-simu-mmsc-02","EC2 Instance","aws",0,1,0,0,0,2,31,58,9,"242201289121","aws-MMSSMS-STGMMS - 242201289121","i-06b1091ee8d67f0fe","ap-northeast-2","AWS Seoul",
"ec2-qa-msg-mmsc-app-00-az2a","EC2 Instance","aws",0,1,0,0,0,13,35,58,19,"242201289121","aws-MMSSMS-STGMMS - 242201289121","i-078ff3d32418f44f7","ap-northeast-2","AWS Seoul",
"smrtmbl-smrt_apnortheast2-v068","EC2 Instance","aws",0,1,0,0,0,114,293,331,31,"992382552008","aws-prd-smrtmb - 992382552008","i-0f76726f94c91b322","ap-northeast-2","AWS Seoul",
"smrtmbl-smrt_apnortheast2-v068","EC2 Instance","aws",0,1,0,0,0,114,293,331,31,"992382552008","aws-prd-smrtmb - 992382552008","i-08a08186b2cdbb7a4","ap-northeast-2","AWS Seoul",
"smrtmbl-smrt_apnortheast2-v068","EC2 Instance","aws",0,1,0,0,0,114,293,331,31,"992382552008","aws-prd-smrtmb - 992382552008","i-0b6654575764390e5","ap-northeast-2","AWS Seoul",
"smrtmbl-smrt_apnortheast2-v068","EC2 Instance","aws",0,1,0,0,0,114,293,331,31,"992382552008","aws-prd-smrtmb - 992382552008","i-0fa0d59e484e8c892","ap-northeast-2","AWS Seoul",
"smrtmbl-smrt_apnortheast2-v068","EC2 Instance","aws",0,1,0,0,0,114,293,331,31,"992382552008","aws-prd-smrtmb - 992382552008","i-033e35750d94a687c","ap-northeast-2","AWS Seoul",
"smrtmbl-smrt_apnortheast2-v068","EC2 Instance","aws",0,1,0,0,0,114,293,331,31,"992382552008","aws-prd-smrtmb - 992382552008","i-03f40bf8865bae455","ap-northeast-2","AWS Seoul",
"ec2-stg-spam-pvs-web-az2c","EC2 Instance","aws",0,1,0,0,0,4,278,976,79,"803484623785","aws-stg-spam - 803484623785","i-0e0fc99bdf3eee7bd","ap-northeast-2","AWS Seoul",
"ec2-stg-spam-serv-was-az2a","EC2 Instance","aws",0,1,0,0,0,63,580,1265,166,"803484623785","aws-stg-spam - 803484623785","i-0e19268fca094337f","ap-northeast-2","AWS Seoul",
"ec2-stg-spam-evan-was-az2a","EC2 Instance","aws",0,1,0,0,0,2,571,1732,143,"803484623785","aws-stg-spam - 803484623785","i-06e7c0db1b15d7acd","ap-northeast-2","AWS Seoul",
"ec2-stg-spam-evan-was-az2c","EC2 Instance","aws",0,1,0,0,0,2,571,1732,143,"803484623785","aws-stg-spam - 803484623785","i-0976c38f2354cd794","ap-northeast-2","AWS Seoul",
"ec2-stg-spam-evan-web-az2c","EC2 Instance","aws",0,1,0,0,0,2,768,2408,152,"803484623785","aws-stg-spam - 803484623785","i-0d9197cbf75cce622","ap-northeast-2","AWS Seoul",
"ec2-stg-spam-evan-web-az2a","EC2 Instance","aws",0,1,0,0,0,2,768,2408,152,"803484623785","aws-stg-spam - 803484623785","i-0eba0261adcfd70a5","ap-northeast-2","AWS Seoul",
"ec2-stg-spam-pvs-web-az2a","EC2 Instance","aws",0,1,0,0,0,4,278,976,79,"803484623785","aws-stg-spam - 803484623785","i-0ae281b2248fdc2f5","ap-northeast-2","AWS Seoul",
"aws-cloud9-samiel-v01-cf8d97d9c2d44683a715a3a60818a9b2","EC2 Instance","aws",0,1,0,0,0,23,194,1887,132,"763914732510","clab - 763914732510","i-0070db32f21938309","ap-northeast-2","AWS Seoul",
"ec2-stg-aicc-sttswitch-exa-az2a","EC2 Instance","aws",0,1,0,0,0,17,208,601,58,"571113805677","aws-stg-ccaas - 571113805677","i-083ef29d16a9de314","ap-northeast-2","AWS Seoul",
"ec2-stg-aicc-vbgw-az2a","EC2 Instance","aws",0,1,0,0,0,16,204,505,427,"571113805677","aws-stg-ccaas - 571113805677","i-0b274e8a88cf76ef9","ap-northeast-2","AWS Seoul",
"ec2-stg-aicc-vbgw-az2c","EC2 Instance","aws",0,1,0,0,0,20,236,544,406,"571113805677","aws-stg-ccaas - 571113805677","i-042104d672172066f","ap-northeast-2","AWS Seoul",
"ec2-stg-aicc-iddwas-az2a","EC2 Instance","aws",0,1,0,0,0,22,212,498,411,"571113805677","aws-stg-ccaas - 571113805677","i-05e6ba92d690c7033","ap-northeast-2","AWS Seoul",
"ec2-stg-aicc-tts-az2c","EC2 Instance","aws",0,1,0,0,0,54,236,528,412,"571113805677","aws-stg-ccaas - 571113805677","i-0f01e45e2c6ffa758","ap-northeast-2","AWS Seoul",
"ec2-stg-aicc-adminwas-az2a","EC2 Instance","aws",0,1,0,0,0,20,214,507,402,"571113805677","aws-stg-ccaas - 571113805677","i-058b06e6c696a797f","ap-northeast-2","AWS Seoul",
"ec2-stg-aicc-sip-test","EC2 Instance","aws",0,1,0,0,0,0,245,905,76,"571113805677","aws-stg-ccaas - 571113805677","i-0874665f78bfae168","ap-northeast-2","AWS Seoul",
"ec2-stg-aicc-ixi-ttsadm-az2c","EC2 Instance","aws",0,1,0,0,0,18,275,815,47,"571113805677","aws-stg-ccaas - 571113805677","i-0043fc94b301d121e","ap-northeast-2","AWS Seoul",
"ec2-stg-aicc-sttswitch-exa-az2c","EC2 Instance","aws",0,1,0,0,0,19,220,608,56,"571113805677","aws-stg-ccaas - 571113805677","i-03f8ae0b21e9bb68b","ap-northeast-2","AWS Seoul",
"ec2-stg-aicc-vbgwmgmt-az2c","EC2 Instance","aws",0,1,0,0,0,20,220,485,405,"571113805677","aws-stg-ccaas - 571113805677","i-0f6f3c579feb05bd5","ap-northeast-2","AWS Seoul",
"ec2-stg-aicc-nlp-az2a","EC2 Instance","aws",0,1,0,0,0,20,214,533,398,"571113805677","aws-stg-ccaas - 571113805677","i-008e25c09997dbd9d","ap-northeast-2","AWS Seoul",
"ec2-stg-aicc-ctxtmgmt-az2a","EC2 Instance","aws",0,1,0,0,0,23,263,517,413,"571113805677","aws-stg-ccaas - 571113805677","i-053414552cf8d70c4","ap-northeast-2","AWS Seoul",
"ec2-stg-aicc-nlp-az2c","EC2 Instance","aws",0,1,0,0,0,21,216,539,400,"571113805677","aws-stg-ccaas - 571113805677","i-0ea33f3a4451f860d","ap-northeast-2","AWS Seoul",
"ec2-stg-aicc-sttswitch-az2a","EC2 Instance","aws",0,1,0,0,0,15,181,471,387,"571113805677","aws-stg-ccaas - 571113805677","i-0537918a4a9a51325","ap-northeast-2","AWS Seoul",
"ec2-stg-aicc-iddwas-az2c","EC2 Instance","aws",0,1,0,0,0,21,197,477,410,"571113805677","aws-stg-ccaas - 571113805677","i-07730a209f23e8939","ap-northeast-2","AWS Seoul",
"ec2-stg-aicc-stt-exa-az2c","EC2 Instance","aws",0,1,0,0,0,16,219,609,56,"571113805677","aws-stg-ccaas - 571113805677","i-0faab62aa9c0c57b0","ap-northeast-2","AWS Seoul",
"ec2-stg-aicc-bastion","EC2 Instance","aws",0,1,0,0,0,29,541,1465,112,"571113805677","aws-stg-ccaas - 571113805677","i-0653feb6ba402cbc8","ap-northeast-2","AWS Seoul",
"ec2-stg-aicc-keymgmt-az2c","EC2 Instance","aws",0,1,0,0,0,14,172,473,388,"571113805677","aws-stg-ccaas - 571113805677","i-0d9bff2ef848b0bbb","ap-northeast-2","AWS Seoul",
"ec2-stg-aicc-ixi-nlp-az2c","EC2 Instance","aws",0,1,0,0,0,17,218,637,58,"571113805677","aws-stg-ccaas - 571113805677","i-0bf63780fa613a459","ap-northeast-2","AWS Seoul",
"ec2-stg-aicc-tts-az2a","EC2 Instance","aws",0,1,0,0,0,53,235,526,412,"571113805677","aws-stg-ccaas - 571113805677","i-0bd9c0179391220b0","ap-northeast-2","AWS Seoul",
"ec2-stg-aicc-soegw-az2a","EC2 Instance","aws",0,1,0,0,0,21,209,462,440,"571113805677","aws-stg-ccaas - 571113805677","i-0718805344f955175","ap-northeast-2","AWS Seoul",
"ec2-stg-aicc-keymgmt-az2a","EC2 Instance","aws",0,1,0,0,0,13,171,473,388,"571113805677","aws-stg-ccaas - 571113805677","i-05f8ecadad9b5b778","ap-northeast-2","AWS Seoul",
"ec2-stg-aicc-stt-az2c","EC2 Instance","aws",0,1,0,0,0,58,244,528,392,"571113805677","aws-stg-ccaas - 571113805677","i-02e97af0c66a76a7b","ap-northeast-2","AWS Seoul",
"ec2-stg-aicc-ctxtmgmt-az2c","EC2 Instance","aws",0,1,0,0,0,24,262,503,412,"571113805677","aws-stg-ccaas - 571113805677","i-0d3ce302b0655d50b","ap-northeast-2","AWS Seoul",
"ec2-stg-aicc-ixi-ttsgw-az2a","EC2 Instance","aws",0,1,0,0,0,18,276,821,49,"571113805677","aws-stg-ccaas - 571113805677","i-0baa6e1e13553a9ba","ap-northeast-2","AWS Seoul",
"ec2-stg-aicc-ixi-tts-az2a","EC2 Instance","aws",0,1,0,0,0,22,285,820,46,"571113805677","aws-stg-ccaas - 571113805677","i-0b7934d3f28a1a584","ap-northeast-2","AWS Seoul",
"ec2-stg-aicc-stt-az2c-2","EC2 Instance","aws",0,1,0,0,0,58,242,523,391,"571113805677","aws-stg-ccaas - 571113805677","i-0992cd631eeb99f4c","ap-northeast-2","AWS Seoul",
"ec2-stg-aicc-adminwas-az2c","EC2 Instance","aws",0,1,0,0,0,21,209,488,402,"571113805677","aws-stg-ccaas - 571113805677","i-02fa9d0f60dbef299","ap-northeast-2","AWS Seoul",
"ec2-stg-aicc-sttswitch-az2a-2","EC2 Instance","aws",0,1,0,0,0,13,171,473,388,"571113805677","aws-stg-ccaas - 571113805677","i-0a5a03620e368108c","ap-northeast-2","AWS Seoul",
"ec2-stg-aicc-stt-az2a","EC2 Instance","aws",0,1,0,0,0,60,255,534,393,"571113805677","aws-stg-ccaas - 571113805677","i-0ec43bd4df267e24f","ap-northeast-2","AWS Seoul",
"ec2-stg-aicc-ixi-ttsgw-az2c","EC2 Instance","aws",0,1,0,0,0,17,273,810,48,"571113805677","aws-stg-ccaas - 571113805677","i-0d0506a9bdf6997dd","ap-northeast-2","AWS Seoul",
"ec2-stg-aicc-sttswitch-az2c","EC2 Instance","aws",0,1,0,0,0,13,172,473,386,"571113805677","aws-stg-ccaas - 571113805677","i-05201c2ddd57843d6","ap-northeast-2","AWS Seoul",
"ec2-stg-aicc-ixi-addrbot-az2c","EC2 Instance","aws",0,1,0,0,0,37,291,578,57,"571113805677","aws-stg-ccaas - 571113805677","i-0f608fcaf5d421dac","ap-northeast-2","AWS Seoul",
"ec2-stg-aicc-sttttsadm-az2a","EC2 Instance","aws",0,1,0,0,0,59,246,534,392,"571113805677","aws-stg-ccaas - 571113805677","i-0d095fbffb73f070c","ap-northeast-2","AWS Seoul",
"ec2-stg-aicc-rtgw-az2c","EC2 Instance","aws",0,1,0,0,0,18,197,478,400,"571113805677","aws-stg-ccaas - 571113805677","i-0a11f593bfb1f5f7a","ap-northeast-2","AWS Seoul",
"ec2-stg-aicc-vbgwmgmt-az2a","EC2 Instance","aws",0,1,0,0,0,19,219,485,405,"571113805677","aws-stg-ccaas - 571113805677","i-02f349a521ae3cdca","ap-northeast-2","AWS Seoul",
"ec2-stg-aicc-frontwas-az2a","EC2 Instance","aws",0,1,0,0,0,23,239,565,422,"571113805677","aws-stg-ccaas - 571113805677","i-0b383f94a71edcf83","ap-northeast-2","AWS Seoul",
"ec2-stg-aicc-stttawas-exa-az2c","EC2 Instance","aws",0,1,0,0,0,23,258,640,69,"571113805677","aws-stg-ccaas - 571113805677","i-0d50d509c7ddbf998","ap-northeast-2","AWS Seoul",
"ec2-stg-aicc-rtgw-az2a","EC2 Instance","aws",0,1,0,0,0,17,195,478,400,"571113805677","aws-stg-ccaas - 571113805677","i-00b1ff8e88c438fdf","ap-northeast-2","AWS Seoul",
"ec2-stg-aicc-soegw-az2c","EC2 Instance","aws",0,1,0,0,0,22,234,491,402,"571113805677","aws-stg-ccaas - 571113805677","i-04a90e3e6c7c8d396","ap-northeast-2","AWS Seoul",
"ec2-stg-aicc-stt-az2a-2","EC2 Instance","aws",0,1,0,0,0,58,242,523,391,"571113805677","aws-stg-ccaas - 571113805677","i-04278ee70a3411751","ap-northeast-2","AWS Seoul",
"ec2-stg-aicc-ixi-addrbot-az2a","EC2 Instance","aws",0,1,0,0,0,37,285,562,57,"571113805677","aws-stg-ccaas - 571113805677","i-0c00b73849f700964","ap-northeast-2","AWS Seoul",
"ec2-stg-aicc-pbx-test","EC2 Instance","aws",0,1,0,0,0,26,335,1001,82,"571113805677","aws-stg-ccaas - 571113805677","i-013b0eaed428c6497","ap-northeast-2","AWS Seoul",
"ec2-stg-aicc-nlpadmin-az2a","EC2 Instance","aws",0,1,0,0,0,23,231,545,398,"571113805677","aws-stg-ccaas - 571113805677","i-034e20d07aaef0879","ap-northeast-2","AWS Seoul",
"ec2-stg-aicc-stt-exa-az2a","EC2 Instance","aws",0,1,0,0,0,17,216,608,58,"571113805677","aws-stg-ccaas - 571113805677","i-05a2c2c13cf48e9e5","ap-northeast-2","AWS Seoul",
"ec2-stg-aicc-sttswitch-az2c-2","EC2 Instance","aws",0,1,0,0,0,14,172,473,388,"571113805677","aws-stg-ccaas - 571113805677","i-057f2148724e90b22","ap-northeast-2","AWS Seoul",
"ec2-stg-aicc-ixi-nlp-az2a","EC2 Instance","aws",0,1,0,0,0,17,218,637,58,"571113805677","aws-stg-ccaas - 571113805677","i-04ed48022fe76d46b","ap-northeast-2","AWS Seoul",
"ec2-stg-aicc-ixi-tts-az2c","EC2 Instance","aws",0,1,0,0,0,22,203,443,43,"571113805677","aws-stg-ccaas - 571113805677","i-00dbf296af035c76a","ap-northeast-2","AWS Seoul",
"ec2-stg-aicc-frontwas-az2c","EC2 Instance","aws",0,1,0,0,0,21,213,514,412,"571113805677","aws-stg-ccaas - 571113805677","i-011f456ae21bf7e02","ap-northeast-2","AWS Seoul",
"uplus-stats-app-prod","EC2 Instance","aws",0,1,0,0,0,,,,,"771097826720","anypointmedia - uplus - 771097826720","i-0da77fa6eec0dfd05","ap-northeast-2","AWS Seoul",
"ec2-prd-iptv-shd-cluster-v1_31-karpenter-node","EC2 Instance","aws",0,1,0,0,0,3,93,222,21,"969671253885","aws-prd-iptv - 969671253885","i-071e5079533d20562","ap-northeast-2","AWS Seoul",
"ec2-prd-iptv-shd-cluster-v1_31-karpenter-node","EC2 Instance","aws",0,1,0,0,0,3,93,222,21,"969671253885","aws-prd-iptv - 969671253885","i-00d4a334124814a2c","ap-northeast-2","AWS Seoul",
"ec2-dev-clcc-vars-was-01","EC2 Instance","aws",0,1,0,0,0,106,358,898,70,"773872345005","awsdevclcc - 773872345005","i-01f588904ee196df4","ap-northeast-2","AWS Seoul",
"ec2-dev-clcc-gc-monitoring-was","EC2 Instance","aws",0,1,0,0,0,9,109,268,19,"773872345005","awsdevclcc - 773872345005","i-0db75c91ed70153fd","ap-northeast-2","AWS Seoul",
"ec2-dev-clcc-pri-bst","EC2 Instance","aws",0,1,0,0,0,25,274,856,55,"773872345005","awsdevclcc - 773872345005","i-0eae566f292423603","ap-northeast-2","AWS Seoul",
"ec2-dev-clcc-vars-web-01","EC2 Instance","aws",0,1,0,0,0,2,185,779,49,"773872345005","awsdevclcc - 773872345005","i-0cdb42da8c3ba2221","ap-northeast-2","AWS Seoul",
"ec2-dev-clcc-stt-prx-01-gateway","EC2 Instance","aws",0,1,0,0,0,85,370,513,40,"773872345005","awsdevclcc - 773872345005","i-04a17cda430e431ee","ap-northeast-2","AWS Seoul",
"ec2-dev-clcc-prx-01-datadog","EC2 Instance","aws",0,1,0,0,0,5,170,688,28,"773872345005","awsdevclcc - 773872345005","i-0926b52ebac6d981d","ap-northeast-2","AWS Seoul",
"ec2-dev-clcc-stt-prx-02-gateway","EC2 Instance","aws",0,1,0,0,0,85,368,512,40,"773872345005","awsdevclcc - 773872345005","i-05484fc1f41753529","ap-northeast-2","AWS Seoul",
"bsddapne2-gmkf-advisor-default-on-demand-karpenter","EC2 Instance","aws",0,1,0,0,0,2,95,191,16,"767397901718","aws-nsd-dev - 767397901718","i-0b1c36e446e5d700e","ap-northeast-2","AWS Seoul",
"ec2-az2a-luiot-dev1-es3","EC2 Instance","aws",0,1,0,0,0,12,265,677,406,"011143606116","svcalliance1 - 011143606116","i-0981120ffde1a2f6c","ap-northeast-2","AWS Seoul",
"ec2-az2a-luiot-dev3-es3","EC2 Instance","aws",0,1,0,0,0,12,265,677,406,"011143606116","svcalliance1 - 011143606116","i-078e233abd9b86dbc","ap-northeast-2","AWS Seoul",
"ec2-az2a-luiot-dev1-rocketmq1","EC2 Instance","aws",0,1,0,0,0,40,377,742,417,"011143606116","svcalliance1 - 011143606116","i-0247d443f37f35522","ap-northeast-2","AWS Seoul",
"ec2-az2a-luiot-dev1-rocketmq2","EC2 Instance","aws",0,1,0,0,0,17,299,701,411,"011143606116","svcalliance1 - 011143606116","i-0fcd8cf891726df3c","ap-northeast-2","AWS Seoul",
"ec2-az2a-luiot-dev3-es2","EC2 Instance","aws",0,1,0,0,0,12,265,677,407,"011143606116","svcalliance1 - 011143606116","i-07098b8596f858125","ap-northeast-2","AWS Seoul",
"ec2-az2a-luiot-dev1-es2","EC2 Instance","aws",0,1,0,0,0,12,265,677,407,"011143606116","svcalliance1 - 011143606116","i-0af03ebbde70725d1","ap-northeast-2","AWS Seoul",
"ec2-az2a-luiot-dev3-rocketmq3","EC2 Instance","aws",0,1,0,0,0,40,379,743,419,"011143606116","svcalliance1 - 011143606116","i-0dea392b7f18790e2","ap-northeast-2","AWS Seoul",
"ec2-az2a-luiot-dev1-rocketmq3","EC2 Instance","aws",0,1,0,0,0,40,377,742,418,"011143606116","svcalliance1 - 011143606116","i-0b121b9e73da6f35b","ap-northeast-2","AWS Seoul",
"ec2-az2a-luiot-dev3-es1","EC2 Instance","aws",0,1,0,0,0,12,276,684,411,"011143606116","svcalliance1 - 011143606116","i-0fa8c6a948483ea85","ap-northeast-2","AWS Seoul",
"ec2-az2a-luiot-dev1-apollos","EC2 Instance","aws",0,1,0,0,0,21,321,716,412,"011143606116","svcalliance1 - 011143606116","i-0e0adba811154c85d","ap-northeast-2","AWS Seoul",
"ec2-az2a-luiot-dev3-rocketmq2","EC2 Instance","aws",0,1,0,0,0,17,300,701,411,"011143606116","svcalliance1 - 011143606116","i-06828e49f86c33266","ap-northeast-2","AWS Seoul",
"ec2-az2a-luiot-dev3-skywalking","EC2 Instance","aws",0,1,0,0,0,90,466,846,438,"011143606116","svcalliance1 - 011143606116","i-07b4119504266f304","ap-northeast-2","AWS Seoul",
"ec2-az2a-luiot-dev3-apollos","EC2 Instance","aws",0,1,0,0,0,58,436,812,423,"011143606116","svcalliance1 - 011143606116","i-0c0d4a3c4374cecac","ap-northeast-2","AWS Seoul",
"ec2-az2a-luiot-dev3-rocketmq1","EC2 Instance","aws",0,1,0,0,0,40,378,742,417,"011143606116","svcalliance1 - 011143606116","i-0d08c40e5175675e8","ap-northeast-2","AWS Seoul",
"ec2-az2a-luiot-dev1-skywalking","EC2 Instance","aws",0,1,0,0,0,90,466,846,438,"011143606116","svcalliance1 - 011143606116","i-0213517e21b3b1929","ap-northeast-2","AWS Seoul",
"ec2-az2a-luiot-dev1-es1","EC2 Instance","aws",0,1,0,0,0,12,276,684,411,"011143606116","svcalliance1 - 011143606116","i-05aa6ae982d710d1e","ap-northeast-2","AWS Seoul",
"cleansapne2-jvts-spot-styx-karpenter","EC2 Instance","aws",0,1,0,0,0,2,5,6,4,"854531064573","daxcleand - 854531064573","i-0830d649e797c8d47","ap-northeast-2","AWS Seoul",
"ec2-az2a-luiot-dev1-logcollect3","EC2 Instance","aws",0,1,0,0,0,12,265,677,407,"011143606116","svcalliance1 - 011143606116","i-009779bda9574b202","ap-northeast-2","AWS Seoul",
"ec2-az2a-luiot-dev3-erp","EC2 Instance","aws",0,1,0,0,0,2,67,198,11,"011143606116","svcalliance1 - 011143606116","i-022ec5aeb34823098","ap-northeast-2","AWS Seoul",
"ec2-az2a-luiot-dev1-namesrv","EC2 Instance","aws",0,1,0,0,0,2,67,198,11,"011143606116","svcalliance1 - 011143606116","i-07a9af5c49a8e6266","ap-northeast-2","AWS Seoul",
"ec2-az2a-luiot-dev3-namesrv","EC2 Instance","aws",0,1,0,0,0,2,67,198,11,"011143606116","svcalliance1 - 011143606116","i-09f094652634312ed","ap-northeast-2","AWS Seoul",
"ec2-az2a-luiot-dev1-coap2","EC2 Instance","aws",0,1,0,0,0,2,51,98,11,"011143606116","svcalliance1 - 011143606116","i-0053875e3dafc2351","ap-northeast-2","AWS Seoul",
"ec2-az2a-luiot-dev1-erp","EC2 Instance","aws",0,1,0,0,0,2,67,198,11,"011143606116","svcalliance1 - 011143606116","i-05a783c3c485dd091","ap-northeast-2","AWS Seoul",
"ec2-az2a-luiot-dev1-wakeup1","EC2 Instance","aws",0,1,0,0,0,11,189,569,40,"011143606116","svcalliance1 - 011143606116","i-060fe0f9b2aa11073","ap-northeast-2","AWS Seoul",
"ec2-az2c-luiot-dev3-coap2","EC2 Instance","aws",0,1,0,0,0,12,266,660,424,"011143606116","svcalliance1 - 011143606116","i-0ce8eb8a3deb19700","ap-northeast-2","AWS Seoul",
"ec2-az2a-luiot-dev3-sms","EC2 Instance","aws",0,1,0,0,0,15,279,688,427,"011143606116","svcalliance1 - 011143606116","i-0959a6a39a4edf25f","ap-northeast-2","AWS Seoul",
"ec2-az2a-luiot-dev1-al2023","EC2 Instance","aws",0,1,0,0,0,12,194,578,40,"011143606116","svcalliance1 - 011143606116","i-087aa1087151f9c75","ap-northeast-2","AWS Seoul",
"ec2-az2a-luiot-dev1-logcollect2","EC2 Instance","aws",0,1,0,0,0,12,265,677,407,"011143606116","svcalliance1 - 011143606116","i-080ccc75d805a3735","ap-northeast-2","AWS Seoul",
"ec2-az2a-luiot-dev1-sms","EC2 Instance","aws",0,1,0,0,0,15,279,688,427,"011143606116","svcalliance1 - 011143606116","i-0c87970e35e670353","ap-northeast-2","AWS Seoul",
"ec2-az2c-luiot-dev1-wakeup2","EC2 Instance","aws",0,1,0,0,0,11,189,569,40,"011143606116","svcalliance1 - 011143606116","i-08bdb7defa448afd9","ap-northeast-2","AWS Seoul",
"ec2-az2a-luiot-dev3-devex","EC2 Instance","aws",0,1,0,0,0,12,265,662,404,"011143606116","svcalliance1 - 011143606116","i-051e35ef165456415","ap-northeast-2","AWS Seoul",
"ec2-az2a-luiot-dev3-ifttt","EC2 Instance","aws",0,1,0,0,0,12,266,677,406,"011143606116","svcalliance1 - 011143606116","i-003131075aa0cd27a","ap-northeast-2","AWS Seoul",
"ec2-az2a-luiot-dev3-board","EC2 Instance","aws",0,1,0,0,0,12,265,677,406,"011143606116","svcalliance1 - 011143606116","i-00de7375eb2e0a693","ap-northeast-2","AWS Seoul",
"ec2-az2a-luiot-dev1-jumper","EC2 Instance","aws",0,1,0,0,0,49,442,839,586,"011143606116","svcalliance1 - 011143606116","i-0b5ed1cd3c6a345a8","ap-northeast-2","AWS Seoul",
"ec2-az2a-luiot-dev3-ota","EC2 Instance","aws",0,1,0,0,0,12,265,677,406,"011143606116","svcalliance1 - 011143606116","i-0452041b1d44cbfa1","ap-northeast-2","AWS Seoul",
"ec2-az2a-luiot-dev3-logcollect","EC2 Instance","aws",0,1,0,0,0,12,265,677,407,"011143606116","svcalliance1 - 011143606116","i-06fbe627608accc66","ap-northeast-2","AWS Seoul",
"ec2-az2a-luiot-dev1-devex","EC2 Instance","aws",0,1,0,0,0,12,265,662,404,"011143606116","svcalliance1 - 011143606116","i-09eb6798326180aa9","ap-northeast-2","AWS Seoul",
"ec2-az2a-luiot-dev3-jumper","EC2 Instance","aws",0,1,0,0,0,79,523,906,596,"011143606116","svcalliance1 - 011143606116","i-0513256ba016c5ac8","ap-northeast-2","AWS Seoul",
"ec2-az2a-luiot-dev3-nginx","EC2 Instance","aws",0,1,0,0,0,11,263,643,454,"011143606116","svcalliance1 - 011143606116","i-01a5f2db32da259a9","ap-northeast-2","AWS Seoul",
"ec2-az2a-luiot-dev1-hetu","EC2 Instance","aws",0,1,0,0,0,12,265,677,406,"011143606116","svcalliance1 - 011143606116","i-0cc023b8116166e37","ap-northeast-2","AWS Seoul",
"ec2-az2a-luiot-dev1-uplusmnger","EC2 Instance","aws",0,1,0,0,0,12,265,677,407,"011143606116","svcalliance1 - 011143606116","i-065631a536a3cebe6","ap-northeast-2","AWS Seoul",
"ec2-az2a-luiot-dev1-ifttt","EC2 Instance","aws",0,1,0,0,0,12,268,666,405,"011143606116","svcalliance1 - 011143606116","i-0b846459156b838f0","ap-northeast-2","AWS Seoul",
"ec2-az2a-luiot-dev1-board","EC2 Instance","aws",0,1,0,0,0,12,265,677,407,"011143606116","svcalliance1 - 011143606116","i-02308ba950b58bc04","ap-northeast-2","AWS Seoul",
"ec2-az2a-luiot-dev1-opncldfrnt","EC2 Instance","aws",0,1,0,0,0,11,269,652,421,"011143606116","svcalliance1 - 011143606116","i-0458dcc99192d72d4","ap-northeast-2","AWS Seoul",
"ec2-az2a-luiot-dev3-opncldfrnt","EC2 Instance","aws",0,1,0,0,0,11,269,652,421,"011143606116","svcalliance1 - 011143606116","i-0c8c15b3d2e451991","ap-northeast-2","AWS Seoul",
"ec2-az2a-luiot-dev3-user","EC2 Instance","aws",0,1,0,0,0,13,270,695,410,"011143606116","svcalliance1 - 011143606116","i-09c67376c1ec4362b","ap-northeast-2","AWS Seoul",
"ec2-az2a-luiot-dev1-cem","EC2 Instance","aws",0,1,0,0,0,11,263,632,436,"011143606116","svcalliance1 - 011143606116","i-0ae2a8756bf5442ba","ap-northeast-2","AWS Seoul",
"ec2-az2a-luiot-dev3-datasource","EC2 Instance","aws",0,1,0,0,0,12,265,677,406,"011143606116","svcalliance1 - 011143606116","i-09f4ffad183749afb","ap-northeast-2","AWS Seoul",
"ec2-az2a-luiot-dev3-hetu","EC2 Instance","aws",0,1,0,0,0,12,265,677,406,"011143606116","svcalliance1 - 011143606116","i-039e2bf492b5bd385","ap-northeast-2","AWS Seoul",
"ec2-az2a-luiot-dev3-xxljob","EC2 Instance","aws",0,1,0,0,0,12,265,677,406,"011143606116","svcalliance1 - 011143606116","i-0ec8295cd885de97e","ap-northeast-2","AWS Seoul",
"ec2-az2a-luiot-dev1-ota","EC2 Instance","aws",0,1,0,0,0,12,265,677,406,"011143606116","svcalliance1 - 011143606116","i-0844b269fe18e15b1","ap-northeast-2","AWS Seoul",
"ec2-az2a-luiot-dev1-uplusadmin","EC2 Instance","aws",0,1,0,0,0,12,265,677,406,"011143606116","svcalliance1 - 011143606116","i-01968f88ef87490cd","ap-northeast-2","AWS Seoul",
"ec2-az2a-luiot-dev3-gateway","EC2 Instance","aws",0,1,0,0,0,12,265,677,427,"011143606116","svcalliance1 - 011143606116","i-055226ccc04daea28","ap-northeast-2","AWS Seoul",
"ec2-az2a-luiot-dev1-coap","EC2 Instance","aws",0,1,0,0,0,12,269,687,430,"011143606116","svcalliance1 - 011143606116","i-07151691ce724e15a","ap-northeast-2","AWS Seoul",
"ec2-az2a-luiot-dev3-cem","EC2 Instance","aws",0,1,0,0,0,12,268,650,439,"011143606116","svcalliance1 - 011143606116","i-08401cf894505ae0c","ap-northeast-2","AWS Seoul",
"ec2-az2a-luiot-dev3-uplusmnger","EC2 Instance","aws",0,1,0,0,0,15,278,688,407,"011143606116","svcalliance1 - 011143606116","i-078866011c428c922","ap-northeast-2","AWS Seoul",
"ec2-az2a-luiot-dev1-manager","EC2 Instance","aws",0,1,0,0,0,12,265,677,407,"011143606116","svcalliance1 - 011143606116","i-0bb2e3d74d7965007","ap-northeast-2","AWS Seoul",
"ec2-az2a-luiot-dev1-registsvr","EC2 Instance","aws",0,1,0,0,0,12,265,677,406,"011143606116","svcalliance1 - 011143606116","i-0a89fc873e12ac54e","ap-northeast-2","AWS Seoul",
"ec2-az2a-luiot-dev1-nginx","EC2 Instance","aws",0,1,0,0,0,11,263,643,475,"011143606116","svcalliance1 - 011143606116","i-098dde4192bc122c6","ap-northeast-2","AWS Seoul",
"ec2-az2a-luiot-dev3-uplusadmin","EC2 Instance","aws",0,1,0,0,0,13,270,695,409,"011143606116","svcalliance1 - 011143606116","i-0d0c2592aecbc25b4","ap-northeast-2","AWS Seoul",
"ec2-az2a-luiot-dev1-xxljob","EC2 Instance","aws",0,1,0,0,0,12,265,677,406,"011143606116","svcalliance1 - 011143606116","i-08e1ed9982484d35a","ap-northeast-2","AWS Seoul",
"ec2-az2a-luiot-dev3-manager","EC2 Instance","aws",0,1,0,0,0,13,270,695,409,"011143606116","svcalliance1 - 011143606116","i-04fbb2b53804e2feb","ap-northeast-2","AWS Seoul",
"ec2-az2a-luiot-dev1-device","EC2 Instance","aws",0,1,0,0,0,12,265,677,406,"011143606116","svcalliance1 - 011143606116","i-0e2916b7987a76956","ap-northeast-2","AWS Seoul",
"ec2-az2a-luiot-dev3-device","EC2 Instance","aws",0,1,0,0,0,12,265,677,406,"011143606116","svcalliance1 - 011143606116","i-04c4d414e5c0a45d4","ap-northeast-2","AWS Seoul",
"ec2-az2a-luiot-dev1-datasource","EC2 Instance","aws",0,1,0,0,0,12,265,677,406,"011143606116","svcalliance1 - 011143606116","i-050edec7598a90a37","ap-northeast-2","AWS Seoul",
"ec2-az2a-luiot-dev1-push","EC2 Instance","aws",0,1,0,0,0,12,265,677,406,"011143606116","svcalliance1 - 011143606116","i-05e5f76a44f7644f5","ap-northeast-2","AWS Seoul",
"ec2-az2a-luiot-dev3-registsvr","EC2 Instance","aws",0,1,0,0,0,12,265,677,406,"011143606116","svcalliance1 - 011143606116","i-04aec8b583cbb5298","ap-northeast-2","AWS Seoul",
"ec2-az2a-luiot-dev3-push","EC2 Instance","aws",0,1,0,0,0,13,270,695,409,"011143606116","svcalliance1 - 011143606116","i-0324120f32ce968d5","ap-northeast-2","AWS Seoul",
"ec2-az2a-luiot-dev3-oss","EC2 Instance","aws",0,1,0,0,0,32,299,707,410,"011143606116","svcalliance1 - 011143606116","i-0aaa52c925821162e","ap-northeast-2","AWS Seoul",
"ec2-az2a-luiot-dev1-leisi","EC2 Instance","aws",0,1,0,0,0,12,265,677,407,"011143606116","svcalliance1 - 011143606116","i-0caee8ff9f700839f","ap-northeast-2","AWS Seoul",
"ec2-az2a-luiot-dev1-prometheus","EC2 Instance","aws",0,1,0,0,0,15,300,706,407,"011143606116","svcalliance1 - 011143606116","i-0a20fb4cd792dc3c9","ap-northeast-2","AWS Seoul",
"ec2-az2a-luiot-dev1-user","EC2 Instance","aws",0,1,0,0,0,12,265,677,407,"011143606116","svcalliance1 - 011143606116","i-01c1f42a159de474e","ap-northeast-2","AWS Seoul",
"ec2-az2a-luiot-dev3-coap","EC2 Instance","aws",0,1,0,0,0,12,266,660,424,"011143606116","svcalliance1 - 011143606116","i-070cc34dff0110085","ap-northeast-2","AWS Seoul",
"ec2-az2a-luiot-dev1-gateway","EC2 Instance","aws",0,1,0,0,0,12,265,677,427,"011143606116","svcalliance1 - 011143606116","i-0a5090aa4dd807c99","ap-northeast-2","AWS Seoul",
"ec2-az2a-luiot-dev1-logcollect","EC2 Instance","aws",0,1,0,0,0,12,265,677,407,"011143606116","svcalliance1 - 011143606116","i-0e5c5397a8fa3c184","ap-northeast-2","AWS Seoul",
"ec2-az2a-luiot-dev1-oss","EC2 Instance","aws",0,1,0,0,0,11,189,569,40,"011143606116","svcalliance1 - 011143606116","i-08f7b6d578116e243","ap-northeast-2","AWS Seoul",
"ec2-az2a-luiot-dev3-leisi","EC2 Instance","aws",0,1,0,0,0,16,283,706,409,"011143606116","svcalliance1 - 011143606116","i-09477ab35073e8037","ap-northeast-2","AWS Seoul",
"TensorRT-LLM","EC2 Instance","aws",0,1,0,0,0,9,61,1046,74,"968636203424","MULTI-DEV - 968636203424","i-08b5c2653a738cb94","ap-northeast-2","AWS Seoul",
"ec2-dev-cloudx-private-config-mgmts-az2c","EC2 Instance","aws",0,1,0,0,0,18,114,271,31,"390402547906","cloudx-dev - 390402547906","i-053e39d0803af4a01","ap-northeast-2","AWS Seoul",
"ec2-dev-cloudx-private-config-mgmts-az2a","EC2 Instance","aws",0,1,0,0,0,25,142,275,32,"390402547906","cloudx-dev - 390402547906","i-0a4c2221d9b392852","ap-northeast-2","AWS Seoul",
"ec2-dev-aicc-iddwas-az2a","EC2 Instance","aws",0,1,0,0,0,20,184,425,382,"406927758154","aws-dev-ccaas - 406927758154","i-05dd9ad8de2a77244","ap-northeast-2","AWS Seoul",
"ec2-dev-aicc-sttswitch-exa-az2a","EC2 Instance","aws",0,1,0,0,0,17,255,896,79,"406927758154","aws-dev-ccaas - 406927758154","i-0958558a62ac40abb","ap-northeast-2","AWS Seoul",
"ec2-dev-aicc-sttswitch-az2a","EC2 Instance","aws",0,1,0,0,0,13,159,421,380,"406927758154","aws-dev-ccaas - 406927758154","i-033ce813a0f26d01b","ap-northeast-2","AWS Seoul",
"ec2-dev-aicc-nlp-az2a","EC2 Instance","aws",0,1,0,0,0,20,203,486,391,"406927758154","aws-dev-ccaas - 406927758154","i-04cdde3eb5295d03e","ap-northeast-2","AWS Seoul",
"ec2-dev-aicc-ixi-ttsadm-az2c","EC2 Instance","aws",0,1,0,0,0,17,190,530,41,"406927758154","aws-dev-ccaas - 406927758154","i-0fbacc7b236804c56","ap-northeast-2","AWS Seoul",
"ec2-dev-aicc-nlp-az2c","EC2 Instance","aws",0,1,0,0,0,0,23,44,8,"406927758154","aws-dev-ccaas - 406927758154","i-0454ab9fcc87e6488","ap-northeast-2","AWS Seoul",
"ec2-dev-aicc-sttswitch-exa-az2c","EC2 Instance","aws",0,1,0,0,0,18,262,891,78,"406927758154","aws-dev-ccaas - 406927758154","i-016a990cf5cdb9112","ap-northeast-2","AWS Seoul",
"ec2-dev-aicc-sttttsadm-az2a","EC2 Instance","aws",0,1,0,0,0,59,231,482,383,"406927758154","aws-dev-ccaas - 406927758154","i-0ec6b092216099820","ap-northeast-2","AWS Seoul",
"ec2-dev-aicc-adminwas-az2c","EC2 Instance","aws",0,1,0,0,0,20,194,435,393,"406927758154","aws-dev-ccaas - 406927758154","i-0c278d5eb5598cf71","ap-northeast-2","AWS Seoul",
"ec2-dev-aicc-ixi-tts-az2c","EC2 Instance","aws",0,1,0,0,0,23,288,864,49,"406927758154","aws-dev-ccaas - 406927758154","i-07944abb01ca2fa25","ap-northeast-2","AWS Seoul",
"ec2-dev-aicc-ctxtmgmt-az2c","EC2 Instance","aws",0,1,0,0,0,23,229,435,392,"406927758154","aws-dev-ccaas - 406927758154","i-01fac6aee725491e4","ap-northeast-2","AWS Seoul",
"ec2-dev-aicc-ixi-ttsgw-az2c","EC2 Instance","aws",0,1,0,0,0,17,190,528,42,"406927758154","aws-dev-ccaas - 406927758154","i-0b57930c6d99c49ab","ap-northeast-2","AWS Seoul",
"ec2-dev-aicc-tts-az2a","EC2 Instance","aws",0,1,0,0,0,53,223,475,383,"406927758154","aws-dev-ccaas - 406927758154","i-0aa4aaa777d5deb9e","ap-northeast-2","AWS Seoul",
"ec2-dev-aicc-sttswitch-az2c","EC2 Instance","aws",0,1,0,0,0,13,159,421,380,"406927758154","aws-dev-ccaas - 406927758154","i-0a410391b75d5455f","ap-northeast-2","AWS Seoul",
"ec2-dev-aicc-vbgw-az2a","EC2 Instance","aws",0,1,0,0,0,15,180,428,413,"406927758154","aws-dev-ccaas - 406927758154","i-036cb72a1f820bcc8","ap-northeast-2","AWS Seoul",
"ec2-dev-aicc-stttawas-exa-az2c","EC2 Instance","aws",0,1,0,0,0,22,305,927,85,"406927758154","aws-dev-ccaas - 406927758154","i-0000f7ea9ddacac67","ap-northeast-2","AWS Seoul",
"ec2-dev-aicc-frontwas-az2c","EC2 Instance","aws",0,1,0,0,0,20,200,462,404,"406927758154","aws-dev-ccaas - 406927758154","i-09fa91ccd27f8281f","ap-northeast-2","AWS Seoul",
"ec2-dev-aicc-stt-az2a","EC2 Instance","aws",0,1,0,0,0,58,232,477,383,"406927758154","aws-dev-ccaas - 406927758154","i-0b9ce7b00e1d42c40","ap-northeast-2","AWS Seoul",
"ec2-dev-aicc-nlpadmin-az2a","EC2 Instance","aws",0,1,0,0,0,23,221,495,390,"406927758154","aws-dev-ccaas - 406927758154","i-014c30792677bdbc5","ap-northeast-2","AWS Seoul",
"ec2-dev-aicc-vbgwmgmt-az2a","EC2 Instance","aws",0,1,0,0,0,18,205,443,397,"406927758154","aws-dev-ccaas - 406927758154","i-0a01ccf5c623e7031","ap-northeast-2","AWS Seoul",
"ec2-dev-aicc-stt-exa-az2c","EC2 Instance","aws",0,1,0,0,0,66,342,921,80,"406927758154","aws-dev-ccaas - 406927758154","i-07ba92870b8148f03","ap-northeast-2","AWS Seoul",
"ec2-dev-aicc-rtgw-az2a","EC2 Instance","aws",0,1,0,0,0,16,174,427,389,"406927758154","aws-dev-ccaas - 406927758154","i-05d99c6b1113bc663","ap-northeast-2","AWS Seoul",
"ec2-dev-aicc-ixi-addrbot-az2c","EC2 Instance","aws",0,1,0,0,0,43,331,708,57,"406927758154","aws-dev-ccaas - 406927758154","i-0792b40735e053259","ap-northeast-2","AWS Seoul",
"ec2-dev-aicc-soegw-az2a","EC2 Instance","aws",0,1,0,0,0,19,197,460,439,"406927758154","aws-dev-ccaas - 406927758154","i-0a22d7c79fc7fc486","ap-northeast-2","AWS Seoul",
"ec2-dev-aicc-stt-exa-az2a","EC2 Instance","aws",0,1,0,0,0,67,341,918,80,"406927758154","aws-dev-ccaas - 406927758154","i-0002f7647b43bc77c","ap-northeast-2","AWS Seoul",
"ec2-dev-aicc-keymgmt-az2c","EC2 Instance","aws",0,1,0,0,0,1,138,377,352,"406927758154","aws-dev-ccaas - 406927758154","i-077a019c0249f006f","ap-northeast-2","AWS Seoul",
"ec2-dev-aicc-bastion","EC2 Instance","aws",0,1,0,0,0,34,453,1004,123,"406927758154","aws-dev-ccaas - 406927758154","i-0fdb36d786cfe2e24","ap-northeast-2","AWS Seoul",
"ugpt-dev-vpc_locust","EC2 Instance","aws",0,1,0,0,0,2,14,710,38,"590183678280","aws-dev-ugpt - 590183678280","i-021771e4c3aa252e5","ap-northeast-2","AWS Seoul",
"ec2-dev-bizon-portal-web-01-az2a","EC2 Instance","aws",0,1,0,0,0,19,197,529,48,"783764571800","awsdevbzn - 783764571800","i-0e4559c37e2655445","ap-northeast-2","AWS Seoul",
"ec2-dev-bizon-portal-was-01-az2a","EC2 Instance","aws",0,1,0,0,0,19,184,509,44,"783764571800","awsdevbzn - 783764571800","i-0909a4da17054fb86","ap-northeast-2","AWS Seoul",
"ec2-dev-bizon-mgmt-01-az2a","EC2 Instance","aws",0,1,0,0,0,19,197,531,48,"783764571800","awsdevbzn - 783764571800","i-02c30a38b99724066","ap-northeast-2","AWS Seoul",
"STG-RCS-MaaP-ADMIN-A","EC2 Instance","aws",0,1,0,0,0,266,1485,1707,375,"493710722196","rcs-mapp@lguplus - 493710722196","i-0b3625d8d20285d72","ap-northeast-2","AWS Seoul",
"STG-RCS-MaaP-BAS-A","EC2 Instance","aws",0,1,0,0,0,150,1344,1537,224,"493710722196","rcs-mapp@lguplus - 493710722196","i-01e15d892056794af","ap-northeast-2","AWS Seoul",
"STG-RCS-MAAP-IMAGE_PROXY-C","EC2 Instance","aws",0,1,0,0,0,48,502,1121,260,"493710722196","rcs-mapp@lguplus - 493710722196","i-03bd2a58e2dd69068","ap-northeast-2","AWS Seoul",
"ec2-prd-msg-bstn","EC2 Instance","aws",0,1,0,0,0,15,82,134,30,"060795941504","aws-MMSSMS-PRDMMS - 060795941504","i-061f17220db34f963","ap-northeast-2","AWS Seoul",
"ec2-prd-msg-mmsc-ext-az2a-gslb","EC2 Instance","aws",0,1,0,0,0,0,0,0,0,"060795941504","aws-MMSSMS-PRDMMS - 060795941504","i-07870cd59e1eb27c0","ap-northeast-2","AWS Seoul",
"itrelengapne2-cgtu-ondemand-karpenter","EC2 Instance","aws",0,1,0,0,0,3,18,20,6,"590184057287","aws-itmod-releng - 590184057287","i-0aab0b85722656489","ap-northeast-2","AWS Seoul",
"itrelengapne2-cgtu-spot-karpenter","EC2 Instance","aws",0,1,0,0,0,1,11,11,4,"590184057287","aws-itmod-releng - 590184057287","i-0f50f6248b969ab25","ap-northeast-2","AWS Seoul",
"itrelengapne2-cgtu-spot-karpenter","EC2 Instance","aws",0,1,0,0,0,1,11,11,4,"590184057287","aws-itmod-releng - 590184057287","i-0395901fceb507364","ap-northeast-2","AWS Seoul",
"ec2-qa-msg-mail-app-01-az2c","EC2 Instance","aws",0,1,0,0,0,14,38,68,20,"242201289121","aws-MMSSMS-STGMMS - 242201289121","i-0000b651dc58ddfc3","ap-northeast-2","AWS Seoul",
"ec2-qa-msg-mgwb-app-01-az2a","EC2 Instance","aws",0,1,0,0,0,14,39,70,20,"242201289121","aws-MMSSMS-STGMMS - 242201289121","i-0738a10d6d62477ae","ap-northeast-2","AWS Seoul",
"ec2-qa-msg-pgww-app-01-az2a","EC2 Instance","aws",0,1,0,0,0,13,35,58,19,"242201289121","aws-MMSSMS-STGMMS - 242201289121","i-098291dd3cf75e515","ap-northeast-2","AWS Seoul",
"ec2-qa-msg-simu-mgw-01","EC2 Instance","aws",0,1,0,0,0,15,81,133,30,"242201289121","aws-MMSSMS-STGMMS - 242201289121","i-0bc434fb02d5b10db","ap-northeast-2","AWS Seoul",
"ec2-qa-msg-cbcm-app-01-az2c","EC2 Instance","aws",0,1,0,0,0,14,39,70,20,"242201289121","aws-MMSSMS-STGMMS - 242201289121","i-091dd7a38247dfc1a","ap-northeast-2","AWS Seoul",
"ec2-qa-msg-sgwo-app-01-az2a","EC2 Instance","aws",0,1,0,0,0,13,36,58,19,"242201289121","aws-MMSSMS-STGMMS - 242201289121","i-02f542bdf67e457ca","ap-northeast-2","AWS Seoul",
"ec2-qa-msg-cbca-app-01-az2c","EC2 Instance","aws",0,1,0,0,0,14,39,70,20,"242201289121","aws-MMSSMS-STGMMS - 242201289121","i-0d380f865ba009d35","ap-northeast-2","AWS Seoul",
"ec2-qa-msg-simu-sgwt-02","EC2 Instance","aws",0,1,0,0,0,19,123,172,32,"242201289121","aws-MMSSMS-STGMMS - 242201289121","i-0e46eab6796115a2a","ap-northeast-2","AWS Seoul",
"ec2-qa-msg-pgww-app-01-az2c","EC2 Instance","aws",0,1,0,0,0,13,35,58,19,"242201289121","aws-MMSSMS-STGMMS - 242201289121","i-02d2520c060b10129","ap-northeast-2","AWS Seoul",
"ec2-qa-msg-cbcm-app-01-az2a","EC2 Instance","aws",0,1,0,0,0,14,39,70,20,"242201289121","aws-MMSSMS-STGMMS - 242201289121","i-0860e05910f16bc71","ap-northeast-2","AWS Seoul",
"ec2-qa-msg-sgwt-app-01-az2c","EC2 Instance","aws",0,1,0,0,0,13,36,58,19,"242201289121","aws-MMSSMS-STGMMS - 242201289121","i-09ac18a31d9db2eca","ap-northeast-2","AWS Seoul",
"ec2-qa-msg-pgwv-app-01-az2c","EC2 Instance","aws",0,1,0,0,0,13,36,58,19,"242201289121","aws-MMSSMS-STGMMS - 242201289121","i-06b9d1e246483c9a8","ap-northeast-2","AWS Seoul",
"ec2-qa-msg-trsg-app-01-az2c","EC2 Instance","aws",0,1,0,0,0,14,38,68,20,"242201289121","aws-MMSSMS-STGMMS - 242201289121","i-04374fe767f48caa4","ap-northeast-2","AWS Seoul",
"ec2-qa-msg-iwf-app-01-az2a","EC2 Instance","aws",0,1,0,0,0,14,38,68,20,"242201289121","aws-MMSSMS-STGMMS - 242201289121","i-04e3b679414b2d016","ap-northeast-2","AWS Seoul",
"ec2-qa-msg-pgwv-app-01-az2a","EC2 Instance","aws",0,1,0,0,0,13,35,58,19,"242201289121","aws-MMSSMS-STGMMS - 242201289121","i-03576789f43354ed7","ap-northeast-2","AWS Seoul",
"ec2-qa-msg-cbca-app-01-az2a","EC2 Instance","aws",0,1,0,0,0,14,39,70,20,"242201289121","aws-MMSSMS-STGMMS - 242201289121","i-00306757ac67be760","ap-northeast-2","AWS Seoul",
"ec2-qa-msg-simu-mgw-02","EC2 Instance","aws",0,1,0,0,0,15,81,133,30,"242201289121","aws-MMSSMS-STGMMS - 242201289121","i-07706c7424f5b1bec","ap-northeast-2","AWS Seoul",
"ec2-qa-msg-bstn","EC2 Instance","aws",0,1,0,0,0,15,84,135,31,"242201289121","aws-MMSSMS-STGMMS - 242201289121","i-041c22e911b09da1f","ap-northeast-2","AWS Seoul",
"ec2-qa-msg-sgwo-app-01-az2c","EC2 Instance","aws",0,1,0,0,0,13,35,58,19,"242201289121","aws-MMSSMS-STGMMS - 242201289121","i-0911925cb7eb11a47","ap-northeast-2","AWS Seoul",
"ec2-qa-msg-sgwt-app-01-az2a","EC2 Instance","aws",0,1,0,0,0,13,36,58,19,"242201289121","aws-MMSSMS-STGMMS - 242201289121","i-0f2a398dcac39c7cd","ap-northeast-2","AWS Seoul",
"ec2-qa-msg-simu-sgwt-01","EC2 Instance","aws",0,1,0,0,0,15,83,133,30,"242201289121","aws-MMSSMS-STGMMS - 242201289121","i-0f5b4df7be2e99582","ap-northeast-2","AWS Seoul",
"ec2-qa-msg-demo-app-01-az2a","EC2 Instance","aws",0,1,0,0,0,14,39,70,20,"242201289121","aws-MMSSMS-STGMMS - 242201289121","i-09f7d6a979e6dd9b4","ap-northeast-2","AWS Seoul",
"ec2-qa-msg-trsg-app-01-az2a","EC2 Instance","aws",0,1,0,0,0,14,38,68,20,"242201289121","aws-MMSSMS-STGMMS - 242201289121","i-03a58b02f784c11ec","ap-northeast-2","AWS Seoul",
"ec2-qa-msg-mgwb-app-01-az2c","EC2 Instance","aws",0,1,0,0,0,14,39,70,20,"242201289121","aws-MMSSMS-STGMMS - 242201289121","i-00d344684ed0d8210","ap-northeast-2","AWS Seoul",
"ec2-qa-msg-iwf-app-01-az2c","EC2 Instance","aws",0,1,0,0,0,14,38,68,20,"242201289121","aws-MMSSMS-STGMMS - 242201289121","i-0fe8dece9793665ea","ap-northeast-2","AWS Seoul",
"ec2-qa-msg-mail-app-01-az2a","EC2 Instance","aws",0,1,0,0,0,14,38,68,20,"242201289121","aws-MMSSMS-STGMMS - 242201289121","i-005910639faca1648","ap-northeast-2","AWS Seoul",
"itrelengapne2-cgtu-spot-karpenter","EC2 Instance","aws",0,1,0,0,0,1,11,11,4,"590184057287","aws-itmod-releng - 590184057287","i-089852fe14f051c63","ap-northeast-2","AWS Seoul",
"ec2-qa-msg-ipms-app-01-az2c","EC2 Instance","aws",0,1,0,0,0,14,39,68,20,"242201289121","aws-MMSSMS-STGMMS - 242201289121","i-044c8e1eb4c7d7288","ap-northeast-2","AWS Seoul",
"ec2-qa-msg-ipms-app-01-az2a","EC2 Instance","aws",0,1,0,0,0,14,39,68,20,"242201289121","aws-MMSSMS-STGMMS - 242201289121","i-00094b448b22408e2","ap-northeast-2","AWS Seoul",
"cleansapne2-jvts-spot-styx-karpenter","EC2 Instance","aws",0,1,0,0,0,2,5,6,4,"854531064573","daxcleand - 854531064573","i-0d5fb6de39ad30ab4","ap-northeast-2","AWS Seoul",
"ec2-stg-bizon-portal-web-01-az2c","EC2 Instance","aws",0,1,0,0,0,19,197,529,48,"474668394047","awsstgbzn - 474668394047","i-001565519183ffe6f","ap-northeast-2","AWS Seoul",
"ec2-stg-bizon-portal-was-01-az2a","EC2 Instance","aws",0,1,0,0,0,19,184,509,44,"474668394047","awsstgbzn - 474668394047","i-0b7e36a2c6efb11ad","ap-northeast-2","AWS Seoul",
"ec2-stg-bizon-portal-was-01-az2c","EC2 Instance","aws",0,1,0,0,0,19,182,504,44,"474668394047","awsstgbzn - 474668394047","i-0f68fd681fc7c2dd9","ap-northeast-2","AWS Seoul",
"ec2-stg-bizon-portal-web-01-az2a","EC2 Instance","aws",0,1,0,0,0,19,197,529,48,"474668394047","awsstgbzn - 474668394047","i-0924339bc4e1614df","ap-northeast-2","AWS Seoul",
"ec2-stg-bizon-mgmt-01-az2c","EC2 Instance","aws",0,1,0,0,0,19,197,529,48,"474668394047","awsstgbzn - 474668394047","i-05dc60bc8439e7ed3","ap-northeast-2","AWS Seoul",
"ec2-stg-bizon-mgmt-01-az2a","EC2 Instance","aws",0,1,0,0,0,19,197,531,48,"474668394047","awsstgbzn - 474668394047","i-0315cf17e91923e6d","ap-northeast-2","AWS Seoul",
"cleansapne2-jvts-spot-styx-karpenter","EC2 Instance","aws",0,1,0,0,0,2,5,6,4,"854531064573","daxcleand - 854531064573","i-00835a549be85b5a9","ap-northeast-2","AWS Seoul",
"smrtcsapi-smrtd_apnortheast2-v246","EC2 Instance","aws",0,1,0,0,0,5,97,237,22,"590183859724","aws-dev-smrtmb - 590183859724","i-035e24f17ee3ce186","ap-northeast-2","AWS Seoul",
"itrelengapne2-cgtu-spot-karpenter","EC2 Instance","aws",0,1,0,0,0,1,11,11,4,"590184057287","aws-itmod-releng - 590184057287","i-0a527443f90a11cb7","ap-northeast-2","AWS Seoul",
"itrelengdapne2-zahe-ondemand-karpenter","EC2 Instance","aws",0,1,0,0,0,3,17,19,6,"590184057287","aws-itmod-releng - 590184057287","i-095365999b45a27e4","ap-northeast-2","AWS Seoul",
"ec2-nu-edu-nupf-zookeeper-az2a","EC2 Instance","aws",0,1,0,0,0,16,685,1428,287,"889408676498","AWS_EDU_NUPF - 889408676498","i-06a1e4f0b3a54b810","ap-northeast-2","AWS Seoul",
"ec2-nu-edu-nupf-batch04-az2c","EC2 Instance","aws",0,1,0,0,0,5,447,955,126,"889408676498","AWS_EDU_NUPF - 889408676498","i-0f6b078d4af43e3a3","ap-northeast-2","AWS Seoul",
"ec2-nu-edu-nupf-batch03-az2a","EC2 Instance","aws",0,1,0,0,0,5,447,955,126,"889408676498","AWS_EDU_NUPF - 889408676498","i-0cffba01dd34f05f0","ap-northeast-2","AWS Seoul",
"ec2-nu-edu-nupf-batch02-az2c","EC2 Instance","aws",0,1,0,0,0,5,447,955,126,"889408676498","AWS_EDU_NUPF - 889408676498","i-0dc00d44ff5ea13cb","ap-northeast-2","AWS Seoul",
"ec2-nu-edu-nupf-batch06-az2c","EC2 Instance","aws",0,1,0,0,0,5,447,955,126,"889408676498","AWS_EDU_NUPF - 889408676498","i-07919070cba3a6bb7","ap-northeast-2","AWS Seoul",
"ec2-nu-edu-nupf-batch08-az2c","EC2 Instance","aws",0,1,0,0,0,5,447,955,126,"889408676498","AWS_EDU_NUPF - 889408676498","i-0eddd20f6d1d1b141","ap-northeast-2","AWS Seoul",
"ec2-nu-edu-nupf-batch07-az2a","EC2 Instance","aws",0,1,0,0,0,5,447,955,126,"889408676498","AWS_EDU_NUPF - 889408676498","i-0350e1827ba36b012","ap-northeast-2","AWS Seoul",
"ec2-nu-edu-nupf-dbagent-az2a","EC2 Instance","aws",0,1,0,0,0,49,725,1401,249,"889408676498","AWS_EDU_NUPF - 889408676498","i-04d498c525b3733e4","ap-northeast-2","AWS Seoul",
"ec2-nu-edu-nupf-batch01-az2a","EC2 Instance","aws",0,1,0,0,0,5,447,955,126,"889408676498","AWS_EDU_NUPF - 889408676498","i-0ac7f18af19c15880","ap-northeast-2","AWS Seoul",
"ec2-nu-edu-nupf-broker-az2a","EC2 Instance","aws",0,1,0,0,0,18,894,1825,308,"889408676498","AWS_EDU_NUPF - 889408676498","i-091bc2eccacc889ea","ap-northeast-2","AWS Seoul",
"ec2-nu-edu-nupf-cdc-az2a","EC2 Instance","aws",0,1,0,0,0,16,676,1401,249,"889408676498","AWS_EDU_NUPF - 889408676498","i-0c3dc4e6708ad50be","ap-northeast-2","AWS Seoul",
"ec2-nu-edu-nupf-batch05-az2a","EC2 Instance","aws",0,1,0,0,0,5,447,955,126,"889408676498","AWS_EDU_NUPF - 889408676498","i-0da12d9beaaa49f44","ap-northeast-2","AWS Seoul",
"art-stats-device-state-prod","EC2 Instance","aws",0,1,0,0,0,,,,,"771097826720","anypointmedia - uplus - 771097826720","i-00bfc6c5664f178f3","ap-northeast-2","AWS Seoul",
"prd-cmp-batch-1_31","EC2 Instance","aws",0,1,0,0,0,0,9,10,5,"945142638813","UCMP-Root - 945142638813","i-07e419c11ed09688a","ap-northeast-2","AWS Seoul",
"ec2-application-qa-indxuplus","EC2 Instance","aws",0,1,0,0,0,35,563,1592,95,"707538751781","indxuplusstg - 707538751781","i-0c13d1c08d2ae2e3a","ap-northeast-2","AWS Seoul",
"ec2-qa-indxuplus-private-bastion-az2a","EC2 Instance","aws",0,1,0,0,0,29,711,2221,117,"707538751781","indxuplusstg - 707538751781","i-0c40baffaa7ac05e0","ap-northeast-2","AWS Seoul",
"ec2-application-qa-indxuplus","EC2 Instance","aws",0,1,0,0,0,35,563,1592,95,"707538751781","indxuplusstg - 707538751781","i-0a9b84eb271b56e0c","ap-northeast-2","AWS Seoul",
"cleansapne2-jvts-spot-styx-karpenter","EC2 Instance","aws",0,1,0,0,0,2,5,6,4,"854531064573","daxcleand - 854531064573","i-0b26de56c1070ebbc","ap-northeast-2","AWS Seoul",
"STG-RCS-PUB-WT-SandBox-20230505 (평시 스케쥴러 S/S)","EC2 Instance","aws",0,1,0,0,0,33,552,1075,139,"100613719332","aws-stgdev-rcs - 100613719332","i-07bd4b9306cf35667","ap-northeast-2","AWS Seoul",
"ec2-dev-spam-serv-was-az2a","EC2 Instance","aws",0,1,0,0,0,15,444,1138,152,"590215222137","aws-dev-spam - 590215222137","i-0c5c5d696692d6205","ap-northeast-2","AWS Seoul",
"ec2-dev-spam-admn-was-az2a","EC2 Instance","aws",0,1,0,0,0,24,504,1201,167,"590215222137","aws-dev-spam - 590215222137","i-0aa306733a0ae64da","ap-northeast-2","AWS Seoul",
"ec2-dev-spam-evan-was-az2a","EC2 Instance","aws",0,1,0,0,0,2,690,2264,152,"590215222137","aws-dev-spam - 590215222137","i-0154d901e7e8177dc","ap-northeast-2","AWS Seoul",
"ec2-dev-spam-pvs-web-az2a","EC2 Instance","aws",0,1,0,0,0,1,89,245,14,"590215222137","aws-dev-spam - 590215222137","i-099ffc0935ce9de0f","ap-northeast-2","AWS Seoul",
"ec2-dev-spam-evan-web-az2a","EC2 Instance","aws",0,1,0,0,0,2,690,2275,151,"590215222137","aws-dev-spam - 590215222137","i-0b13318f6bce06dfd","ap-northeast-2","AWS Seoul",
"ec2-qa-cas-pri-bst","EC2 Instance","aws",0,1,0,0,0,13,39,88,22,"664418995023","aws-CAS-casstg - 664418995023","i-0efd3fb5a540ddcce","ap-northeast-2","AWS Seoul",
"ec2-qa-cas-bst","EC2 Instance","aws",0,1,0,0,0,13,40,96,23,"664418995023","aws-CAS-casstg - 664418995023","i-03c03e3e1b95cf8cd","ap-northeast-2","AWS Seoul",
"STG-JMETER-2","EC2 Instance","aws",0,1,0,0,0,11,481,980,125,"493710722196","rcs-mapp@lguplus - 493710722196","i-01bae7746545ca736","ap-northeast-2","AWS Seoul",
"STG-JMETER-2-2","EC2 Instance","aws",0,1,0,0,0,10,423,791,89,"493710722196","rcs-mapp@lguplus - 493710722196","i-0a5e2997c7bb7fd11","ap-northeast-2","AWS Seoul",
"STG-JMETER-2-1","EC2 Instance","aws",0,1,0,0,0,11,454,850,102,"493710722196","rcs-mapp@lguplus - 493710722196","i-0274a944e64f096fa","ap-northeast-2","AWS Seoul",
"itrelengdapne2-zahe-ondemand-karpenter","EC2 Instance","aws",0,1,0,0,0,3,17,19,6,"590184057287","aws-itmod-releng - 590184057287","i-080e67aa0bbe31982","ap-northeast-2","AWS Seoul",
"bsdapne2-omdw-advisor-default-on-demand-karpenter","EC2 Instance","aws",0,1,0,0,0,2,97,192,16,"533267185836","aws-nsd-prd - 533267185836","i-06f1dab7a35ed1a81","ap-northeast-2","AWS Seoul",
"art-stats-prod","EC2 Instance","aws",0,1,0,0,0,,,,,"771097826720","anypointmedia - uplus - 771097826720","i-07ec21c144fb436e9","ap-northeast-2","AWS Seoul",
"cleandapne2-xfeu-spot-styx-karpenter","EC2 Instance","aws",0,1,0,0,0,2,62,187,12,"854531064573","daxcleand - 854531064573","i-0d5a122952ff512cd","ap-northeast-2","AWS Seoul",
"ec2-prod-uplus-sporki-2-config","EC2 Instance","aws",0,1,0,0,0,27,729,2091,87,"274096849112","sporki_live - 274096849112","i-04cc7645e2bb81e04","ap-northeast-2","AWS Seoul",
"bpfdoor-scannerNew","EC2 Instance","aws",0,1,0,0,0,0,4,5,4,"654654409751","cisozone - 654654409751","i-0c1732cdb1d425e09","ap-northeast-2","AWS Seoul",
"highkim_private_x8664","EC2 Instance","aws",0,1,0,0,0,29,159,1079,108,"590183678280","aws-dev-ugpt - 590183678280","i-091f755167225d2e3","ap-northeast-2","AWS Seoul",
"itrelengapne2-cgtu-spot-karpenter","EC2 Instance","aws",0,1,0,0,0,1,11,11,4,"590184057287","aws-itmod-releng - 590184057287","i-0401ca5327b7b1031","ap-northeast-2","AWS Seoul",
"itrelengapne2-cgtu-ondemand-karpenter","EC2 Instance","aws",0,1,0,0,0,3,18,20,6,"590184057287","aws-itmod-releng - 590184057287","i-060f9e45f63e5eb25","ap-northeast-2","AWS Seoul",
"ec2-dev-cas-eks-mng-ngroup","EC2 Instance","aws",0,1,0,0,0,0,9,10,5,"235494784992","aws-CAS-casdev - 235494784992","i-0c84d4f94d699da25","ap-northeast-2","AWS Seoul",
"acb2bdapne2-kcxn-b2badvisor-default-on-demand-karpenter","EC2 Instance","aws",0,1,0,0,0,2,72,174,15,"932507484725","aws-AICC-bmt - 932507484725","i-09b29dcb0f85d2af3","ap-northeast-2","AWS Seoul",
"bsddapne2-gmkf-convai-default-on-demand-karpenter","EC2 Instance","aws",0,1,0,0,0,2,95,191,16,"767397901718","aws-nsd-dev - 767397901718","i-06cd4a309cc42d2f8","ap-northeast-2","AWS Seoul",
"monitoring-node-group-pc-prod-prod-eks","EC2 Instance","aws",0,1,0,0,0,10,248,764,60,"360600168182","AWS_PROD_NUPD2 - 360600168182","i-080311920c19f7368","ap-northeast-2","AWS Seoul",
"acb2bdapne2-kcxn-b2badvisor-default-on-demand-karpenter","EC2 Instance","aws",0,1,0,0,0,2,72,174,15,"932507484725","aws-AICC-bmt - 932507484725","i-0b92bac5674f03141","ap-northeast-2","AWS Seoul",
"MEMBER-PRD-BATCH-MANAGED-V1_32","EC2 Instance","aws",0,1,0,0,0,2,5,8,5,"322892758438","MEMBER-PROD - 322892758438","i-065b590ed4d10f5b4","ap-northeast-2","AWS Seoul",
"ec2-dev-iptv-stp-cluster-v1_31-karpenter-node","EC2 Instance","aws",0,1,0,0,0,5,166,557,23,"578094293967","aws-dev-iptv - 578094293967","i-0d7915500b4635643","ap-northeast-2","AWS Seoul",
"MEMBER-PRD-WORKLOAD-MANAGED-V1_32","EC2 Instance","aws",0,1,0,0,0,2,5,8,5,"322892758438","MEMBER-PROD - 322892758438","i-0d51dc937904750e6","ap-northeast-2","AWS Seoul",
"MEMBER-PRD-WORKLOAD-MANAGED-V1_32","EC2 Instance","aws",0,1,0,0,0,2,5,8,5,"322892758438","MEMBER-PROD - 322892758438","i-0ee0e035cde63f8f4","ap-northeast-2","AWS Seoul",
"MEMBER-PRD-BATCH-MANAGED-V1_32","EC2 Instance","aws",0,1,0,0,0,2,5,8,5,"322892758438","MEMBER-PROD - 322892758438","i-0970e8ea8d40b78d2","ap-northeast-2","AWS Seoul",
"MEMBER-PRD-WORKLOAD-MANAGED-V1_32","EC2 Instance","aws",0,1,0,0,0,2,5,8,5,"322892758438","MEMBER-PROD - 322892758438","i-0958443769d3b4ea3","ap-northeast-2","AWS Seoul",
"MEMBER-PRD-BATCH-MANAGED-V1_32","EC2 Instance","aws",0,1,0,0,0,2,5,8,5,"322892758438","MEMBER-PROD - 322892758438","i-02aca65555a7675fb","ap-northeast-2","AWS Seoul",
"ec2-stg-aisb-nlp-az2a","EC2 Instance","aws",0,1,0,0,0,80,817,2122,235,"956945539034","aws-stg-aisb - 956945539034","i-0e681abf0e8ef2b8f","ap-northeast-2","AWS Seoul",
"ec2-stg-aisb-callbotAdmin-az2a","EC2 Instance","aws",0,1,0,0,0,75,822,2141,220,"956945539034","aws-stg-aisb - 956945539034","i-0d0d26b5332644a07","ap-northeast-2","AWS Seoul",
"ec2-qa-msg-simu-ipms-01","EC2 Instance","aws",0,1,0,0,0,15,82,133,30,"242201289121","aws-MMSSMS-STGMMS - 242201289121","i-0e260af529007a7d6","ap-northeast-2","AWS Seoul",
"ec2-qa-msg-simu-ipms-02","EC2 Instance","aws",0,1,0,0,0,15,82,133,30,"242201289121","aws-MMSSMS-STGMMS - 242201289121","i-0f62a5ad19a109e8a","ap-northeast-2","AWS Seoul",
"PARENTS-PRD-BATCH-MANAGED-V1_32","EC2 Instance","aws",0,1,0,0,0,2,5,8,5,"863124551985","PARENTS-PROD - 863124551985","i-036461b48251528df","ap-northeast-2","AWS Seoul",
"PARENTS-PRD-BATCH-MANAGED-V1_32","EC2 Instance","aws",0,1,0,0,0,2,5,8,5,"863124551985","PARENTS-PROD - 863124551985","i-028ecbb38832f4758","ap-northeast-2","AWS Seoul",
"PARENTS-PRD-WORKLOAD-MANAGED-V1_32","EC2 Instance","aws",0,1,0,0,0,2,5,8,5,"863124551985","PARENTS-PROD - 863124551985","i-0f17f4da341f02bc2","ap-northeast-2","AWS Seoul",
"PARENTS-PRD-WORKLOAD-MANAGED-V1_32","EC2 Instance","aws",0,1,0,0,0,2,5,8,5,"863124551985","PARENTS-PROD - 863124551985","i-01329a75d22b1e142","ap-northeast-2","AWS Seoul",
"PARENTS-PRD-WORKLOAD-MANAGED-V1_32","EC2 Instance","aws",0,1,0,0,0,2,5,8,5,"863124551985","PARENTS-PROD - 863124551985","i-0ab47b6cdeadcd097","ap-northeast-2","AWS Seoul",
"grootsapne2-aklb-spot-karpenter","EC2 Instance","aws",0,1,0,0,0,2,5,6,4,"224811165821","UID_NG - 224811165821","i-052df6c93ac6e5e8a","ap-northeast-2","AWS Seoul",
"subnet-test","EC2 Instance","aws",0,1,0,0,0,0,3,2,3,"773872345005","awsdevclcc - 773872345005","i-04cf19b1ea1fb9a72","ap-northeast-2","AWS Seoul",
"ec2-dev-iptv-dev-cluster-v1_31-karpenter-node","EC2 Instance","aws",0,1,0,0,0,5,166,557,23,"578094293967","aws-dev-iptv - 578094293967","i-00c1c24187135f378","ap-northeast-2","AWS Seoul",
"ec2_mat_prod_1","EC2 Instance","aws",0,1,0,0,0,0,4,5,4,"184888968059","aws-b2bmat-dev - 184888968059","i-0181b900b0c79f106","ap-northeast-2","AWS Seoul",
"ec2_mat_prod_2","EC2 Instance","aws",0,1,0,0,0,0,4,5,4,"184888968059","aws-b2bmat-dev - 184888968059","i-038f23859c7af8b05","ap-northeast-2","AWS Seoul",
"ec2-share-iptv-relengd-cluster-inplace-karpenter-node","EC2 Instance","aws",0,1,0,0,0,1,42,75,21,"029480618840","aws-share-iptv - 029480618840","i-01cae72a79b016143","ap-northeast-2","AWS Seoul",
"grootdapne2-lstx-spot-karpenter","EC2 Instance","aws",0,1,0,0,0,3,62,187,12,"224811165821","UID_NG - 224811165821","i-077a8ffbe6834c35b","ap-northeast-2","AWS Seoul",
"ec2-scheduler-repair-temp","EC2 Instance","aws",0,1,0,0,0,0,3,2,3,"454916155748","lgukidsland - 454916155748","i-028d4c27515f80cbe","ap-northeast-2","AWS Seoul",
"ec2-dev-wif-test","EC2 Instance","aws",0,1,0,0,0,0,5,2,4,"851725545841","blockchaindev - 851725545841","i-066e1544690265a0b","ap-northeast-2","AWS Seoul",
"cleanapne2-grjz-ondemand-karpenter","EC2 Instance","aws",0,1,0,0,0,3,64,187,12,"413372654015","daxclean - 413372654015","i-07aa3e91bf73dc96a","ap-northeast-2","AWS Seoul",
"cleanapne2-grjz-ondemand-karpenter","EC2 Instance","aws",0,1,0,0,0,3,78,231,15,"413372654015","daxclean - 413372654015","i-0b06611ce62e8f406","ap-northeast-2","AWS Seoul",
"application-nodegroup-env-a-uat-eks","EC2 Instance","aws",0,1,0,0,0,10,160,387,28,"072551541449","AWS_DEV_NUPD - 072551541449","i-02dd70f5c55e0c34f","ap-northeast-2","AWS Seoul",
"smrtmbl-smrtd_apnortheast2-v308","EC2 Instance","aws",0,1,0,0,0,87,281,368,40,"590183859724","aws-dev-smrtmb - 590183859724","i-026fc92fa7ba8bfc5","ap-northeast-2","AWS Seoul",
"cleandapne2-xfeu-spot-styx-karpenter","EC2 Instance","aws",0,1,0,0,0,2,62,187,12,"854531064573","daxcleand - 854531064573","i-0da17a2f16f24268c","ap-northeast-2","AWS Seoul",
"aicallapne2-ngnx-ondemand-agent-karpenter","EC2 Instance","aws",0,1,0,0,0,3,5,6,4,"590184025818","aws-prd-CommunicationAI - 590184025818","i-0534b3b05312119e7","ap-northeast-2","AWS Seoul",
"i-07645f526b3818bfc","EC2 Instance","aws",0,1,0,0,0,0,33,50,11,"088329133184","chewauth.prod - 088329133184","i-07645f526b3818bfc","ap-northeast-2","AWS Seoul",
"chewapne2-mgok-spot-karpenter","EC2 Instance","aws",0,1,0,0,0,0,33,50,11,"088329133184","chewauth.prod - 088329133184","i-0cff27e47cdabb267","ap-northeast-2","AWS Seoul",
"chewapne2-mgok-spot-karpenter","EC2 Instance","aws",0,1,0,0,0,0,33,50,11,"088329133184","chewauth.prod - 088329133184","i-0ec6579323194aa9f","ap-northeast-2","AWS Seoul",
"ec2-dev-iptv-stp-cluster-v1_31-karpenter-node","EC2 Instance","aws",0,1,0,0,0,5,166,557,23,"578094293967","aws-dev-iptv - 578094293967","i-01c1a934a8e5c840b","ap-northeast-2","AWS Seoul",
"ec2-dev-iptv-stp-cluster-v1_31-karpenter-node","EC2 Instance","aws",0,1,0,0,0,5,166,557,23,"578094293967","aws-dev-iptv - 578094293967","i-0db678223b8b1a2e0","ap-northeast-2","AWS Seoul",
"aiugptdapne2-zszw-ondemand-ai-karpenter","EC2 Instance","aws",0,1,0,0,0,3,6,7,4,"590183678280","aws-dev-ugpt - 590183678280","i-085a0f7272e266d9d","ap-northeast-2","AWS Seoul",
"ec2-dev-iptv-stp-cluster-v1_31-karpenter-node","EC2 Instance","aws",0,1,0,0,0,5,166,557,23,"578094293967","aws-dev-iptv - 578094293967","i-0542fdaad88abf186","ap-northeast-2","AWS Seoul",
"spapne2-hsmq-spot-karpenter","EC2 Instance","aws",0,1,0,0,0,2,62,187,12,"902336165138","svcprotoprd - 902336165138","i-0c02592bccddc9a25","ap-northeast-2","AWS Seoul",
"bsddapne2-gmkf-advisor-g6-on-demand-karpenter","EC2 Instance","aws",0,1,0,0,0,2,98,201,16,"767397901718","aws-nsd-dev - 767397901718","i-0a71d7c2f500b071e","ap-northeast-2","AWS Seoul",
"PRD-ADVMSG-EKS-MAIN","EC2 Instance","aws",0,1,0,0,0,3,107,323,18,"665685114396","aws-prd-msghub - 665685114396","i-0b264ec56cc81537f","ap-northeast-2","AWS Seoul",
"PRD-ADVMSG-EKS-MAIN","EC2 Instance","aws",0,1,0,0,0,3,107,323,18,"665685114396","aws-prd-msghub - 665685114396","i-08e03eb6ca1c1f465","ap-northeast-2","AWS Seoul",
"cleansapne2-jvts-spot-karpenter","EC2 Instance","aws",0,1,0,0,0,2,5,6,4,"854531064573","daxcleand - 854531064573","i-040a1bd4155e94513","ap-northeast-2","AWS Seoul",
"cleandapne2-xfeu-spot-members-karpenter","EC2 Instance","aws",0,1,0,0,0,2,62,187,12,"854531064573","daxcleand - 854531064573","i-08158cd7a4147cfa3","ap-northeast-2","AWS Seoul",
"PRD-ADVMSG-PRI-BASTION(SP: Bastion/MAIN/SUB-24.12.11, FLINK-26.3.2 )","EC2 Instance","aws",0,1,0,0,0,31,889,1587,232,"665685114396","aws-prd-msghub - 665685114396","i-09edcdd6934658654","ap-northeast-2","AWS Seoul",
"stg-vpn-bgp","EC2 Instance","aws",0,1,0,0,0,1,11,1253,37,"419420945181","aws-stgdev-msghub - 419420945181","i-08b1332488ae0fa59","ap-northeast-2","AWS Seoul",
"stg-vpn-static-2","EC2 Instance","aws",0,1,0,0,0,1,2,804,29,"419420945181","aws-stgdev-msghub - 419420945181","i-0c8f87696651e5f4d","ap-northeast-2","AWS Seoul",
"STG-ADVMSG-PRI-BASTION  (SP:12/15)","EC2 Instance","aws",0,1,0,0,0,97,384,429,40,"419420945181","aws-stgdev-msghub - 419420945181","i-0f1181f9db5167304","ap-northeast-2","AWS Seoul",
"DEV-ADVMSG-PRI-BASTION (SP:12/12)","EC2 Instance","aws",0,1,0,0,0,29,666,549,95,"419420945181","aws-stgdev-msghub - 419420945181","i-061d788f9076edb43","ap-northeast-2","AWS Seoul",
"jihyebot-nat-01","EC2 Instance","aws",0,0,1,0,0,0,0,0,0,"662158614522","AWSPlayCloud - 662158614522","i-0f41ae5812b015e7e","ap-northeast-2","AWS Seoul",
"ec2-prod-mhez-bastion (SP:2025.11.12)","EC2 Instance","aws",0,1,0,0,0,19,1125,3355,194,"714472269588","aws-prd-msghubez - 714472269588","i-0e6e45dd72cb18c43","ap-northeast-2","AWS Seoul",
"ec2-iptvs-iptvott-github-runner-prod#1","EC2 Instance","aws",0,1,0,0,0,37,1048,2866,238,"971216839324","IPTV_OTT_SEARCH_prod - 971216839324","i-096712f50fd6d7336","ap-northeast-2","AWS Seoul",
"STG-RCS-PUB-Simul-CLITEL-Kubectl (성능시험 시즌마다 24시간기동)","EC2 Instance","aws",0,1,0,0,0,12,608,1005,157,"100613719332","aws-stgdev-rcs - 100613719332","i-05173dc7fed3a8eaf","ap-northeast-2","AWS Seoul",
"STG-MSGHUBEZ-BASTION","EC2 Instance","aws",0,1,0,0,0,15,1098,3332,190,"372332711479","aws-stgdev-msghubez - 372332711479","i-0dba84a2e02208b83","ap-northeast-2","AWS Seoul",
"ec2-stg-aisb-tts-az2a","EC2 Instance","aws",0,1,0,0,0,56,712,2029,202,"956945539034","aws-stg-aisb - 956945539034","i-0b2f80cb1478b68b4","ap-northeast-2","AWS Seoul",
"ec2-stg-aisb-voiceGW-02-az2c","EC2 Instance","aws",0,1,0,0,0,23,681,1967,182,"956945539034","aws-stg-aisb - 956945539034","i-0f8ea5723505e077d","ap-northeast-2","AWS Seoul",
"ec2-stg-aisb-voiceGW-01-az2a","EC2 Instance","aws",0,1,0,0,0,29,923,2800,208,"956945539034","aws-stg-aisb - 956945539034","i-08813165132017d7e","ap-northeast-2","AWS Seoul",
"ec2-stg-aisb-stt-az2c","EC2 Instance","aws",0,1,0,0,0,57,713,2010,198,"956945539034","aws-stg-aisb - 956945539034","i-0a34ae3e60bbbb2d3","ap-northeast-2","AWS Seoul",
"ec2-stg-aisb-sttLearning-az2a","EC2 Instance","aws",0,1,0,0,0,48,464,1110,155,"956945539034","aws-stg-aisb - 956945539034","i-0cc3daac7178c3b53","ap-northeast-2","AWS Seoul",
"ec2-stg-aisb-nlp-az2c","EC2 Instance","aws",0,1,0,0,0,82,819,2112,231,"956945539034","aws-stg-aisb - 956945539034","i-02289765b76442e1a","ap-northeast-2","AWS Seoul",
"ec2-stg-aisb-tts-az2c","EC2 Instance","aws",0,1,0,0,0,56,712,2029,202,"956945539034","aws-stg-aisb - 956945539034","i-0ba2868b939518e49","ap-northeast-2","AWS Seoul",
"ec2-stg-aisb-callbotAdmin-az2c","EC2 Instance","aws",0,1,0,0,0,79,851,2176,230,"956945539034","aws-stg-aisb - 956945539034","i-02624eed0b2441f05","ap-northeast-2","AWS Seoul",
"ec2-stg-aisb-stt-az2a","EC2 Instance","aws",0,1,0,0,0,58,719,2028,202,"956945539034","aws-stg-aisb - 956945539034","i-0d19f9a055f6e360b","ap-northeast-2","AWS Seoul",
"ec2-dev-clcc-sbc01","EC2 Instance","aws",0,0,0,0,1,0,0,0,0,"773872345005","awsdevclcc - 773872345005","i-08bdddca24789fce6","ap-northeast-2","AWS Seoul",
"ec2-dev-aisb-callbotAdmin-az2a","EC2 Instance","aws",0,1,0,0,0,67,1297,3677,259,"700329480675","aws-dev-aisb - 700329480675","i-033b37a3cb148890f","ap-northeast-2","AWS Seoul",
"ec2-az2c-luiot-dev2-coap","EC2 Instance","aws",0,1,0,0,0,12,265,677,407,"011143606116","svcalliance1 - 011143606116","i-0ee35bd5b0ed40f5a","ap-northeast-2","AWS Seoul",
"lgup-dev2-stp-gaeasoft-pub-MeCS-I/F","EC2 Instance","aws",0,0,1,0,0,0,0,0,0,"021925306640","aws-lstp-iptv - 021925306640","i-0e1e983cd0b8bff49","ap-northeast-2","AWS Seoul",
"GitActionRuner-dev","EC2 Instance","aws",0,1,0,0,0,5,461,1232,157,"108740518759","aws-dev-mlops - 108740518759","i-01a2582a8e0443121","ap-northeast-2","AWS Seoul",
"i-0560d908cf587ce55","EC2 Instance","aws",0,0,1,0,0,0,0,0,0,"005827982393","videouplus - 005827982393","i-0560d908cf587ce55","ap-northeast-2","AWS Seoul",
"i-066b7c35656a7b126","EC2 Instance","aws",0,0,1,0,0,0,0,0,0,"005827982393","videouplus - 005827982393","i-066b7c35656a7b126","ap-northeast-2","AWS Seoul",
"i-05245767318823d92","EC2 Instance","aws",0,0,1,0,0,0,0,0,0,"005827982393","videouplus - 005827982393","i-05245767318823d92","ap-northeast-2","AWS Seoul",
"i-0e8420630cc6ceb6b","EC2 Instance","aws",0,0,1,0,0,0,0,0,0,"005827982393","videouplus - 005827982393","i-0e8420630cc6ceb6b","ap-northeast-2","AWS Seoul",
"i-032c11fc97b7cfd72","EC2 Instance","aws",0,0,1,0,0,0,0,0,0,"005827982393","videouplus - 005827982393","i-032c11fc97b7cfd72","ap-northeast-2","AWS Seoul",
"i-068a8e0edc9f1b407","EC2 Instance","aws",0,0,1,0,0,0,0,0,0,"005827982393","videouplus - 005827982393","i-068a8e0edc9f1b407","ap-northeast-2","AWS Seoul",
"i-023e185a1fb8baf70","EC2 Instance","aws",0,0,1,0,0,0,0,0,0,"005827982393","videouplus - 005827982393","i-023e185a1fb8baf70","ap-northeast-2","AWS Seoul",
"i-0150246be82de5f15","EC2 Instance","aws",0,0,1,0,0,0,0,0,0,"005827982393","videouplus - 005827982393","i-0150246be82de5f15","ap-northeast-2","AWS Seoul",
"bsdapne2-omdw-advisor-g6e-on-demand-karpenter","EC2 Instance","aws",0,1,0,0,0,2,98,202,16,"533267185836","aws-nsd-prd - 533267185836","i-0a8e411b13132df55","ap-northeast-2","AWS Seoul",
"bsdsapne2-pwpx-advisor-default-on-demand-karpenter","EC2 Instance","aws",0,1,0,0,0,2,95,191,16,"767397901718","aws-nsd-dev - 767397901718","i-07e3e4cda4613bf9e","ap-northeast-2","AWS Seoul",
"cleandapne2-xfeu-spot-styx-karpenter","EC2 Instance","aws",0,1,0,0,0,2,62,187,12,"854531064573","daxcleand - 854531064573","i-0678ceb5e25a12026","ap-northeast-2","AWS Seoul",
"grootapne2-othl-spot-karpenter","EC2 Instance","aws",0,1,0,0,0,3,62,187,12,"160091772047","UID_DEV - 160091772047","i-0ad9f822325aaac6e","ap-northeast-2","AWS Seoul",
"grootapne2-othl-spot-karpenter","EC2 Instance","aws",0,1,0,0,0,3,62,187,12,"160091772047","UID_DEV - 160091772047","i-011168d78147f11c7","ap-northeast-2","AWS Seoul",
"issdapne2-pgne-hangang-default-on-demand-karpenter","EC2 Instance","aws",0,1,0,0,0,3,153,495,41,"654654268643","aws-prd-ucrm - 654654268643","i-0f4b02409e583e37d","ap-northeast-2","AWS Seoul",
"issdapne2-pgne-hangang-default-on-demand-karpenter","EC2 Instance","aws",0,1,0,0,0,3,153,495,41,"654654268643","aws-prd-ucrm - 654654268643","i-02f4f1698dc85b326","ap-northeast-2","AWS Seoul",
"issdapne2-pgne-hangang-default-on-demand-karpenter","EC2 Instance","aws",0,1,0,0,0,3,153,495,41,"654654268643","aws-prd-ucrm - 654654268643","i-091acbd64895e841e","ap-northeast-2","AWS Seoul",
"chewsapne2-fnma-spot-karpenter","EC2 Instance","aws",0,1,0,0,0,0,33,50,11,"798345363128","chewauth.preprod - 798345363128","i-0a309fb81041f4b2e","ap-northeast-2","AWS Seoul",
"application-nodegroup-pc-prod-prod-eks","EC2 Instance","aws",0,1,0,0,0,11,257,780,64,"360600168182","AWS_PROD_NUPD2 - 360600168182","i-0e6fdeead0207780c","ap-northeast-2","AWS Seoul",
"application-nodegroup-pc-prod-prod-eks","EC2 Instance","aws",0,1,0,0,0,16,269,799,72,"360600168182","AWS_PROD_NUPD2 - 360600168182","i-06b73872071525327","ap-northeast-2","AWS Seoul",
"application-nodegroup-pc-prod-prod-eks","EC2 Instance","aws",0,1,0,0,0,18,265,788,65,"360600168182","AWS_PROD_NUPD2 - 360600168182","i-03faa71566b4ad32f","ap-northeast-2","AWS Seoul",
"application-nodegroup-pc-prod-prod-eks","EC2 Instance","aws",0,1,0,0,0,15,264,789,66,"360600168182","AWS_PROD_NUPD2 - 360600168182","i-0ff022a0689659330","ap-northeast-2","AWS Seoul",
"ec2-dev-iptv-dev-cluster-v1_31-karpenter-node","EC2 Instance","aws",0,1,0,0,0,5,166,557,23,"578094293967","aws-dev-iptv - 578094293967","i-0988bab1697dadd76","ap-northeast-2","AWS Seoul",
"cleansapne2-jvts-ondemand-styx-karpenter","EC2 Instance","aws",0,1,0,0,0,2,5,6,4,"854531064573","daxcleand - 854531064573","i-09fdcee63eb041098","ap-northeast-2","AWS Seoul",
"ec2-dev-nwa2d-rekognition","EC2 Instance","aws",0,1,0,0,0,0,10,32,7,"724772057086","aws-NWAI-dev - 724772057086","i-076d60eb6948c201a","ap-northeast-2","AWS Seoul",
"ec2-share-iptv-relengd-cluster-inplace-karpenter-node","EC2 Instance","aws",0,1,0,0,0,1,42,75,21,"029480618840","aws-share-iptv - 029480618840","i-03ae84805625c130d","ap-northeast-2","AWS Seoul",
"ec2-share-iptv-relengd-cluster-inplace-karpenter-node","EC2 Instance","aws",0,1,0,0,0,4,54,84,21,"029480618840","aws-share-iptv - 029480618840","i-0331322de77bd604f","ap-northeast-2","AWS Seoul",
"cleandapne2-xfeu-spot-styx-karpenter","EC2 Instance","aws",0,1,0,0,0,2,62,187,12,"854531064573","daxcleand - 854531064573","i-0894aeb8c6d67b15c","ap-northeast-2","AWS Seoul",
"ec2-dev-iptv-dev-cluster-v1_31-karpenter-node","EC2 Instance","aws",0,1,0,0,0,5,166,557,23,"578094293967","aws-dev-iptv - 578094293967","i-06daea2102d8eb42c","ap-northeast-2","AWS Seoul",
"ec2-dev-iptv-dev-cluster-v1_31-karpenter-node","EC2 Instance","aws",0,1,0,0,0,5,166,557,23,"578094293967","aws-dev-iptv - 578094293967","i-0fd93ee956e5a781c","ap-northeast-2","AWS Seoul",
"ec2-share-iptv-relengd-cluster-inplace-karpenter-node","EC2 Instance","aws",0,1,0,0,0,4,54,84,21,"029480618840","aws-share-iptv - 029480618840","i-0cac08532e1b96335","ap-northeast-2","AWS Seoul",
"eks-node","EC2 Instance","aws",0,1,0,0,0,5,128,439,22,"730335661456","aws-dev-CommunicationAI - 730335661456","i-0e4fd08e8d9d33d34","ap-northeast-2","AWS Seoul",
"MULTI-PRD-WORKLOAD-MANAGED-V1_32","EC2 Instance","aws",0,1,0,0,0,2,5,8,5,"683139144246","MULTI-PROD - 683139144246","i-0777707bc9db2d8e6","ap-northeast-2","AWS Seoul",
"aiugptapne2-wnkr-spot-karpenter","EC2 Instance","aws",0,1,0,0,0,3,5,6,4,"211125464474","aws-prd-ugpt - 211125464474","i-036826174e3bff145","ap-northeast-2","AWS Seoul",
"cleandapne2-xfeu-spot-styx-karpenter","EC2 Instance","aws",0,1,0,0,0,2,62,187,12,"854531064573","daxcleand - 854531064573","i-06a7e43cb4b441ce9","ap-northeast-2","AWS Seoul",
"i-00268ede89f6a6958","EC2 Instance","aws",0,1,0,0,0,2,79,231,15,"122518608090","svcprotodev - 122518608090","i-00268ede89f6a6958","ap-northeast-2","AWS Seoul",
"dev-cmp-batch-1_31","EC2 Instance","aws",0,1,0,0,0,8,28,37,8,"945142638813","UCMP-Root - 945142638813","i-08d3b3a5de1987003","ap-northeast-2","AWS Seoul",
"dev-cmp-nodegroup-1_31","EC2 Instance","aws",0,1,0,0,0,0,9,10,5,"945142638813","UCMP-Root - 945142638813","i-05de217dfd009cdd2","ap-northeast-2","AWS Seoul",
"eks-violet-prd-inference-communication-merged-g5-2xlarge-ng","EC2 Instance","aws",0,1,0,0,0,3,63,86,16,"058264436158","aws-prd-violet - 058264436158","i-0ff9924bc37f39d53","ap-northeast-2","AWS Seoul",
"eks-violet-prd-inference-communication-merged-g5-2xlarge-ng","EC2 Instance","aws",0,1,0,0,0,3,63,86,16,"058264436158","aws-prd-violet - 058264436158","i-076dc4da19723693b","ap-northeast-2","AWS Seoul",
"eks-node","EC2 Instance","aws",0,1,0,0,0,5,128,439,22,"590183678280","aws-dev-ugpt - 590183678280","i-07eb7aa619458b525","ap-northeast-2","AWS Seoul",
"grootsapne2-aklb-ondemand-karpenter","EC2 Instance","aws",0,1,0,0,0,2,5,6,4,"224811165821","UID_NG - 224811165821","i-00afd4269d136ac1f","ap-northeast-2","AWS Seoul",
"ec2-dev-iptv-dev-cluster-v1_31-karpenter-node","EC2 Instance","aws",0,1,0,0,0,5,166,557,23,"578094293967","aws-dev-iptv - 578094293967","i-06858ea87604de86b","ap-northeast-2","AWS Seoul",
"cleanapne2-grjz-ondemand-members-karpenter","EC2 Instance","aws",0,1,0,0,0,3,62,187,12,"413372654015","daxclean - 413372654015","i-023a0b7266fe74029","ap-northeast-2","AWS Seoul",
"ec2-prd-iptv-shd-cluster-v1_31-karpenter-node","EC2 Instance","aws",0,1,0,0,0,3,93,222,21,"969671253885","aws-prd-iptv - 969671253885","i-0152d56b2e6f825b3","ap-northeast-2","AWS Seoul",
"ec2-stg-fleet-mgmt-system-ufms-operation-server","EC2 Instance","aws",0,1,0,0,0,15,41,70,20,"642025919684","fms_stg - 642025919684","i-0acb02ed8dc72396c","ap-northeast-2","AWS Seoul",
"ec2-stg-fleet-mgmt-system-ufms-driving-server","EC2 Instance","aws",0,1,0,0,0,15,41,70,20,"642025919684","fms_stg - 642025919684","i-0bc945522c051b743","ap-northeast-2","AWS Seoul",
"ec2-stg-fleet-mgmt-system-ufms-driving-server","EC2 Instance","aws",0,1,0,0,0,15,41,70,20,"642025919684","fms_stg - 642025919684","i-0fbd53df68e84e4d6","ap-northeast-2","AWS Seoul",
"ec2-stg-fleet-mgmt-system-ufms-driving-server","EC2 Instance","aws",0,1,0,0,0,15,41,70,20,"642025919684","fms_stg - 642025919684","i-0f9c19f7caaf1acb8","ap-northeast-2","AWS Seoul",
"ec2-stg-fleet-mgmt-system-ufms-operation-server","EC2 Instance","aws",0,1,0,0,0,15,41,70,20,"642025919684","fms_stg - 642025919684","i-0ee49a7e123fd8fb7","ap-northeast-2","AWS Seoul",
"ec2-stg-fleet-mgmt-system-ufms-analysis-server","EC2 Instance","aws",0,1,0,0,0,15,41,70,20,"642025919684","fms_stg - 642025919684","i-0ac9900611d585048","ap-northeast-2","AWS Seoul",
"ec2-stg-fleet-mgmt-system-ufms-analysis-server","EC2 Instance","aws",0,1,0,0,0,15,41,70,20,"642025919684","fms_stg - 642025919684","i-094663188a3b06b3f","ap-northeast-2","AWS Seoul",
"bsdapne2-omdw-advisor-default-on-demand-karpenter","EC2 Instance","aws",0,1,0,0,0,2,95,192,16,"533267185836","aws-nsd-prd - 533267185836","i-0bc05c32129ecdbc8","ap-northeast-2","AWS Seoul",
"application-nodegroup-env-a-uat-eks","EC2 Instance","aws",0,1,0,0,0,8,155,374,27,"072551541449","AWS_DEV_NUPD - 072551541449","i-083577bf433e83148","ap-northeast-2","AWS Seoul",
"application-nodegroup-env-a-uat-eks","EC2 Instance","aws",0,1,0,0,0,8,155,375,27,"072551541449","AWS_DEV_NUPD - 072551541449","i-0596f886ecdb50817","ap-northeast-2","AWS Seoul",
"application-nodegroup-env-a-uat-eks","EC2 Instance","aws",0,1,0,0,0,10,159,394,29,"072551541449","AWS_DEV_NUPD - 072551541449","i-0376588510aee4307","ap-northeast-2","AWS Seoul",
"application-nodegroup-env-a-uat-eks","EC2 Instance","aws",0,1,0,0,0,8,159,389,28,"072551541449","AWS_DEV_NUPD - 072551541449","i-0423a76df59430a6c","ap-northeast-2","AWS Seoul",
"application-nodegroup-env-a-uat-eks","EC2 Instance","aws",0,1,0,0,0,8,159,383,28,"072551541449","AWS_DEV_NUPD - 072551541449","i-0b45f0fc732852b4f","ap-northeast-2","AWS Seoul",
"infra-nodegroup-env-a-uat-eks","EC2 Instance","aws",0,1,0,0,0,8,155,374,27,"072551541449","AWS_DEV_NUPD - 072551541449","i-037414880b9d654c1","ap-northeast-2","AWS Seoul",
"application-nodegroup-env-a-uat-eks","EC2 Instance","aws",0,1,0,0,0,13,172,401,31,"072551541449","AWS_DEV_NUPD - 072551541449","i-03cae1f2e87f2df4f","ap-northeast-2","AWS Seoul",
"monitoring-node-group-env-a-uat-eks","EC2 Instance","aws",0,1,0,0,0,8,155,374,27,"072551541449","AWS_DEV_NUPD - 072551541449","i-0fe66ef59892e653c","ap-northeast-2","AWS Seoul",
"ec2-dev-mobvas-private-config-mgmts-az2a","EC2 Instance","aws",0,1,0,0,0,23,472,1368,54,"391691608349","aws-dev-mobvas - 391691608349","i-0c857b30fab7d9958","ap-northeast-2","AWS Seoul",
"ec2-dev-mobvas-private-config-mgmts-az2c","EC2 Instance","aws",0,1,0,0,0,23,587,1771,60,"391691608349","aws-dev-mobvas - 391691608349","i-0d1949db422d3126b","ap-northeast-2","AWS Seoul",
"ec2-dev-crewcall-private-config-mgmts-az2a","EC2 Instance","aws",0,1,0,0,0,19,574,1742,57,"391691608349","aws-dev-mobvas - 391691608349","i-045f765fe02d0528d","ap-northeast-2","AWS Seoul",
"ec2-dev-crewcall-private-config-mgmts-az2c","EC2 Instance","aws",0,1,0,0,0,19,574,1742,57,"391691608349","aws-dev-mobvas - 391691608349","i-063dd5cee0cdbbdd1","ap-northeast-2","AWS Seoul",
"prismacloud-scan-1747571032921789023","EC2 Instance","aws",0,1,0,0,0,13,41,88,22,"900527812107","devsecops - 900527812107","i-02884bb07401745c4","ap-northeast-2","AWS Seoul",
"prismacloud-scan-1747569028770029373","EC2 Instance","aws",0,1,0,0,0,3,64,86,16,"900527812107","devsecops - 900527812107","i-06fdff8f00adb5069","ap-northeast-2","AWS Seoul",
"aicalldapne2-epse-ondemand-agent-karpenter","EC2 Instance","aws",0,1,0,0,0,3,7,6,4,"730335661456","aws-dev-CommunicationAI - 730335661456","i-0906f2dedc000c9ff","ap-northeast-2","AWS Seoul",
"aicalldapne2-epse-ondemand-agent-karpenter","EC2 Instance","aws",0,1,0,0,0,3,7,6,4,"730335661456","aws-dev-CommunicationAI - 730335661456","i-0b2aa4e212b9184e4","ap-northeast-2","AWS Seoul",
"ec2-prd-ssim-mid-01","EC2 Instance","aws",0,1,0,0,0,9,218,124,10,"211125417331","aws-prd-ssim1 - 211125417331","i-021540d9ab8094d2f","ap-northeast-2","AWS Seoul",
"aicalldapne2-epse-ondemand-agent-karpenter","EC2 Instance","aws",0,1,0,0,0,3,5,6,4,"730335661456","aws-dev-CommunicationAI - 730335661456","i-0fe0fad2bd737a3e1","ap-northeast-2","AWS Seoul",
"aicalldapne2-epse-ondemand-agent-karpenter","EC2 Instance","aws",0,1,0,0,0,3,7,6,4,"730335661456","aws-dev-CommunicationAI - 730335661456","i-0ee30dfda72a23c80","ap-northeast-2","AWS Seoul",
"i-08003e7639b6a10ab","EC2 Instance","aws",0,1,0,0,0,2,107,364,19,"798345363128","chewauth.preprod - 798345363128","i-08003e7639b6a10ab","ap-northeast-2","AWS Seoul",
"aicalldapne2-epse-ondemand-agent-karpenter","EC2 Instance","aws",0,1,0,0,0,3,7,6,4,"730335661456","aws-dev-CommunicationAI - 730335661456","i-024ef12bfaf2099b3","ap-northeast-2","AWS Seoul",
"aicalldapne2-epse-ondemand-agent-karpenter","EC2 Instance","aws",0,1,0,0,0,3,5,6,4,"730335661456","aws-dev-CommunicationAI - 730335661456","i-0a715760a9909230d","ap-northeast-2","AWS Seoul",
"aicalldapne2-epse-ondemand-agent-karpenter","EC2 Instance","aws",0,1,0,0,0,3,5,6,4,"730335661456","aws-dev-CommunicationAI - 730335661456","i-005dc3a1dfd315b49","ap-northeast-2","AWS Seoul",
"ec2-prd-aicc-ixi-tts-az2a","EC2 Instance","aws",0,1,0,0,0,19,196,531,39,"329204419623","aws-prd-ccaas - 329204419623","i-0c1913dcfc48a4ccc","ap-northeast-2","AWS Seoul",
"ec2-prd-aicc-ixi-ttsgw-az2a","EC2 Instance","aws",0,1,0,0,0,15,189,531,42,"329204419623","aws-prd-ccaas - 329204419623","i-0400c8e4cbd469e1d","ap-northeast-2","AWS Seoul",
"ec2-prd-aicc-ixi-ttsgw-az2c","EC2 Instance","aws",0,1,0,0,0,15,189,531,42,"329204419623","aws-prd-ccaas - 329204419623","i-0c6095674ece96068","ap-northeast-2","AWS Seoul",
"ec2-prd-aicc-ixi-tts-az2c","EC2 Instance","aws",0,1,0,0,0,19,196,531,39,"329204419623","aws-prd-ccaas - 329204419623","i-03af7b4051ae00313","ap-northeast-2","AWS Seoul",
"ec2-prd-aicc-ixi-ttsadm-az2c","EC2 Instance","aws",0,1,0,0,0,16,190,532,41,"329204419623","aws-prd-ccaas - 329204419623","i-00249baa2956c2556","ap-northeast-2","AWS Seoul",
"ec2-prd-cpne-was-az2c","EC2 Instance","aws",0,1,0,0,0,18,52,82,23,"796973489960","cpne-prd - 796973489960","i-06a1ad0e8cac86cc8","ap-northeast-2","AWS Seoul",
"ec2-prd-cpne-was-az2a","EC2 Instance","aws",0,1,0,0,0,18,52,82,23,"796973489960","cpne-prd - 796973489960","i-0f55ccdd882b244fa","ap-northeast-2","AWS Seoul",
"ec2-prd-bizon-mgmt-01-az2a","EC2 Instance","aws",0,1,0,0,0,24,207,536,61,"122610489449","awsprdbzn - 122610489449","i-039a835742c476ee2","ap-northeast-2","AWS Seoul",
"DEV-RCS-MaaP-BAS-PUB-A-X","EC2 Instance","aws",0,1,0,0,0,43,726,689,124,"493710722196","rcs-mapp@lguplus - 493710722196","i-0e04364790d648798","ap-northeast-2","AWS Seoul",
"aicallsapne2-fioj-ondemand-agent-karpenter","EC2 Instance","aws",0,1,0,0,0,3,7,6,4,"730335661456","aws-dev-CommunicationAI - 730335661456","i-02e1239aee132c73d","ap-northeast-2","AWS Seoul",
"ec2-az01-dev-iptv-wst1","EC2 Instance","aws",0,1,0,0,0,61,572,1226,293,"825750602860","Uplus_iptv_dev - 825750602860","i-09a96099e33ac683f","ap-northeast-2","AWS Seoul",
"flute-api-server-default","EC2 Instance","aws",0,1,0,0,0,4,752,2439,186,"825750602860","Uplus_iptv_dev - 825750602860","i-0f9773e40023ccf1d","ap-northeast-2","AWS Seoul",
"flute-batch-server","EC2 Instance","aws",0,1,0,0,0,11,428,1142,154,"825750602860","Uplus_iptv_dev - 825750602860","i-0f5d0e607ba9bdb83","ap-northeast-2","AWS Seoul",
"ec2-az01-dev-bst01","EC2 Instance","aws",0,1,0,0,0,107,703,1168,254,"825750602860","Uplus_iptv_dev - 825750602860","i-03adc1a2c1f6734a4","ap-northeast-2","AWS Seoul",
"aiugptsapne2-ngff-ondemand-ai-karpenter","EC2 Instance","aws",0,1,0,0,0,3,6,7,4,"590183678280","aws-dev-ugpt - 590183678280","i-0acce0f1a0721bc19","ap-northeast-2","AWS Seoul",
"aiugptsapne2-ngff-ondemand-ai-karpenter","EC2 Instance","aws",0,1,0,0,0,3,6,7,4,"590183678280","aws-dev-ugpt - 590183678280","i-064aba72bb97eb946","ap-northeast-2","AWS Seoul",
"ec2-dev-pwr-app-2a","EC2 Instance","aws",0,1,0,0,0,38,419,941,217,"806758131976","U+tv - 806758131976","i-0e7dc82a896cab511","ap-northeast-2","AWS Seoul",
"ec2-qa-pwr-app-2c","EC2 Instance","aws",0,1,0,0,0,38,419,941,217,"806758131976","U+tv - 806758131976","i-02af9dee5ad8a96e8","ap-northeast-2","AWS Seoul",
"ec2-dev-indxuplus-algodb-az2a","EC2 Instance","aws",0,1,0,0,0,22,386,1405,76,"210627493623","indxuplusdev - 210627493623","i-0cb0e91b183f57958","ap-northeast-2","AWS Seoul",
"jihyebot-ui","EC2 Instance","aws",0,0,0,1,0,0,0,0,0,"662158614522","AWSPlayCloud - 662158614522","i-0ead7131272ea44d6","ap-northeast-2","AWS Seoul",
"ec2-dev-aisb-callbotAdmin-az2c","EC2 Instance","aws",0,1,0,0,0,72,977,2702,169,"700329480675","aws-dev-aisb - 700329480675","i-0851abd80cc6a296e","ap-northeast-2","AWS Seoul",
"smrtcsapi-smrts_apnortheast2-v047","EC2 Instance","aws",0,1,0,0,0,5,97,237,22,"590183859724","aws-dev-smrtmb - 590183859724","i-0b5a73507d0125d1f","ap-northeast-2","AWS Seoul",
"dwseo-dev","EC2 Instance","aws",0,1,0,0,0,5,59,1023,86,"590183678280","aws-dev-ugpt - 590183678280","i-067a009f58b0b7115","ap-northeast-2","AWS Seoul",
"ec2-az2c-luiot-dev2-prometheus","EC2 Instance","aws",0,1,0,0,0,15,300,706,407,"011143606116","svcalliance1 - 011143606116","i-07fd57ac86cc0f5c1","ap-northeast-2","AWS Seoul",
"ec2-az2c-luiot-dev2-cem","EC2 Instance","aws",0,1,0,0,0,12,265,677,406,"011143606116","svcalliance1 - 011143606116","i-0ad3643af6654cda4","ap-northeast-2","AWS Seoul",
"spdapne2-hupg-ondemand-karpenter","EC2 Instance","aws",0,1,0,0,0,2,14,21,5,"122518608090","svcprotodev - 122518608090","i-0a2b894a2636e6aef","ap-northeast-2","AWS Seoul",
"i-04d2762483fffa11b","EC2 Instance","aws",0,1,0,0,0,2,79,231,15,"122518608090","svcprotodev - 122518608090","i-04d2762483fffa11b","ap-northeast-2","AWS Seoul",
"spdapne2-hupg-ondemand-karpenter","EC2 Instance","aws",0,1,0,0,0,2,12,20,5,"122518608090","svcprotodev - 122518608090","i-06217bcb72f1bdb9d","ap-northeast-2","AWS Seoul",
"spdapne2-hupg-ondemand-karpenter","EC2 Instance","aws",0,1,0,0,0,2,11,13,4,"122518608090","svcprotodev - 122518608090","i-02fe8bf073e8d3262","ap-northeast-2","AWS Seoul",
"ec2-stg-iptv-stg-cluster-v1_31-karpenter-node","EC2 Instance","aws",0,1,0,0,0,5,166,557,23,"833897490146","aws-stg-iptv - 833897490146","i-0c945b8b8cef6ac67","ap-northeast-2","AWS Seoul",
"ec2-stg-iptv-stg-cluster-v1_31-karpenter-node","EC2 Instance","aws",0,1,0,0,0,5,166,557,23,"833897490146","aws-stg-iptv - 833897490146","i-0b244afbb6d077791","ap-northeast-2","AWS Seoul",
"ec2-stg-iptv-stg-cluster-v1_31-karpenter-node","EC2 Instance","aws",0,1,0,0,0,5,166,557,23,"833897490146","aws-stg-iptv - 833897490146","i-031db996b77065171","ap-northeast-2","AWS Seoul",
"ec2-stg-iptv-stg-cluster-v1_31-karpenter-node","EC2 Instance","aws",0,1,0,0,0,5,166,557,23,"833897490146","aws-stg-iptv - 833897490146","i-0fa15d49d6706dcaf","ap-northeast-2","AWS Seoul",
"ec2-stg-iptv-stg-cluster-v1_31-karpenter-node","EC2 Instance","aws",0,1,0,0,0,5,166,557,23,"833897490146","aws-stg-iptv - 833897490146","i-0a71ca2256ef16654","ap-northeast-2","AWS Seoul",
"ec2-stg-cpne-was-az2c","EC2 Instance","aws",0,1,0,0,0,18,50,78,23,"515966499229","cpne-stg - 515966499229","i-0c51e30d865c93e8f","ap-northeast-2","AWS Seoul",
"ec2-stg-cpne-was-az2a","EC2 Instance","aws",0,1,0,0,0,18,50,78,23,"515966499229","cpne-stg - 515966499229","i-0706105a03cef7b21","ap-northeast-2","AWS Seoul",
"ec2-stg-fleet-mgmt-system-ufms-backend-batch","EC2 Instance","aws",0,1,0,0,0,15,41,70,20,"642025919684","fms_stg - 642025919684","i-0a8e8369211da28d4","ap-northeast-2","AWS Seoul",
"ec2-stg-fleet-mgmt-system-ufms-device-gw","EC2 Instance","aws",0,1,0,0,0,15,41,70,20,"642025919684","fms_stg - 642025919684","i-0c2fb5ee5cbc7a297","ap-northeast-2","AWS Seoul",
"ec2-stg-fleet-mgmt-system-ufms-backend-batch","EC2 Instance","aws",0,1,0,0,0,15,41,70,20,"642025919684","fms_stg - 642025919684","i-0ecb61c83d33ba3eb","ap-northeast-2","AWS Seoul",
"ec2-stg-fleet-mgmt-system-mgmt-backend-admin","EC2 Instance","aws",0,1,0,0,0,15,41,70,20,"642025919684","fms_stg - 642025919684","i-0d1b456f3c3843d2d","ap-northeast-2","AWS Seoul",
"ec2-stg-fleet-mgmt-system-ufms-device-gw","EC2 Instance","aws",0,1,0,0,0,15,41,70,20,"642025919684","fms_stg - 642025919684","i-00a48ea2edab4471e","ap-northeast-2","AWS Seoul",
"ec2-stg-fleet-mgmt-system-ufms-device-gw","EC2 Instance","aws",0,1,0,0,0,15,41,70,20,"642025919684","fms_stg - 642025919684","i-0962ee2cc9c8c41f0","ap-northeast-2","AWS Seoul",
"ec2-stg-fleet-mgmt-system-mgmt-backend-admin","EC2 Instance","aws",0,1,0,0,0,15,41,70,20,"642025919684","fms_stg - 642025919684","i-095ce235a7063e566","ap-northeast-2","AWS Seoul",
"opsapne2-hmgj-spot-karpenter","EC2 Instance","aws",0,1,0,0,0,0,33,50,11,"478195486159","dax-ops - 478195486159","i-0d44dff04d2b26bb0","ap-northeast-2","AWS Seoul",
"ec2-dev-hyundai-mvmtv-config-mgmt","EC2 Instance","aws",0,1,0,0,0,13,466,1480,72,"952963836610","aws-dev-mvmtv - 952963836610","i-0303b5ff87259befa","ap-northeast-2","AWS Seoul",
"ec2-dev-hyundai-mvmtv-config-mgmt","EC2 Instance","aws",0,1,0,0,0,13,466,1480,72,"952963836610","aws-dev-mvmtv - 952963836610","i-03457b619ce91bbdc","ap-northeast-2","AWS Seoul",
"ec2-prod-ares-api-template","EC2 Instance","aws",0,1,0,0,0,21,831,1817,280,"454916155748","lgukidsland - 454916155748","i-0adf234331f47d181","ap-northeast-2","AWS Seoul",
"ec2-stg-fleet-mgmt-system-mgmt-frontweb","EC2 Instance","aws",0,1,0,0,0,18,145,405,37,"642025919684","fms_stg - 642025919684","i-0716b37e1fa9bf02c","ap-northeast-2","AWS Seoul",
"aicallapne2-ngnx-ondemand-agent-karpenter","EC2 Instance","aws",0,1,0,0,0,3,7,6,4,"590184025818","aws-prd-CommunicationAI - 590184025818","i-089ba5bb9a80844d9","ap-northeast-2","AWS Seoul",
"aicallapne2-ngnx-ondemand-agent-karpenter","EC2 Instance","aws",0,1,0,0,0,3,7,6,4,"590184025818","aws-prd-CommunicationAI - 590184025818","i-0d56b2b04469ed733","ap-northeast-2","AWS Seoul",
"Ollama-Gemma3-0414","EC2 Instance","aws",0,1,0,0,0,9,60,1169,75,"038041937865","INARA-DEV - 038041937865","i-0056385923264af7c","ap-northeast-2","AWS Seoul",
"ec2-prd-aicc-ixi-addrbot-az2a","EC2 Instance","aws",0,1,0,0,0,35,302,671,63,"329204419623","aws-prd-ccaas - 329204419623","i-038259755c145518e","ap-northeast-2","AWS Seoul",
"ec2-prd-aicc-ixi-addrbot-az2c","EC2 Instance","aws",0,1,0,0,0,35,271,625,63,"329204419623","aws-prd-ccaas - 329204419623","i-04cfe0b1a854091ff","ap-northeast-2","AWS Seoul",
"ec2-dev-cas-eks-mng-ngroup","EC2 Instance","aws",0,1,0,0,0,0,9,10,5,"235494784992","aws-CAS-casdev - 235494784992","i-0a3ca7081567d8dc6","ap-northeast-2","AWS Seoul",
"ec2-dev-cas-eks-mng-ngroup","EC2 Instance","aws",0,1,0,0,0,8,28,37,8,"235494784992","aws-CAS-casdev - 235494784992","i-006650aac219fd886","ap-northeast-2","AWS Seoul",
"ec2-dev-cas-eks-mng-ngroup","EC2 Instance","aws",0,1,0,0,0,8,28,37,8,"235494784992","aws-CAS-casdev - 235494784992","i-0ecebe9a5aab6a1e1","ap-northeast-2","AWS Seoul",
"itrelengapne2-cgtu-spot-karpenter","EC2 Instance","aws",0,1,0,0,0,1,11,11,4,"590184057287","aws-itmod-releng - 590184057287","i-078e7e5e6a49b29a7","ap-northeast-2","AWS Seoul",
"itrelengapne2-cgtu-spot-karpenter","EC2 Instance","aws",0,1,0,0,0,1,11,11,4,"590184057287","aws-itmod-releng - 590184057287","i-098fa72314c93a7e7","ap-northeast-2","AWS Seoul",
"ec2-stg-cpne-base-was","EC2 Instance","aws",0,1,0,0,0,18,52,82,23,"515966499229","cpne-stg - 515966499229","i-0e45b9a3ec5e3aee6","ap-northeast-2","AWS Seoul",
"itrelengapne2-cgtu-spot-karpenter","EC2 Instance","aws",0,1,0,0,0,1,11,11,4,"590184057287","aws-itmod-releng - 590184057287","i-0f5ed9470725303ae","ap-northeast-2","AWS Seoul",
"aicallsapne2-fioj-ondemand-agent-karpenter","EC2 Instance","aws",0,1,0,0,0,3,7,6,4,"730335661456","aws-dev-CommunicationAI - 730335661456","i-0bada788c30e58b08","ap-northeast-2","AWS Seoul",
"testdlkconn","EC2 Instance","aws",0,1,0,0,0,0,9,9,5,"398037177493","aws-dev-dlk - 398037177493","i-013afd41026da8ef1","ap-northeast-2","AWS Seoul",
"aiugptdapne2-zszw-ondemand-ai-karpenter","EC2 Instance","aws",0,1,0,0,0,3,6,7,4,"590183678280","aws-dev-ugpt - 590183678280","i-0869f0f98c5ccef77","ap-northeast-2","AWS Seoul",
"aiugptdapne2-zszw-ondemand-ai-karpenter","EC2 Instance","aws",0,1,0,0,0,3,6,7,4,"590183678280","aws-dev-ugpt - 590183678280","i-0dfc72e5043b90cb3","ap-northeast-2","AWS Seoul",
"ec2-stg-cpne-auromon","EC2 Instance","aws",0,1,0,0,0,18,134,308,33,"515966499229","cpne-stg - 515966499229","i-0616eaa6f18e6fd1c","ap-northeast-2","AWS Seoul",
"ec2-dev-iptv-dev-cluster-v1_31-karpenter-node","EC2 Instance","aws",0,1,0,0,0,5,166,557,23,"578094293967","aws-dev-iptv - 578094293967","i-02588cf9973ace616","ap-northeast-2","AWS Seoul",
"chewapne2-mgok-spot-karpenter","EC2 Instance","aws",0,1,0,0,0,0,33,50,11,"088329133184","chewauth.prod - 088329133184","i-03fda0af3b5e95406","ap-northeast-2","AWS Seoul",
"eks-node","EC2 Instance","aws",0,1,0,0,0,5,128,439,22,"730335661456","aws-dev-CommunicationAI - 730335661456","i-0962ac20ef9cd891d","ap-northeast-2","AWS Seoul",
"eks-node","EC2 Instance","aws",0,1,0,0,0,5,128,439,22,"730335661456","aws-dev-CommunicationAI - 730335661456","i-0c45420f6556fdff8","ap-northeast-2","AWS Seoul",
"cleanapne2-grjz-ondemand-karpenter","EC2 Instance","aws",0,1,0,0,0,2,32,49,11,"413372654015","daxclean - 413372654015","i-0b000933e492c72ce","ap-northeast-2","AWS Seoul",
"cleansapne2-jvts-ondemand-styx-karpenter","EC2 Instance","aws",0,1,0,0,0,2,5,6,4,"854531064573","daxcleand - 854531064573","i-07bffe2a1fdff80b7","ap-northeast-2","AWS Seoul",
"eks-violet-stg-service-communication-c6i-4xlarge-ng","EC2 Instance","aws",0,1,0,0,0,1,40,59,12,"590183878658","aws-stg-violet - 590183878658","i-08cca734764897daa","ap-northeast-2","AWS Seoul",
"eks-violet-stg-service-communication-c6i-4xlarge-ng","EC2 Instance","aws",0,1,0,0,0,1,40,60,12,"590183878658","aws-stg-violet - 590183878658","i-05e7aca2dee86a0c4","ap-northeast-2","AWS Seoul",
"aiugptdapne2-zszw-ondemand-ai-karpenter","EC2 Instance","aws",0,1,0,0,0,3,6,7,4,"590183678280","aws-dev-ugpt - 590183678280","i-09bd8424ab82cd54b","ap-northeast-2","AWS Seoul",
"aiugptdapne2-zszw-ondemand-ai-karpenter","EC2 Instance","aws",0,1,0,0,0,3,6,7,4,"590183678280","aws-dev-ugpt - 590183678280","i-0480a2dd2ed90d9d4","ap-northeast-2","AWS Seoul",
"INARA-PRD-WORKLOAD-MANAGED-V1_31_DSA","EC2 Instance","aws",0,1,0,0,0,3,77,230,15,"532975624498","INARA-PROD - 532975624498","i-021e8238c4822d5a5","ap-northeast-2","AWS Seoul",
"cleanapne2-grjz-ondemand-members-karpenter","EC2 Instance","aws",0,1,0,0,0,3,62,187,12,"413372654015","daxclean - 413372654015","i-06c008b786a4ca52d","ap-northeast-2","AWS Seoul",
"cleanapne2-grjz-ondemand-members-karpenter","EC2 Instance","aws",0,1,0,0,0,3,62,187,12,"413372654015","daxclean - 413372654015","i-041bef1fc0f69e765","ap-northeast-2","AWS Seoul",
"cleanapne2-grjz-ondemand-members-karpenter","EC2 Instance","aws",0,1,0,0,0,3,62,187,12,"413372654015","daxclean - 413372654015","i-0cbb8197af7d7245e","ap-northeast-2","AWS Seoul",
"cleanapne2-grjz-ondemand-members-karpenter","EC2 Instance","aws",0,1,0,0,0,3,62,187,12,"413372654015","daxclean - 413372654015","i-0ccd5da689a97f3b1","ap-northeast-2","AWS Seoul",
"chewdapne2-wexk-spot-karpenter","EC2 Instance","aws",0,1,0,0,0,2,62,187,12,"798345363128","chewauth.preprod - 798345363128","i-0d242fc625e999626","ap-northeast-2","AWS Seoul",
"i-01f165569286564f8","EC2 Instance","aws",0,1,0,0,0,2,107,364,19,"798345363128","chewauth.preprod - 798345363128","i-01f165569286564f8","ap-northeast-2","AWS Seoul",
"bsddapne2-gmkf-convai-g6-on-demand-karpenter","EC2 Instance","aws",0,1,0,0,0,2,98,202,16,"767397901718","aws-nsd-dev - 767397901718","i-0f6aa3c15104ae702","ap-northeast-2","AWS Seoul",
"ec2-prd-cpne-auromon","EC2 Instance","aws",0,1,0,0,0,17,131,316,34,"796973489960","cpne-prd - 796973489960","i-0e5af6c9e43a00a8d","ap-northeast-2","AWS Seoul",
"eks-node","EC2 Instance","aws",0,1,0,0,0,5,128,439,22,"730335661456","aws-dev-CommunicationAI - 730335661456","i-0a6f15f52472e91e6","ap-northeast-2","AWS Seoul",
"aicalldapne2-epse-ondemand-karpenter","EC2 Instance","aws",0,1,0,0,0,3,6,9,5,"730335661456","aws-dev-CommunicationAI - 730335661456","i-0b399ad2a7177bef6","ap-northeast-2","AWS Seoul",
"eks-node","EC2 Instance","aws",0,1,0,0,0,5,128,439,22,"730335661456","aws-dev-CommunicationAI - 730335661456","i-01e07c6247ca07b90","ap-northeast-2","AWS Seoul",
"application-nodegroup-pc-prod-prod-eks","EC2 Instance","aws",0,1,0,0,0,11,254,772,62,"360600168182","AWS_PROD_NUPD2 - 360600168182","i-04472edcb18844a21","ap-northeast-2","AWS Seoul",
"application-nodegroup-pc-prod-prod-eks","EC2 Instance","aws",0,1,0,0,0,10,248,765,60,"360600168182","AWS_PROD_NUPD2 - 360600168182","i-092c414b95e2fe9ba","ap-northeast-2","AWS Seoul",
"aicallsapne2-fioj-ondemand-agent-karpenter","EC2 Instance","aws",0,1,0,0,0,3,8,9,5,"730335661456","aws-dev-CommunicationAI - 730335661456","i-040d7cc280b44c4bf","ap-northeast-2","AWS Seoul",
"ec2-dev-clcc-vars-uiux-web","EC2 Instance","aws",0,1,0,0,0,1,86,238,14,"773872345005","awsdevclcc - 773872345005","i-0435a6c378e7b25f3","ap-northeast-2","AWS Seoul",
"aicallsapne2-fioj-ondemand-agent-karpenter","EC2 Instance","aws",0,1,0,0,0,3,8,9,5,"730335661456","aws-dev-CommunicationAI - 730335661456","i-0f1123f19671c1251","ap-northeast-2","AWS Seoul",
"aicallsapne2-fioj-ondemand-agent-karpenter","EC2 Instance","aws",0,1,0,0,0,3,8,9,5,"730335661456","aws-dev-CommunicationAI - 730335661456","i-03d78a7951a466044","ap-northeast-2","AWS Seoul",
"application-nodegroup-pc-prod-prod-eks","EC2 Instance","aws",0,1,0,0,0,16,267,802,70,"360600168182","AWS_PROD_NUPD2 - 360600168182","i-0bcf927ada33fb3ac","ap-northeast-2","AWS Seoul",
"ec2-dev-fleet-mgmt-system-ufms-device-gw","EC2 Instance","aws",0,1,0,0,0,15,41,70,20,"595459082527","fms_dev - 595459082527","i-0c93d4557bfa38eca","ap-northeast-2","AWS Seoul",
"ec2-dev-fleet-mgmt-system-ufms-backend-batch","EC2 Instance","aws",0,1,0,0,0,15,41,70,20,"595459082527","fms_dev - 595459082527","i-0a420422740a16074","ap-northeast-2","AWS Seoul",
"ec2_mat_dev","EC2 Instance","aws",0,1,0,0,0,25,62,54,20,"184888968059","aws-b2bmat-dev - 184888968059","i-07fb56f313e3ba3cd","ap-northeast-2","AWS Seoul",
"ec2-stg-spam-admn-was-az2a","EC2 Instance","aws",0,1,0,0,0,59,599,1280,153,"803484623785","aws-stg-spam - 803484623785","i-078a0ae4315bf37d5","ap-northeast-2","AWS Seoul",
"ec2-stg-spam-admn-was-az2c","EC2 Instance","aws",0,1,0,0,0,59,601,1283,167,"803484623785","aws-stg-spam - 803484623785","i-0957bc024577f617a","ap-northeast-2","AWS Seoul",
"cleandapne2-xfeu-spot-styx-karpenter","EC2 Instance","aws",0,1,0,0,0,2,62,187,12,"854531064573","daxcleand - 854531064573","i-0fb4deb601932abce","ap-northeast-2","AWS Seoul",
"cleansapne2-jvts-spot-styx-karpenter","EC2 Instance","aws",0,1,0,0,0,2,6,9,5,"854531064573","daxcleand - 854531064573","i-0d5d386ec83b885ef","ap-northeast-2","AWS Seoul",
"bsdapne2-omdw-advisor-default-on-demand-karpenter","EC2 Instance","aws",0,1,0,0,0,2,95,192,16,"533267185836","aws-nsd-prd - 533267185836","i-09d71f35b39e569ed","ap-northeast-2","AWS Seoul",
"cleansapne2-jvts-spot-styx-karpenter","EC2 Instance","aws",0,1,0,0,0,2,6,9,5,"854531064573","daxcleand - 854531064573","i-0ab26ece7a76b5eab","ap-northeast-2","AWS Seoul",
"eks-violet-prd-service-ixisolution-iptv-c6i-12xlarge-ng","EC2 Instance","aws",0,1,0,0,0,0,35,51,12,"058264436158","aws-prd-violet - 058264436158","i-0fae301e178c74f38","ap-northeast-2","AWS Seoul",
"INARA-PRD-BATCH-MANAGED-V1_31__DSA","EC2 Instance","aws",0,1,0,0,0,3,77,230,15,"532975624498","INARA-PROD - 532975624498","i-008caa357a36e72c2","ap-northeast-2","AWS Seoul",
"cleansapne2-jvts-spot-styx-karpenter","EC2 Instance","aws",0,1,0,0,0,2,6,9,5,"854531064573","daxcleand - 854531064573","i-0aebe779506db472d","ap-northeast-2","AWS Seoul",
"ec2-prd-iptv-prd-cluster-v1_31-karpenter-node","EC2 Instance","aws",0,1,0,0,0,3,93,222,21,"969671253885","aws-prd-iptv - 969671253885","i-06a50498869c110fa","ap-northeast-2","AWS Seoul",
"temp-bastion","EC2 Instance","aws",0,1,0,0,0,0,4,5,4,"971216839324","IPTV_OTT_SEARCH_prod - 971216839324","i-07ab09cdd013487e4","ap-northeast-2","AWS Seoul",
"ec2-dev-iptv-stp-whatap-yard-az2a","EC2 Instance","aws",0,1,0,0,0,15,574,1222,224,"578094293967","aws-dev-iptv - 578094293967","i-03b076bc2de9f4c6b","ap-northeast-2","AWS Seoul",
"eks-violet-prd-service-ixisolution-copywriter-c5-2xlarge-ng","EC2 Instance","aws",0,1,0,0,0,0,35,51,12,"058264436158","aws-prd-violet - 058264436158","i-09ffb1efc93fe144a","ap-northeast-2","AWS Seoul",
"ec2-stg-spam-serv-was-az2c","EC2 Instance","aws",0,1,0,0,0,63,580,1265,166,"803484623785","aws-stg-spam - 803484623785","i-0c55061faa60ffc2a","ap-northeast-2","AWS Seoul",
"skull-net-iptv-dev-extgw-v188","EC2 Instance","aws",0,1,0,0,0,7,96,1614,84,"832627517726","aws-net-iptv - 832627517726","i-041aa604d70b885f3","ap-northeast-2","AWS Seoul",
"eks-node-dev-ccsp-b2b","EC2 Instance","aws",0,1,0,0,0,6,96,225,16,"952963836610","aws-dev-mvmtv - 952963836610","i-0259f13a9aa2e0388","ap-northeast-2","AWS Seoul",
"eks-node-dev-ccsp-fast","EC2 Instance","aws",0,1,0,0,0,6,96,225,16,"952963836610","aws-dev-mvmtv - 952963836610","i-020faa68eb394cf09","ap-northeast-2","AWS Seoul",
"ixi-ugpt-private-stg","EC2 Instance","aws",0,1,0,0,0,3,50,1024,90,"590183678280","aws-dev-ugpt - 590183678280","i-0e88316ae8bf556ee","ap-northeast-2","AWS Seoul",
"DATA-PRD-WORKLOAD-MANAGED-V1_32","EC2 Instance","aws",0,1,0,0,0,2,5,8,5,"711538343180","DATA-PROD - 711538343180","i-057816a3dd0bfe8f9","ap-northeast-2","AWS Seoul",
"PLATFORM-PRD-BATCH-MANAGED-V1_32","EC2 Instance","aws",0,1,0,0,0,2,6,8,5,"204812302627","PLATFORM-PROD - 204812302627","i-074054b83438f3be5","ap-northeast-2","AWS Seoul",
"PLATFORM-PRD-BATCH-MANAGED-V1_32","EC2 Instance","aws",0,1,0,0,0,2,5,8,5,"204812302627","PLATFORM-PROD - 204812302627","i-0baf57c5bb830ca64","ap-northeast-2","AWS Seoul",
"PLATFORM-PRD-WORKLOAD-MANAGED-V1_32","EC2 Instance","aws",0,1,0,0,0,3,11,15,6,"204812302627","PLATFORM-PROD - 204812302627","i-0f86784fa8ac028e8","ap-northeast-2","AWS Seoul",
"lguplus_cats_ubot_2","EC2 Instance","aws",0,1,0,0,0,98,327,3027,171,"619038682116","nmsaws - 619038682116","i-02317f465191c68d5","ap-northeast-2","AWS Seoul",
"lguplus_cats_ubot_1","EC2 Instance","aws",0,1,0,0,0,98,327,3027,171,"619038682116","nmsaws - 619038682116","i-0427bcd16f3e735ad","ap-northeast-2","AWS Seoul",
"aicalldapne2-epse-ondemand-agent-karpenter","EC2 Instance","aws",0,1,0,0,0,3,6,9,5,"730335661456","aws-dev-CommunicationAI - 730335661456","i-0efb4c3fa45db5bcf","ap-northeast-2","AWS Seoul",
"eks-node-dev-indxuplus","EC2 Instance","aws",0,1,0,0,0,0,9,10,5,"210627493623","indxuplusdev - 210627493623","i-017b5b325ea5180c4","ap-northeast-2","AWS Seoul",
"aicalldapne2-epse-ondemand-agent-karpenter","EC2 Instance","aws",0,1,0,0,0,3,6,9,5,"730335661456","aws-dev-CommunicationAI - 730335661456","i-0f2ab43dff1f53743","ap-northeast-2","AWS Seoul",
"bsdapne2-omdw-advisor-default-on-demand-karpenter","EC2 Instance","aws",0,1,0,0,0,2,95,192,16,"533267185836","aws-nsd-prd - 533267185836","i-0d4f247ed46d5b811","ap-northeast-2","AWS Seoul",
"bsdsapne2-pwpx-convai-default-on-demand-karpenter","EC2 Instance","aws",0,1,0,0,0,2,95,191,16,"767397901718","aws-nsd-dev - 767397901718","i-0bb584ca069d4f337","ap-northeast-2","AWS Seoul",
"bsdapne2-omdw-convai-default-on-demand-karpenter","EC2 Instance","aws",0,1,0,0,0,2,95,191,16,"533267185836","aws-nsd-prd - 533267185836","i-054e14479823627dc","ap-northeast-2","AWS Seoul",
"aicalldapne2-epse-ondemand-agent-karpenter","EC2 Instance","aws",0,1,0,0,0,3,8,9,5,"730335661456","aws-dev-CommunicationAI - 730335661456","i-052f752569f20cb7b","ap-northeast-2","AWS Seoul",
"INARA-PRD-WORKLOAD-MANAGED-V1_31_DSA","EC2 Instance","aws",0,1,0,0,0,3,77,230,15,"532975624498","INARA-PROD - 532975624498","i-066b1e8d8a68d6427","ap-northeast-2","AWS Seoul",
"aiugptdapne2-zszw-ondemand-ai-karpenter","EC2 Instance","aws",0,1,0,0,0,3,7,10,5,"590183678280","aws-dev-ugpt - 590183678280","i-0315d114024e128bf","ap-northeast-2","AWS Seoul",
"ipia_saf-clean_apnortheast2-v003","EC2 Instance","aws",0,1,0,0,0,4,105,229,19,"413372654015","daxclean - 413372654015","i-01747102454570d47","ap-northeast-2","AWS Seoul",
"ec2-dev-hyundai-mvmtv-private-bastion-az2a","EC2 Instance","aws",0,1,0,0,0,33,710,2118,129,"952963836610","aws-dev-mvmtv - 952963836610","i-0091fcced4d6d9176","ap-northeast-2","AWS Seoul",
"acb2bdapne2-kcxn-b2badvisor-default-on-demand-karpenter","EC2 Instance","aws",0,1,0,0,0,2,72,174,15,"932507484725","aws-AICC-bmt - 932507484725","i-0dd9b585e20e3bd72","ap-northeast-2","AWS Seoul",
"bsdsapne2-pwpx-convai-default-on-demand-karpenter","EC2 Instance","aws",0,1,0,0,0,2,95,191,16,"767397901718","aws-nsd-dev - 767397901718","i-06d4e7433594cef50","ap-northeast-2","AWS Seoul",
"bsdapne2-omdw-advisor-default-on-demand-karpenter","EC2 Instance","aws",0,1,0,0,0,2,95,192,16,"533267185836","aws-nsd-prd - 533267185836","i-05f9a40c5e855bc4f","ap-northeast-2","AWS Seoul",
"ec2-dev-aibzc-sip-az2a-01","EC2 Instance","aws",0,1,0,0,0,12,206,2629,1423,"654654503693","aws-dev-mvoip070 - 654654503693","i-0ce9ce69aff42a67f","ap-northeast-2","AWS Seoul",
"chewapne2-mgok-spot-karpenter","EC2 Instance","aws",0,1,0,0,0,0,33,50,11,"088329133184","chewauth.prod - 088329133184","i-01f1bf6a44226816e","ap-northeast-2","AWS Seoul",
"PRD-ADVMSG-EKS-SUB","EC2 Instance","aws",0,1,0,0,0,3,107,323,18,"665685114396","aws-prd-msghub - 665685114396","i-0db3ce7f72117816f","ap-northeast-2","AWS Seoul",
"PRD-ADVMSG-EKS-FLINK","EC2 Instance","aws",0,1,0,0,0,3,107,323,18,"665685114396","aws-prd-msghub - 665685114396","i-0bd4c300ad81d916c","ap-northeast-2","AWS Seoul",
"PRD-ADVMSG-EKS-SUB","EC2 Instance","aws",0,1,0,0,0,3,107,323,18,"665685114396","aws-prd-msghub - 665685114396","i-0e6f1c00bbb3d3013","ap-northeast-2","AWS Seoul",
"PRD-ADVMSG-EKS-OPENSEARCH","EC2 Instance","aws",0,1,0,0,0,3,107,323,18,"665685114396","aws-prd-msghub - 665685114396","i-070b8f46a043ae54c","ap-northeast-2","AWS Seoul",
"PRD-ADVMSG-EKS-OPENSEARCH","EC2 Instance","aws",0,1,0,0,0,3,107,323,18,"665685114396","aws-prd-msghub - 665685114396","i-027578bd4a58aba5f","ap-northeast-2","AWS Seoul",
"PRD-ADVMSG-EKS-OPENSEARCH","EC2 Instance","aws",0,1,0,0,0,3,107,323,18,"665685114396","aws-prd-msghub - 665685114396","i-065b2042278e863df","ap-northeast-2","AWS Seoul",
"PRD-ADVMSG-EKS-OPENSEARCH","EC2 Instance","aws",0,1,0,0,0,3,107,323,18,"665685114396","aws-prd-msghub - 665685114396","i-01405e04e03657a16","ap-northeast-2","AWS Seoul",
"aiugptdapne2-zszw-ondemand-karpenter","EC2 Instance","aws",0,1,0,0,0,3,6,9,5,"590183678280","aws-dev-ugpt - 590183678280","i-06234a22d80e831f5","ap-northeast-2","AWS Seoul",
"chewapne2-mgok-spot-karpenter","EC2 Instance","aws",0,1,0,0,0,0,33,50,11,"088329133184","chewauth.prod - 088329133184","i-01d8d0ccda24ec393","ap-northeast-2","AWS Seoul",
"aiugptdapne2-zszw-ondemand-ai-karpenter","EC2 Instance","aws",0,1,0,0,0,3,7,10,5,"590183678280","aws-dev-ugpt - 590183678280","i-044810081fd7294cc","ap-northeast-2","AWS Seoul",
"ec2-dev-iptv-stp-cluster-v1_31-karpenter-node","EC2 Instance","aws",0,1,0,0,0,5,166,557,23,"578094293967","aws-dev-iptv - 578094293967","i-08944243d0e962365","ap-northeast-2","AWS Seoul",
"ec2-dev-iptv-stp-cluster-v1_31-karpenter-node","EC2 Instance","aws",0,1,0,0,0,5,166,557,23,"578094293967","aws-dev-iptv - 578094293967","i-034b3e1147df035b5","ap-northeast-2","AWS Seoul",
"ec2-dev-iptv-stp-cluster-v1_31-karpenter-node","EC2 Instance","aws",0,1,0,0,0,5,166,557,23,"578094293967","aws-dev-iptv - 578094293967","i-079809b6d6cc330c7","ap-northeast-2","AWS Seoul",
"ec2-dev-iptv-stp-cluster-v1_31-karpenter-node","EC2 Instance","aws",0,1,0,0,0,5,166,557,23,"578094293967","aws-dev-iptv - 578094293967","i-0275bea350b71e6f6","ap-northeast-2","AWS Seoul",
"ec2-dev-iptv-stp-cluster-v1_31-karpenter-node","EC2 Instance","aws",0,1,0,0,0,5,166,557,23,"578094293967","aws-dev-iptv - 578094293967","i-0fe648345fcf3868e","ap-northeast-2","AWS Seoul",
"ec2-dev-iptv-stp-cluster-v1_31-karpenter-node","EC2 Instance","aws",0,1,0,0,0,5,166,557,23,"578094293967","aws-dev-iptv - 578094293967","i-05fad32bbc08db4a4","ap-northeast-2","AWS Seoul",
"ec2-dev-iptv-stp-cluster-v1_31-karpenter-node","EC2 Instance","aws",0,1,0,0,0,5,166,557,23,"578094293967","aws-dev-iptv - 578094293967","i-007b02e695fde5649","ap-northeast-2","AWS Seoul",
"ec2-dev-iptv-stp-cluster-v1_31-karpenter-node","EC2 Instance","aws",0,1,0,0,0,5,166,557,23,"578094293967","aws-dev-iptv - 578094293967","i-0d421f5723894f852","ap-northeast-2","AWS Seoul",
"ec2-dev-iptv-stp-cluster-v1_31-karpenter-node","EC2 Instance","aws",0,1,0,0,0,5,166,557,23,"578094293967","aws-dev-iptv - 578094293967","i-0f6889a7b02056cb1","ap-northeast-2","AWS Seoul",
"ec2-dev-iptv-stp-cluster-v1_31-karpenter-node","EC2 Instance","aws",0,1,0,0,0,5,166,557,23,"578094293967","aws-dev-iptv - 578094293967","i-007a1f8097f4cf366","ap-northeast-2","AWS Seoul",
"aicalldapne2-epse-ondemand-agent-karpenter","EC2 Instance","aws",0,1,0,0,0,3,6,9,5,"730335661456","aws-dev-CommunicationAI - 730335661456","i-0e4c63bb0cb7d69db","ap-northeast-2","AWS Seoul",
"aicalldapne2-epse-ondemand-agent-karpenter","EC2 Instance","aws",0,1,0,0,0,3,6,9,5,"730335661456","aws-dev-CommunicationAI - 730335661456","i-0ef1236248812ebe3","ap-northeast-2","AWS Seoul",
"aicalldapne2-epse-ondemand-agent-karpenter","EC2 Instance","aws",0,1,0,0,0,3,8,9,5,"730335661456","aws-dev-CommunicationAI - 730335661456","i-05c966527163d9763","ap-northeast-2","AWS Seoul",
"jenkins-share-iptv-relengd-asg","EC2 Instance","aws",0,1,0,0,0,3,217,376,62,"029480618840","aws-share-iptv - 029480618840","i-0997ef69dd94f2820","ap-northeast-2","AWS Seoul",
"sandkins-share-iptv-relengd-asg","EC2 Instance","aws",0,1,0,0,0,9,237,465,41,"029480618840","aws-share-iptv - 029480618840","i-0cce533042829f4ea","ap-northeast-2","AWS Seoul",
"bsdsapne2-pwpx-advisor-default-on-demand-karpenter","EC2 Instance","aws",0,1,0,0,0,2,95,191,16,"767397901718","aws-nsd-dev - 767397901718","i-0da69d23b7d17b689","ap-northeast-2","AWS Seoul",
"node-eks-dev-score-1-x86_64","EC2 Instance","aws",0,1,0,0,0,2,41,59,13,"851725545841","blockchaindev - 851725545841","i-09446482279fa9be2","ap-northeast-2","AWS Seoul",
"node-eks-dev-score-1-x86_64","EC2 Instance","aws",0,1,0,0,0,0,33,50,11,"851725545841","blockchaindev - 851725545841","i-0fd814ab4d22fd455","ap-northeast-2","AWS Seoul",
"acb2bdapne2-kcxn-b2badvisor-default-on-demand-karpenter","EC2 Instance","aws",0,1,0,0,0,2,72,174,15,"932507484725","aws-AICC-bmt - 932507484725","i-00c6481f96265d032","ap-northeast-2","AWS Seoul",
"bsdapne2-omdw-convai-default-on-demand-karpenter","EC2 Instance","aws",0,1,0,0,0,2,95,191,16,"533267185836","aws-nsd-prd - 533267185836","i-0d0d3f17f668ffbe4","ap-northeast-2","AWS Seoul",
"eks-node-qa-hyundai-mvmtv-game","EC2 Instance","aws",0,1,0,0,0,6,96,225,16,"308952250998","aws-stg-mvmtv - 308952250998","i-0ae1ee663c72c68d6","ap-northeast-2","AWS Seoul",
"eks-node-qa-hyundai-mvmtv-game","EC2 Instance","aws",0,1,0,0,0,6,96,225,16,"308952250998","aws-stg-mvmtv - 308952250998","i-017acbcc425765799","ap-northeast-2","AWS Seoul",
"shared-dx-nslookup","EC2 Instance","aws",0,1,0,0,0,15,82,134,30,"793424749058","Network - 793424749058","i-0aed76c0c2ee725d3","ap-northeast-2","AWS Seoul",
"aiugptdapne2-zszw-ondemand-ai-karpenter","EC2 Instance","aws",0,1,0,0,0,3,7,10,5,"590183678280","aws-dev-ugpt - 590183678280","i-09fe943d3a942b05d","ap-northeast-2","AWS Seoul",
"ec2-dev-iptv-dev-cluster-v1_31-karpenter-node","EC2 Instance","aws",0,1,0,0,0,5,166,557,23,"578094293967","aws-dev-iptv - 578094293967","i-0e7e961124268c5c7","ap-northeast-2","AWS Seoul",
"bsdapne2-omdw-convai-g6-on-demand-karpenter","EC2 Instance","aws",0,1,0,0,0,2,98,202,16,"533267185836","aws-nsd-prd - 533267185836","i-03a7eb3c981cf678e","ap-northeast-2","AWS Seoul",
"bsdapne2-omdw-convai-g6-on-demand-karpenter","EC2 Instance","aws",0,1,0,0,0,2,98,202,16,"533267185836","aws-nsd-prd - 533267185836","i-0cd21006d3e0c63e1","ap-northeast-2","AWS Seoul",
"ops-mdzn-ansible","EC2 Instance","aws",0,1,0,0,0,1,37,54,12,"763914732510","clab - 763914732510","i-0d65ec43d2492317a","ap-northeast-2","AWS Seoul",
"ELECTION-삭제예정","EC2 Instance","aws",0,1,0,0,0,1,24,1399,39,"419420945181","aws-stgdev-msghub - 419420945181","i-0d3992653f6ea2184","ap-northeast-2","AWS Seoul",
"ec2-dev-iptv-dev-cluster-v1_31-karpenter-node","EC2 Instance","aws",0,1,0,0,0,5,166,557,23,"578094293967","aws-dev-iptv - 578094293967","i-0119e84f3e13ccead","ap-northeast-2","AWS Seoul",
"ipia_saf-cleand_apnortheast2-v047","EC2 Instance","aws",0,1,0,0,0,4,105,229,19,"854531064573","daxcleand - 854531064573","i-092ca4670353c81d1","ap-northeast-2","AWS Seoul",
"STG-RCS-MaaP-ELK-C","EC2 Instance","aws",0,1,0,0,0,57,613,1191,290,"493710722196","rcs-mapp@lguplus - 493710722196","i-0935f57e88ad34143","ap-northeast-2","AWS Seoul",
"ec2-dev-msg-cbcm-app-01-az2a","EC2 Instance","aws",0,1,0,0,0,14,39,70,20,"149536497649","aws-MMSSMS-DEVMSG - 149536497649","i-08d58caa556b65f95","ap-northeast-2","AWS Seoul",
"ec2-dev-msg-cbca-app-01-az2a","EC2 Instance","aws",0,1,0,0,0,14,39,70,20,"149536497649","aws-MMSSMS-DEVMSG - 149536497649","i-0ad835bde6c1b15d5","ap-northeast-2","AWS Seoul",
"prd-cmp-api-1_31","EC2 Instance","aws",0,1,0,0,0,8,28,37,8,"945142638813","UCMP-Root - 945142638813","i-0a782a9eb4ffcb740","ap-northeast-2","AWS Seoul",
"eks-violet-dev-service-ixisolution-iptv-g5-xlarge-ng","EC2 Instance","aws",0,1,0,0,0,3,64,86,16,"654654486146","aws-dev-violet - 654654486146","i-029239e73ebff1b88","ap-northeast-2","AWS Seoul",
"ec2-devstg-network-jmeter_linux_02-az2c","EC2 Instance","aws",0,1,0,0,0,18,456,781,84,"832627517726","aws-net-iptv - 832627517726","i-04c04c002f33c2972","ap-northeast-2","AWS Seoul",
"ec2-devstg-network-jmeter_linux_08-az2c","EC2 Instance","aws",0,1,0,0,0,21,488,803,88,"832627517726","aws-net-iptv - 832627517726","i-054676dfc0eff25c7","ap-northeast-2","AWS Seoul",
"ec2-devstg-network-jmeter_linux_05-az2a","EC2 Instance","aws",0,1,0,0,0,18,456,781,84,"832627517726","aws-net-iptv - 832627517726","i-0d59ae32e3ce3738c","ap-northeast-2","AWS Seoul",
"ec2-devstg-network-jmeter_linux_01-az2a","EC2 Instance","aws",0,1,0,0,0,18,631,1127,118,"832627517726","aws-net-iptv - 832627517726","i-0f75ef8704e356e2d","ap-northeast-2","AWS Seoul",
"ec2-devstg-network-jmeter_linux_06-az2c","EC2 Instance","aws",0,1,0,0,0,18,456,781,84,"832627517726","aws-net-iptv - 832627517726","i-0805dd8b112df5b08","ap-northeast-2","AWS Seoul",
"ec2-devstg-network-jmeter_linux_04-az2c","EC2 Instance","aws",0,1,0,0,0,18,456,781,84,"832627517726","aws-net-iptv - 832627517726","i-0bfb20808e7d5fcfd","ap-northeast-2","AWS Seoul",
"ec2-devstg-network-jmeter_linux_03-az2a","EC2 Instance","aws",0,1,0,0,0,22,630,1117,104,"832627517726","aws-net-iptv - 832627517726","i-04478696d61201245","ap-northeast-2","AWS Seoul",
"ec2-devstg-network-jmeter_linux_07-az2a","EC2 Instance","aws",0,1,0,0,0,18,456,781,84,"832627517726","aws-net-iptv - 832627517726","i-052df3a017c0e9200","ap-northeast-2","AWS Seoul",
"eks-violet-dev-service-ixisolution-iptv-c7i-xlarge-ng","EC2 Instance","aws",0,1,0,0,0,3,64,86,16,"654654486146","aws-dev-violet - 654654486146","i-0abd1de8d95ec6402","ap-northeast-2","AWS Seoul",
"eks-violet-dev-service-ixisolution-iptv-g5-xlarge-ng","EC2 Instance","aws",0,1,0,0,0,4,71,96,17,"654654486146","aws-dev-violet - 654654486146","i-0c4f8022c1407d807","ap-northeast-2","AWS Seoul",
"ec2-dev-da-ssp-mgmt-az2c","EC2 Instance","aws",0,1,0,0,0,81,549,1461,93,"657930461729","aws-dev-ad001 - 657930461729","i-0da895ec8680a55c4","ap-northeast-2","AWS Seoul",
"ec2-dev-da-ssp-mgmt-az2a","EC2 Instance","aws",0,1,0,0,0,81,549,1473,93,"657930461729","aws-dev-ad001 - 657930461729","i-076fe50f0ea69ce71","ap-northeast-2","AWS Seoul",
"ipia_saf-cleans_apnortheast2-v026","EC2 Instance","aws",0,1,0,0,0,4,105,229,19,"854531064573","daxcleand - 854531064573","i-0fb236a5ee86681a2","ap-northeast-2","AWS Seoul",
"ec2-iptvsif-iptvottprod-aips-prod#2","EC2 Instance","aws",0,0,0,1,0,0,0,0,0,"971216839324","IPTV_OTT_SEARCH_prod - 971216839324","i-0ed7aa4e5288670d0","ap-northeast-2","AWS Seoul",
"ec2-iptvsif-iptvottprod-aips-prod#1","EC2 Instance","aws",0,0,0,1,0,0,0,0,0,"971216839324","IPTV_OTT_SEARCH_prod - 971216839324","i-091b63932c68ac247","ap-northeast-2","AWS Seoul",
"eks-iptvs-iptvottprod-bastion","EC2 Instance","aws",0,1,0,0,0,26,682,1419,181,"971216839324","IPTV_OTT_SEARCH_prod - 971216839324","i-05fda980c6a5c7bb7","ap-northeast-2","AWS Seoul",
"dms-ec2-log","EC2 Instance","aws",0,1,0,0,0,26,146,274,31,"904233097250","aws-stg-dms - 904233097250","i-018e144c74e4a94d0","ap-northeast-2","AWS Seoul",
"[Original] 5. LOG","EC2 Instance","aws",0,1,0,0,0,18,186,491,42,"662917941167","awsprdcache - 662917941167","i-0f0aa1a5f59772b73","ap-northeast-2","AWS Seoul",
"eks-node-dev-hyundai-mvmtv-game","EC2 Instance","aws",0,1,0,0,0,6,96,225,16,"952963836610","aws-dev-mvmtv - 952963836610","i-087892bbd51ad137c","ap-northeast-2","AWS Seoul",
"eks-node-dev-hyundai-mvmtv-game","EC2 Instance","aws",0,1,0,0,0,6,96,225,16,"952963836610","aws-dev-mvmtv - 952963836610","i-0ccda50d4e669d093","ap-northeast-2","AWS Seoul",
"eks-node-dev-hyundai-mvmtv-game","EC2 Instance","aws",0,1,0,0,0,6,96,225,16,"952963836610","aws-dev-mvmtv - 952963836610","i-0c99b624cbee7d53a","ap-northeast-2","AWS Seoul",
"ec2-fo-mydata-batch","EC2 Instance","aws",0,1,0,0,0,0,6,8,4,"237549588228","aws-sec-mydata - 237549588228","i-0ac411fde50b4e3ea","ap-northeast-2","AWS Seoul",
"cleansapne2-jvts-spot-styx-karpenter","EC2 Instance","aws",0,1,0,0,0,2,6,9,5,"854531064573","daxcleand - 854531064573","i-0a1baff6a9c9fc7f2","ap-northeast-2","AWS Seoul",
"opsapne2-hmgj-spot-karpenter","EC2 Instance","aws",0,1,0,0,0,0,33,50,11,"478195486159","dax-ops - 478195486159","i-0fc076a5cdbb05188","ap-northeast-2","AWS Seoul",
"ec2-stg-aibzc-sip-az2a-01","EC2 Instance","aws",0,1,0,0,0,12,201,2613,1415,"637423395933","aws-stg-mvoip070 - 637423395933","i-07c15a90ed4dfb5b4","ap-northeast-2","AWS Seoul",
"ec2-prd-msg-mgmt-az2a","EC2 Instance","aws",0,1,0,0,0,15,84,140,30,"060795941504","aws-MMSSMS-PRDMMS - 060795941504","i-050e87f1d1d3600d3","ap-northeast-2","AWS Seoul",
"ASG-1. Work_Manager","EC2 Instance","aws",0,1,0,0,0,20,198,498,42,"054037110790","ifn-vas-dev - 054037110790","i-002c99f47fbaf885e","ap-northeast-2","AWS Seoul",
"ASG-1. Work_Manager","EC2 Instance","aws",0,1,0,0,0,20,198,498,42,"054037110790","ifn-vas-dev - 054037110790","i-0ae123d814747b18e","ap-northeast-2","AWS Seoul",
"STG-RCS-MAAP-LOGCOLLECTOR-A","EC2 Instance","aws",0,1,0,0,0,94,790,953,182,"493710722196","rcs-mapp@lguplus - 493710722196","i-04c6fab42636b59dd","ap-northeast-2","AWS Seoul",
"ec2-dev-msg-sgwt-app-01-az2a","EC2 Instance","aws",0,1,0,0,0,13,35,58,19,"149536497649","aws-MMSSMS-DEVMSG - 149536497649","i-009929b2b4fb2a84f","ap-northeast-2","AWS Seoul",
"ec2-dev-msg-mgwb-app-01-az2a","EC2 Instance","aws",0,1,0,0,0,14,39,70,20,"149536497649","aws-MMSSMS-DEVMSG - 149536497649","i-0e35ab8fbb01bec48","ap-northeast-2","AWS Seoul",
"ec2-dev-msg-sgwo-app-01-az2a","EC2 Instance","aws",0,1,0,0,0,13,35,58,19,"149536497649","aws-MMSSMS-DEVMSG - 149536497649","i-0c1a76d475de93cc7","ap-northeast-2","AWS Seoul",
"bsdapne2-omdw-advisor-g6e-on-demand-karpenter","EC2 Instance","aws",0,1,0,0,0,2,98,202,16,"533267185836","aws-nsd-prd - 533267185836","i-0b94448956f155188","ap-northeast-2","AWS Seoul",
"ec2-dev-msg-pgwv-app-01-az2a","EC2 Instance","aws",0,1,0,0,0,13,35,58,19,"149536497649","aws-MMSSMS-DEVMSG - 149536497649","i-0b0650a3a268684ff","ap-northeast-2","AWS Seoul",
"ec2-dev-msg-pgww-app-01-az2a","EC2 Instance","aws",0,1,0,0,0,13,35,58,19,"149536497649","aws-MMSSMS-DEVMSG - 149536497649","i-0d4a2080fc001bfbc","ap-northeast-2","AWS Seoul",
"ec2-prd-iptv-shd-cluster-v1_31-karpenter-node","EC2 Instance","aws",0,1,0,0,0,3,93,222,21,"969671253885","aws-prd-iptv - 969671253885","i-07897cfd4d91e5fc8","ap-northeast-2","AWS Seoul",
"ec2-stg-iptv-stg-cluster-v1_31-karpenter-node","EC2 Instance","aws",0,1,0,0,0,5,166,557,23,"833897490146","aws-stg-iptv - 833897490146","i-072b28217e6ad3948","ap-northeast-2","AWS Seoul",
"ec2-poc-1m2m-cse-aza","EC2 Instance","aws",0,1,0,0,0,3,52,79,15,"593793051313","aws-oneM2M-1m2mdev - 593793051313","i-0c335559d08a5bb22","ap-northeast-2","AWS Seoul",
"ec2-poc-1m2m-jmeter-aza","EC2 Instance","aws",0,1,0,0,0,1,45,76,12,"593793051313","aws-oneM2M-1m2mdev - 593793051313","i-05c24ad3db86d14e3","ap-northeast-2","AWS Seoul",
"ec2-poc-1m2m-mef-aza","EC2 Instance","aws",0,1,0,0,0,3,52,79,15,"593793051313","aws-oneM2M-1m2mdev - 593793051313","i-00c9b534acbbde9de","ap-northeast-2","AWS Seoul",
"ec2-dev-msg-demo-app-01-az2a","EC2 Instance","aws",0,1,0,0,0,14,39,70,20,"149536497649","aws-MMSSMS-DEVMSG - 149536497649","i-0929ee7f9f04fc5f3","ap-northeast-2","AWS Seoul",
"ec2-dev-msg-mif","EC2 Instance","aws",0,1,0,0,0,23,62,92,25,"149536497649","aws-MMSSMS-DEVMSG - 149536497649","i-0fd3c02ea846958e6","ap-northeast-2","AWS Seoul",
"aiplatform-dev-mgmt","EC2 Instance","aws",0,1,0,0,0,2,114,336,17,"108740518759","aws-dev-mlops - 108740518759","i-03952fedfa41640f8","ap-northeast-2","AWS Seoul",
"ec2-stg-iptv-stg-cluster-v1_31-karpenter-node","EC2 Instance","aws",0,1,0,0,0,5,166,557,23,"833897490146","aws-stg-iptv - 833897490146","i-0febeb62295515d0d","ap-northeast-2","AWS Seoul",
"eks-node","EC2 Instance","aws",0,1,0,0,0,5,128,439,22,"730335661456","aws-dev-CommunicationAI - 730335661456","i-010585c9836dd264a","ap-northeast-2","AWS Seoul",
"stg-tel-bss-ec2-proxy-solidstep","EC2 Instance","aws",0,1,0,0,0,4,103,66,22,"755362625627","tel-bss-stg - 755362625627","i-02c3ee9214901c8e6","ap-northeast-2","AWS Seoul",
"prd-tel-bss-ec2-proxy-solidstep","EC2 Instance","aws",0,1,0,0,0,3,117,77,22,"437437657957","tel-bss-prd - 437437657957","i-05ed759c40c6bff99","ap-northeast-2","AWS Seoul",
"dev-tel-bss-ec2-proxy-solidstep","EC2 Instance","aws",0,1,0,0,0,3,102,66,22,"030982055456","tel-bss-dev - 030982055456","i-044b45c77382f61e0","ap-northeast-2","AWS Seoul",
"eks-node","EC2 Instance","aws",0,1,0,0,0,5,128,439,22,"590183678280","aws-dev-ugpt - 590183678280","i-0045855612100a7e1","ap-northeast-2","AWS Seoul",
"heimdall-net-iptv-dev-extgw-v086","EC2 Instance","aws",0,1,0,0,0,8,97,1621,85,"832627517726","aws-net-iptv - 832627517726","i-03d19a4aee6eaf91e","ap-northeast-2","AWS Seoul",
"heimdall-net-iptv-stp-extgw-v025","EC2 Instance","aws",0,1,0,0,0,8,97,1621,85,"832627517726","aws-net-iptv - 832627517726","i-02aee85bd3488cd6e","ap-northeast-2","AWS Seoul",
"ec2-stg-iptv-stg-cluster-v1_31-karpenter-node","EC2 Instance","aws",0,1,0,0,0,5,166,557,23,"833897490146","aws-stg-iptv - 833897490146","i-0b902feeda80f8898","ap-northeast-2","AWS Seoul",
"ec2-stg-iptv-stg-cluster-v1_31-karpenter-node","EC2 Instance","aws",0,1,0,0,0,5,166,557,23,"833897490146","aws-stg-iptv - 833897490146","i-0b82394708eb09bc3","ap-northeast-2","AWS Seoul",
"ec2-stg-iptv-stg-cluster-v1_31-karpenter-node","EC2 Instance","aws",0,1,0,0,0,5,166,557,23,"833897490146","aws-stg-iptv - 833897490146","i-0ac38afa0f5628762","ap-northeast-2","AWS Seoul",
"ec2-dev-iptv-dev-cluster-v1_31-karpenter-node","EC2 Instance","aws",0,1,0,0,0,5,166,557,23,"578094293967","aws-dev-iptv - 578094293967","i-03d5ee3e1d3d510f7","ap-northeast-2","AWS Seoul",
"ec2-dev-iptv-stp-cluster-v1_31-karpenter-node","EC2 Instance","aws",0,1,0,0,0,5,166,557,23,"578094293967","aws-dev-iptv - 578094293967","i-06093978502112f03","ap-northeast-2","AWS Seoul",
"ec2-dev-iptv-stp-cluster-v1_31-karpenter-node","EC2 Instance","aws",0,1,0,0,0,5,166,557,23,"578094293967","aws-dev-iptv - 578094293967","i-04a060a6b27ed9f0f","ap-northeast-2","AWS Seoul",
"ec2-dev-iptv-stp-cluster-v1_31-karpenter-node","EC2 Instance","aws",0,1,0,0,0,5,166,557,23,"578094293967","aws-dev-iptv - 578094293967","i-0989cb8d02450840b","ap-northeast-2","AWS Seoul",
"ec2-stg-iptv-stg-cluster-v1_31-karpenter-node","EC2 Instance","aws",0,1,0,0,0,5,166,557,23,"833897490146","aws-stg-iptv - 833897490146","i-0f1bf0d72ab9a708f","ap-northeast-2","AWS Seoul",
"ec2-stg-iptv-stg-cluster-v1_31-karpenter-node","EC2 Instance","aws",0,1,0,0,0,5,166,557,23,"833897490146","aws-stg-iptv - 833897490146","i-01437380f3fe31e59","ap-northeast-2","AWS Seoul",
"ec2-stg-iptv-stg-cluster-v1_31-karpenter-node","EC2 Instance","aws",0,1,0,0,0,5,166,557,23,"833897490146","aws-stg-iptv - 833897490146","i-0fe4880e880b91299","ap-northeast-2","AWS Seoul",
"ec2-stg-iptv-stg-cluster-v1_31-karpenter-node","EC2 Instance","aws",0,1,0,0,0,5,166,557,23,"833897490146","aws-stg-iptv - 833897490146","i-0c9aab14bc89ec40c","ap-northeast-2","AWS Seoul",
"ec2-stg-iptv-stg-cluster-v1_31-karpenter-node","EC2 Instance","aws",0,1,0,0,0,5,166,557,23,"833897490146","aws-stg-iptv - 833897490146","i-0888cb939001b1912","ap-northeast-2","AWS Seoul",
"ec2-stg-iptv-stg-cluster-v1_31-karpenter-node","EC2 Instance","aws",0,1,0,0,0,5,166,557,23,"833897490146","aws-stg-iptv - 833897490146","i-0fed8b1eaf968fedd","ap-northeast-2","AWS Seoul",
"ec2-stg-iptv-stg-cluster-v1_31-karpenter-node","EC2 Instance","aws",0,1,0,0,0,5,166,557,23,"833897490146","aws-stg-iptv - 833897490146","i-0ca0cef73231f89f4","ap-northeast-2","AWS Seoul",
"ec2-stg-iptv-stg-cluster-v1_31-karpenter-node","EC2 Instance","aws",0,1,0,0,0,5,166,557,23,"833897490146","aws-stg-iptv - 833897490146","i-01829e0ecbe73c7eb","ap-northeast-2","AWS Seoul",
"ec2-stg-iptv-stg-cluster-v1_31-karpenter-node","EC2 Instance","aws",0,1,0,0,0,5,166,557,23,"833897490146","aws-stg-iptv - 833897490146","i-02a928510f53c99de","ap-northeast-2","AWS Seoul",
"grootapne2-othl-spot-karpenter","EC2 Instance","aws",0,1,0,0,0,3,62,187,12,"160091772047","UID_DEV - 160091772047","i-022015a262364dd41","ap-northeast-2","AWS Seoul",
"grootapne2-othl-spot-karpenter","EC2 Instance","aws",0,1,0,0,0,3,62,187,12,"160091772047","UID_DEV - 160091772047","i-0560338fd06c0e3aa","ap-northeast-2","AWS Seoul",
"eks-node","EC2 Instance","aws",0,1,0,0,0,5,128,439,22,"590183678280","aws-dev-ugpt - 590183678280","i-0e48f1250200296e8","ap-northeast-2","AWS Seoul",
"eks-node","EC2 Instance","aws",0,1,0,0,0,5,128,439,22,"590183678280","aws-dev-ugpt - 590183678280","i-08edb7979c8f11f82","ap-northeast-2","AWS Seoul",
"eks-node","EC2 Instance","aws",0,1,0,0,0,5,128,439,22,"590184025818","aws-prd-CommunicationAI - 590184025818","i-07b35f984e05f1202","ap-northeast-2","AWS Seoul",
"aiugptsapne2-ngff-ondemand-ai-karpenter","EC2 Instance","aws",0,1,0,0,0,3,9,11,5,"590183678280","aws-dev-ugpt - 590183678280","i-0a34d398e657eab3e","ap-northeast-2","AWS Seoul",
"swlee-dev","EC2 Instance","aws",0,1,0,0,0,6,50,760,64,"590183678280","aws-dev-ugpt - 590183678280","i-012a5abe2d0d3ee5c","ap-northeast-2","AWS Seoul",
"aiugptsapne2-ngff-ondemand-ai-karpenter","EC2 Instance","aws",0,1,0,0,0,3,9,11,5,"590183678280","aws-dev-ugpt - 590183678280","i-0411a278a7d155179","ap-northeast-2","AWS Seoul",
"ec2-dev-iptv-stp-cluster-v1_31-karpenter-node","EC2 Instance","aws",0,1,0,0,0,5,166,557,23,"578094293967","aws-dev-iptv - 578094293967","i-0bfb7fad2f4deae4f","ap-northeast-2","AWS Seoul",
"ec2-dev-msg-bstn","EC2 Instance","aws",0,1,0,0,0,15,81,133,30,"149536497649","aws-MMSSMS-DEVMSG - 149536497649","i-0f699e8681759a0f1","ap-northeast-2","AWS Seoul",
"chewsapne2-fnma-spot-karpenter","EC2 Instance","aws",0,1,0,0,0,0,33,50,11,"798345363128","chewauth.preprod - 798345363128","i-0c450a4e27b4b1177","ap-northeast-2","AWS Seoul",
"ec2-stg-iptv-stg-cluster-v1_31-karpenter-node","EC2 Instance","aws",0,1,0,0,0,5,166,557,23,"833897490146","aws-stg-iptv - 833897490146","i-027d947ffbc8471e9","ap-northeast-2","AWS Seoul",
"cleanapne2-grjz-ondemand-styx-karpenter","EC2 Instance","aws",0,1,0,0,0,3,62,187,12,"413372654015","daxclean - 413372654015","i-061515d72e823ea3d","ap-northeast-2","AWS Seoul",
"cleanapne2-grjz-ondemand-styx-karpenter","EC2 Instance","aws",0,1,0,0,0,3,62,187,12,"413372654015","daxclean - 413372654015","i-0dd990662fcfb8d0f","ap-northeast-2","AWS Seoul",
"DEV-Bastion","EC2 Instance","aws",0,1,0,0,0,1,125,416,31,"730335661456","aws-dev-CommunicationAI - 730335661456","i-0538500bd9a1beab0","ap-northeast-2","AWS Seoul",
"chewsapne2-fnma-spot-karpenter","EC2 Instance","aws",0,1,0,0,0,0,33,50,11,"798345363128","chewauth.preprod - 798345363128","i-05ac18087fb8a5843","ap-northeast-2","AWS Seoul",
"aiugpts_djkim","EC2 Instance","aws",0,1,0,0,0,2,32,1628,50,"590183678280","aws-dev-ugpt - 590183678280","i-0ffd16ba554a8328a","ap-northeast-2","AWS Seoul",
"ec2-prd-cas-pri-bst","EC2 Instance","aws",0,1,0,0,0,13,39,88,22,"145023102785","aws-CAS-casprd - 145023102785","i-010e6945c0574292d","ap-northeast-2","AWS Seoul",
"ec2-prd-cas-bst","EC2 Instance","aws",0,1,0,0,0,13,40,90,22,"145023102785","aws-CAS-casprd - 145023102785","i-0a4e8808693edc7e6","ap-northeast-2","AWS Seoul",
"kafka-ansible-discovery-172","EC2 Instance","aws",0,1,0,0,0,1,134,442,27,"123730156562","AWS_SVC_NUPF_SDEV - 123730156562","i-0277b68591f64dd11","ap-northeast-2","AWS Seoul",
"llm_server","EC2 Instance","aws",0,1,0,0,0,0,31,45,11,"654654409751","cisozone - 654654409751","i-074c3fde3d59bb00f","ap-northeast-2","AWS Seoul",
"ec2-az2a-luiot-dev2-hbase6","EC2 Instance","aws",0,1,0,0,0,18,518,919,475,"011143606116","svcalliance1 - 011143606116","i-05460ca3524528cdc","ap-northeast-2","AWS Seoul",
"ec2-az2a-luiot-dev2-hbase7","EC2 Instance","aws",0,1,0,0,0,18,518,919,475,"011143606116","svcalliance1 - 011143606116","i-09e4e9409b301217f","ap-northeast-2","AWS Seoul",
"ec2-az2a-luiot-dev2-hbase4","EC2 Instance","aws",0,1,0,0,0,18,518,919,475,"011143606116","svcalliance1 - 011143606116","i-0bfb81d85a791c691","ap-northeast-2","AWS Seoul",
"ec2-az2a-luiot-dev2-hbase5","EC2 Instance","aws",0,1,0,0,0,18,518,919,475,"011143606116","svcalliance1 - 011143606116","i-0aae700012773a1fa","ap-northeast-2","AWS Seoul",
"ec2-az2c-luiot-dev2-hbase1","EC2 Instance","aws",0,1,0,0,0,94,520,1047,651,"011143606116","svcalliance1 - 011143606116","i-05cbb71156d73a442","ap-northeast-2","AWS Seoul",
"ec2-az2c-luiot-dev2-hbase3","EC2 Instance","aws",0,1,0,0,0,50,551,982,564,"011143606116","svcalliance1 - 011143606116","i-0b2aac52ae403b6ee","ap-northeast-2","AWS Seoul",
"ec2-az2c-luiot-dev2-hbase2","EC2 Instance","aws",0,1,0,0,0,76,457,857,536,"011143606116","svcalliance1 - 011143606116","i-0de2c43186f818332","ap-northeast-2","AWS Seoul",
"ec2-az2c-luiot-dev2-es1","EC2 Instance","aws",0,1,0,0,0,12,296,686,411,"011143606116","svcalliance1 - 011143606116","i-0ba97708f794e7b3d","ap-northeast-2","AWS Seoul",
"ec2-az2c-luiot-dev2-rocketmq2","EC2 Instance","aws",0,1,0,0,0,18,309,707,411,"011143606116","svcalliance1 - 011143606116","i-0d2bcb0d779572744","ap-northeast-2","AWS Seoul",
"ec2-az2c-luiot-dev2-skywalking","EC2 Instance","aws",0,1,0,0,0,19,299,723,424,"011143606116","svcalliance1 - 011143606116","i-00239ce109e1f0549","ap-northeast-2","AWS Seoul",
"ec2-az2c-luiot-dev2-rocketmq3","EC2 Instance","aws",0,1,0,0,0,17,299,701,411,"011143606116","svcalliance1 - 011143606116","i-0a28c56862a315717","ap-northeast-2","AWS Seoul",
"ec2-az2c-luiot-dev2-rocketmq1","EC2 Instance","aws",0,1,0,0,0,19,310,712,411,"011143606116","svcalliance1 - 011143606116","i-08264a2375e9bc037","ap-northeast-2","AWS Seoul",
"ec2-az2c-luiot-dev2-apollos","EC2 Instance","aws",0,1,0,0,0,58,436,812,424,"011143606116","svcalliance1 - 011143606116","i-0df489fd7596dd624","ap-northeast-2","AWS Seoul",
"ec2-az2c-luiot-dev2-es3","EC2 Instance","aws",0,1,0,0,0,12,265,677,406,"011143606116","svcalliance1 - 011143606116","i-03876dc496074fa3a","ap-northeast-2","AWS Seoul",
"ec2-az2c-luiot-dev2-es2","EC2 Instance","aws",0,1,0,0,0,12,265,677,406,"011143606116","svcalliance1 - 011143606116","i-0eba283fb669da014","ap-northeast-2","AWS Seoul",
"ec2-az2c-luiot-dev2-push","EC2 Instance","aws",0,1,0,0,0,12,265,677,406,"011143606116","svcalliance1 - 011143606116","i-016a510d06e8f36ad","ap-northeast-2","AWS Seoul",
"ec2-az2c-luiot-dev2-gateway","EC2 Instance","aws",0,1,0,0,0,12,265,677,427,"011143606116","svcalliance1 - 011143606116","i-016fbe52ed422d1ec","ap-northeast-2","AWS Seoul",
"ec2-az2c-luiot-dev2-uplusadmin","EC2 Instance","aws",0,1,0,0,0,12,265,677,406,"011143606116","svcalliance1 - 011143606116","i-0288b6dd0eefd840d","ap-northeast-2","AWS Seoul",
"ec2-az2c-luiot-dev2-oss","EC2 Instance","aws",0,1,0,0,0,12,265,677,406,"011143606116","svcalliance1 - 011143606116","i-075f4dc527075030b","ap-northeast-2","AWS Seoul",
"ec2-az2c-luiot-dev2-leisi","EC2 Instance","aws",0,1,0,0,0,15,278,688,406,"011143606116","svcalliance1 - 011143606116","i-020013717b2598e4a","ap-northeast-2","AWS Seoul",
"ec2-az2c-luiot-dev2-board","EC2 Instance","aws",0,1,0,0,0,12,265,677,406,"011143606116","svcalliance1 - 011143606116","i-082c894be80222c50","ap-northeast-2","AWS Seoul",
"ec2-az2c-luiot-dev2-device","EC2 Instance","aws",0,1,0,0,0,12,265,677,406,"011143606116","svcalliance1 - 011143606116","i-064f0214fe5316801","ap-northeast-2","AWS Seoul",
"ec2-az2c-luiot-dev2-devex","EC2 Instance","aws",0,1,0,0,0,12,265,677,406,"011143606116","svcalliance1 - 011143606116","i-057777ceb1e2f25c7","ap-northeast-2","AWS Seoul",
"ec2-az2c-luiot-dev2-uplusmnger","EC2 Instance","aws",0,1,0,0,0,12,265,677,407,"011143606116","svcalliance1 - 011143606116","i-0e5d3a3242ff95e31","ap-northeast-2","AWS Seoul",
"ec2-az2c-luiot-dev2-user","EC2 Instance","aws",0,1,0,0,0,12,265,677,406,"011143606116","svcalliance1 - 011143606116","i-001b73d459e3dc7d6","ap-northeast-2","AWS Seoul",
"ec2-az2c-luiot-dev2-logcollect","EC2 Instance","aws",0,1,0,0,0,10,254,666,406,"011143606116","svcalliance1 - 011143606116","i-090b2318c36187a6e","ap-northeast-2","AWS Seoul",
"ec2-az2c-luiot-dev2-manager","EC2 Instance","aws",0,1,0,0,0,12,265,677,406,"011143606116","svcalliance1 - 011143606116","i-0792040183e9d18ff","ap-northeast-2","AWS Seoul",
"ec2-az2c-luiot-dev2-hetu","EC2 Instance","aws",0,1,0,0,0,12,265,677,406,"011143606116","svcalliance1 - 011143606116","i-0d33301ed2a3dd3fa","ap-northeast-2","AWS Seoul",
"ec2-az2a-luiot-dev2-sms","EC2 Instance","aws",0,1,0,0,0,12,266,677,406,"011143606116","svcalliance1 - 011143606116","i-032152aa6fe50456c","ap-northeast-2","AWS Seoul",
"ec2-az2c-luiot-dev2-registsvr","EC2 Instance","aws",0,1,0,0,0,12,265,677,406,"011143606116","svcalliance1 - 011143606116","i-0be50a9151c504a1c","ap-northeast-2","AWS Seoul",
"ec2-az2c-luiot-dev2-jumper","EC2 Instance","aws",0,1,0,0,0,15,344,863,578,"011143606116","svcalliance1 - 011143606116","i-0b86d7d250abd265d","ap-northeast-2","AWS Seoul",
"ec2-az2c-luiot-dev2-ifttt","EC2 Instance","aws",0,1,0,0,0,12,266,677,406,"011143606116","svcalliance1 - 011143606116","i-0384bd91d11f9bd57","ap-northeast-2","AWS Seoul",
"ec2-az2c-luiot-dev2-ota","EC2 Instance","aws",0,1,0,0,0,12,265,677,406,"011143606116","svcalliance1 - 011143606116","i-035c1f7a2da21b095","ap-northeast-2","AWS Seoul",
"ec2-az2c-luiot-dev2-datasource","EC2 Instance","aws",0,1,0,0,0,15,278,688,406,"011143606116","svcalliance1 - 011143606116","i-0c7f9ac02b05abd68","ap-northeast-2","AWS Seoul",
"ec2-az2c-luiot-dev2-xxljob","EC2 Instance","aws",0,1,0,0,0,12,265,677,407,"011143606116","svcalliance1 - 011143606116","i-08e18b83d69705948","ap-northeast-2","AWS Seoul",
"ec2-az2c-luiot-dev2-nginx","EC2 Instance","aws",0,1,0,0,0,11,263,643,475,"011143606116","svcalliance1 - 011143606116","i-04ef58b8142f4a66c","ap-northeast-2","AWS Seoul",
"omdn-oracle","EC2 Instance","aws",0,1,0,0,0,0,36,642,896,"763914732510","clab - 763914732510","i-04f33645752b13a94","ap-northeast-2","AWS Seoul",
"omdn-maria","EC2 Instance","aws",0,1,0,0,0,1,38,681,904,"763914732510","clab - 763914732510","i-0c68b89612904a079","ap-northeast-2","AWS Seoul",
"omdn-altibase","EC2 Instance","aws",0,1,0,0,0,0,36,641,893,"763914732510","clab - 763914732510","i-0a15440a8db224a05","ap-northeast-2","AWS Seoul",
"aws-cloud9-test-ba72aee8289447d18b1445e71d7087a1","EC2 Instance","aws",0,1,0,0,0,1,66,97,18,"763914732510","clab - 763914732510","i-0e3e73840695badc6","ap-northeast-2","AWS Seoul",
"acb2bdapne2-kcxn-b2badvisor-default-on-demand-karpenter","EC2 Instance","aws",0,1,0,0,0,2,72,174,15,"932507484725","aws-AICC-bmt - 932507484725","i-0674e55c182a706a1","ap-northeast-2","AWS Seoul",
"acb2bdapne2-kcxn-b2badvisor-default-on-demand-karpenter","EC2 Instance","aws",0,1,0,0,0,2,72,174,15,"932507484725","aws-AICC-bmt - 932507484725","i-0f096ea1e9ddf1d78","ap-northeast-2","AWS Seoul",
"airflow","EC2 Instance","aws",0,1,0,0,0,3,8,688,30,"549518468778","Secure-zone - 549518468778","i-0e30fe24c28bc09cb","ap-northeast-2","AWS Seoul",
"i-08dcd721405ca68ec","EC2 Instance","aws",0,1,0,0,0,3,49,77,12,"549518468778","Secure-zone - 549518468778","i-08dcd721405ca68ec","ap-northeast-2","AWS Seoul",
"lgu-vault-instance","EC2 Instance","aws",0,1,0,0,0,1,64,186,12,"549518468778","Secure-zone - 549518468778","i-002b9ae0c54602ed8","ap-northeast-2","AWS Seoul",
"lgu-vault-instance","EC2 Instance","aws",0,1,0,0,0,1,64,186,12,"549518468778","Secure-zone - 549518468778","i-00752f8aa28f5cd53","ap-northeast-2","AWS Seoul",
"lgu-vault-instance","EC2 Instance","aws",0,1,0,0,0,1,64,186,12,"549518468778","Secure-zone - 549518468778","i-0f07472dbce5fc817","ap-northeast-2","AWS Seoul",
"aiugptdapne2-zszw-ondemand-ai-karpenter","EC2 Instance","aws",0,1,0,0,0,3,9,11,5,"590183678280","aws-dev-ugpt - 590183678280","i-06a83ad00242d5657","ap-northeast-2","AWS Seoul",
"ymkim-dev","EC2 Instance","aws",0,1,0,0,0,4,74,1500,79,"590183678280","aws-dev-ugpt - 590183678280","i-0ce5365cd62b557a2","ap-northeast-2","AWS Seoul",
"jwyang-dev","EC2 Instance","aws",0,1,0,0,0,3,21,701,37,"590183678280","aws-dev-ugpt - 590183678280","i-0c76f675d05c73b95","ap-northeast-2","AWS Seoul",
"chewapne2-mgok-spot-karpenter","EC2 Instance","aws",0,1,0,0,0,0,33,50,11,"088329133184","chewauth.prod - 088329133184","i-0766bfe9dabac0a5a","ap-northeast-2","AWS Seoul",
"eks-node","EC2 Instance","aws",0,1,0,0,0,5,128,439,22,"590183678280","aws-dev-ugpt - 590183678280","i-0be67da9f07c5bae2","ap-northeast-2","AWS Seoul",
"eks-node","EC2 Instance","aws",0,1,0,0,0,5,128,439,22,"590183678280","aws-dev-ugpt - 590183678280","i-06117de3d112d0737","ap-northeast-2","AWS Seoul",
"cleanapne2-grjz-ondemand-members-karpenter","EC2 Instance","aws",0,1,0,0,0,3,62,187,12,"413372654015","daxclean - 413372654015","i-0ab2d63dbcb0c90ac","ap-northeast-2","AWS Seoul",
"application-nodegroup-pc-prod-prod-eks","EC2 Instance","aws",0,1,0,0,0,17,269,813,70,"360600168182","AWS_PROD_NUPD2 - 360600168182","i-02ea8f8795b2b59a4","ap-northeast-2","AWS Seoul",
"infra-nodegroup-pc-prod-prod-eks","EC2 Instance","aws",0,1,0,0,0,10,248,764,60,"360600168182","AWS_PROD_NUPD2 - 360600168182","i-0aa72c7935f017696","ap-northeast-2","AWS Seoul",
"application-nodegroup-pc-prod-prod-eks","EC2 Instance","aws",0,1,0,0,0,15,262,782,64,"360600168182","AWS_PROD_NUPD2 - 360600168182","i-0b3fb0699768d83e9","ap-northeast-2","AWS Seoul",
"application-nodegroup-pc-prod-prod-eks","EC2 Instance","aws",0,1,0,0,0,16,264,795,64,"360600168182","AWS_PROD_NUPD2 - 360600168182","i-04c1fdd54c41ebe61","ap-northeast-2","AWS Seoul",
"PRD-ADVMSG-EKS-WAVE","EC2 Instance","aws",0,1,0,0,0,3,107,323,18,"665685114396","aws-prd-msghub - 665685114396","i-0bb83ac715976e926","ap-northeast-2","AWS Seoul",
"PRD-ADVMSG-EKS-WAVE","EC2 Instance","aws",0,1,0,0,0,3,107,323,18,"665685114396","aws-prd-msghub - 665685114396","i-0cd2112f6dd1eabc4","ap-northeast-2","AWS Seoul",
"cleanapne2-grjz-ondemand-styx-karpenter","EC2 Instance","aws",0,1,0,0,0,3,62,187,12,"413372654015","daxclean - 413372654015","i-01e4d87da914624c1","ap-northeast-2","AWS Seoul",
"cleanapne2-grjz-ondemand-styx-karpenter","EC2 Instance","aws",0,1,0,0,0,3,62,187,12,"413372654015","daxclean - 413372654015","i-0caf81cfebe7409b5","ap-northeast-2","AWS Seoul",
"cleanapne2-grjz-ondemand-styx-karpenter","EC2 Instance","aws",0,1,0,0,0,3,62,187,12,"413372654015","daxclean - 413372654015","i-0498d3cee5853ec8a","ap-northeast-2","AWS Seoul",
"ec2-prd-iptv-shd-whatap-yard-az2a","EC2 Instance","aws",0,1,0,0,0,17,608,1229,224,"969671253885","aws-prd-iptv - 969671253885","i-0b019660ff22f5466","ap-northeast-2","AWS Seoul",
"ec2-prd-iptv-prd-whatap-yard-az2a","EC2 Instance","aws",0,1,0,0,0,17,608,1229,224,"969671253885","aws-prd-iptv - 969671253885","i-09de002ca22fd9772","ap-northeast-2","AWS Seoul",
"ec2-prd-iptv-prd-whatap-proxy-az2a","EC2 Instance","aws",0,1,0,0,0,144,1039,1450,244,"969671253885","aws-prd-iptv - 969671253885","i-04f45157528e2c820","ap-northeast-2","AWS Seoul",
"ec2-prd-iptv-prd-whatap-dpm-01-az2a","EC2 Instance","aws",0,1,0,0,0,60,896,1629,247,"969671253885","aws-prd-iptv - 969671253885","i-0993d4cf87a734d46","ap-northeast-2","AWS Seoul",
"ec2-prd-iptv-shd-whatap-proxy-az2a","EC2 Instance","aws",0,1,0,0,0,143,1035,1444,244,"969671253885","aws-prd-iptv - 969671253885","i-0e447474ffbecdea8","ap-northeast-2","AWS Seoul",
"ec2-prd-iptv-prd-whatap-dpm-02-az2a","EC2 Instance","aws",0,1,0,0,0,50,835,1570,238,"969671253885","aws-prd-iptv - 969671253885","i-005cdcb380303d005","ap-northeast-2","AWS Seoul",
"ec2-prd-iptv-shd-whatap-dpm-01-az2a","EC2 Instance","aws",0,1,0,0,0,50,835,1570,238,"969671253885","aws-prd-iptv - 969671253885","i-00439ec64ccce0c39","ap-northeast-2","AWS Seoul",
"cleanapne2-grjz-ondemand-styx-karpenter","EC2 Instance","aws",0,1,0,0,0,3,62,187,12,"413372654015","daxclean - 413372654015","i-025f9bb39738c715e","ap-northeast-2","AWS Seoul",
"ec2-share-iptv-prd-whatap-front-az2a","EC2 Instance","aws",0,1,0,0,0,133,969,1450,248,"029480618840","aws-share-iptv - 029480618840","i-0a7f885c70feba823","ap-northeast-2","AWS Seoul",
"ec2-share-iptv-prd-whatap-noti-az2a","EC2 Instance","aws",0,1,0,0,0,37,718,1276,226,"029480618840","aws-share-iptv - 029480618840","i-06597115324e1b41b","ap-northeast-2","AWS Seoul",
"ec2-az01-qa-nai-coif-wst1","EC2 Instance","aws",0,1,0,0,0,39,1105,1315,305,"429751601463","LG U Plus DEV - 429751601463","i-070bed493e2e38406","ap-northeast-2","AWS Seoul",
"ec2-az01-qa-nai-aisv-wst1","EC2 Instance","aws",0,1,0,0,0,146,1284,1469,328,"429751601463","LG U Plus DEV - 429751601463","i-0a51448021c24c676","ap-northeast-2","AWS Seoul",
"ec2-az02-qa-nai-aisv-wst1","EC2 Instance","aws",0,1,0,0,0,112,1219,1413,323,"429751601463","LG U Plus DEV - 429751601463","i-082ebc0eef922d9d8","ap-northeast-2","AWS Seoul",
"ec2-az02-qa-nai-frms-wst1","EC2 Instance","aws",0,1,0,0,0,80,962,1179,290,"429751601463","LG U Plus DEV - 429751601463","i-0930087b9efe8e373","ap-northeast-2","AWS Seoul",
"ec2-az02-qa-nai-homeiot-wst1","EC2 Instance","aws",0,1,0,0,0,30,1052,1209,265,"429751601463","LG U Plus DEV - 429751601463","i-0245c43614f4d8628","ap-northeast-2","AWS Seoul",
"ec2-az02-qa-nai-mgmt-wst1","EC2 Instance","aws",0,1,0,0,0,251,1325,1499,321,"429751601463","LG U Plus DEV - 429751601463","i-015679617fc39d62e","ap-northeast-2","AWS Seoul",
"ec2-az01-qa-nai-cfcauth-wst1","EC2 Instance","aws",0,1,0,0,0,104,1235,1393,315,"429751601463","LG U Plus DEV - 429751601463","i-032561a9fed17e6a3","ap-northeast-2","AWS Seoul",
"ec2-az02-qa-nai-cfcauth-wst1","EC2 Instance","aws",0,1,0,0,0,113,1277,1427,321,"429751601463","LG U Plus DEV - 429751601463","i-0af26407fdeb73a6e","ap-northeast-2","AWS Seoul",
"ec2-az02-qa-nai-dlog-wst1","EC2 Instance","aws",0,1,0,0,0,32,1056,1282,300,"429751601463","LG U Plus DEV - 429751601463","i-0ef4ba7918635184a","ap-northeast-2","AWS Seoul",
"ec2-az02-qa-unbound-app1","EC2 Instance","aws",0,1,0,0,0,7,79,34,9,"429751601463","LG U Plus DEV - 429751601463","i-08ac055752526bc96","ap-northeast-2","AWS Seoul",
"ec2-az02-qa-nai-redis2","EC2 Instance","aws",0,1,0,0,0,34,1082,1310,304,"429751601463","LG U Plus DEV - 429751601463","i-0b77282073828163d","ap-northeast-2","AWS Seoul",
"ec2-az01-qa-nai-redis1","EC2 Instance","aws",0,1,0,0,0,34,1082,1309,304,"429751601463","LG U Plus DEV - 429751601463","i-0ec1a421f9da3d857","ap-northeast-2","AWS Seoul",
"ec2-az01-qa-gai-rs-wst1","EC2 Instance","aws",0,1,0,0,0,17,773,911,192,"429751601463","LG U Plus DEV - 429751601463","i-0c854552cbe77e14e","ap-northeast-2","AWS Seoul",
"ec2-az01-qa-unbound-app1","EC2 Instance","aws",0,1,0,0,0,7,488,459,75,"429751601463","LG U Plus DEV - 429751601463","i-08287b7bd24eae39f","ap-northeast-2","AWS Seoul",
"ec2-az02-qa-gai-rs-wst1","EC2 Instance","aws",0,1,0,0,0,17,772,912,192,"429751601463","LG U Plus DEV - 429751601463","i-0f134024340d5aa75","ap-northeast-2","AWS Seoul",
"ec2-az01-qa-nai-mgmt-wst1","EC2 Instance","aws",0,1,0,0,0,230,1250,1458,316,"429751601463","LG U Plus DEV - 429751601463","i-05c6decfe4f6d355b","ap-northeast-2","AWS Seoul",
"ec2-az02-qa-nai-redis1","EC2 Instance","aws",0,1,0,0,0,34,1082,1310,304,"429751601463","LG U Plus DEV - 429751601463","i-0ed39a4c88e302b87","ap-northeast-2","AWS Seoul",
"ec2-az01-qa-gai-gfc-wst1","EC2 Instance","aws",0,1,0,0,0,237,1403,1619,310,"429751601463","LG U Plus DEV - 429751601463","i-0d76e91b46b3d473c","ap-northeast-2","AWS Seoul",
"ec2-az01-qa-acms-wst1","EC2 Instance","aws",0,1,0,0,0,85,955,1166,278,"429751601463","LG U Plus DEV - 429751601463","i-0bd36afd912a4b76a","ap-northeast-2","AWS Seoul",
"ec2-az01-qa-nai-frms-wst1","EC2 Instance","aws",0,1,0,0,0,110,1220,1399,321,"429751601463","LG U Plus DEV - 429751601463","i-0d3149c328dbf02ea","ap-northeast-2","AWS Seoul",
"ec2-az01-qa-nai-dlog-wst1","EC2 Instance","aws",0,1,0,0,0,83,1173,1366,308,"429751601463","LG U Plus DEV - 429751601463","i-0907bc2de4951c03a","ap-northeast-2","AWS Seoul",
"ec2-az01-qa-nai-homeiot-wst1","EC2 Instance","aws",0,1,0,0,0,60,1175,1348,309,"429751601463","LG U Plus DEV - 429751601463","i-07ac69b5b5f9fc056","ap-northeast-2","AWS Seoul",
"ec2-az02-qa-nai-coif-wst1","EC2 Instance","aws",0,1,0,0,0,39,1105,1316,305,"429751601463","LG U Plus DEV - 429751601463","i-0ae06542b6e8e794f","ap-northeast-2","AWS Seoul",
"ec2-az02-qa-gai-gfc-wst1","EC2 Instance","aws",0,1,0,0,0,43,1084,1193,257,"429751601463","LG U Plus DEV - 429751601463","i-0083f20162c94b950","ap-northeast-2","AWS Seoul",
"ec2-az02-qa-acms-wst1","EC2 Instance","aws",0,1,0,0,0,41,872,1103,274,"429751601463","LG U Plus DEV - 429751601463","i-0684477af7efaf1f1","ap-northeast-2","AWS Seoul",
"eks-node-qa-uplustvmoa","EC2 Instance","aws",0,1,0,0,0,9,172,532,31,"222604853132","aws-qa-uplustvmoa - 222604853132","i-008c9378271779a14","ap-northeast-2","AWS Seoul",
"win-temp","EC2 Instance","aws",0,1,0,0,0,0,83,35,0,"292684119330","ifn-com-network - 292684119330","i-03a7b0a1f33318617","ap-northeast-2","AWS Seoul",
"aiugptd_djkim","EC2 Instance","aws",0,1,0,0,0,2,14,697,37,"590183678280","aws-dev-ugpt - 590183678280","i-09d42b45ae5ca2c93","ap-northeast-2","AWS Seoul",
"PRD-SPAM-EKS-EC2","EC2 Instance","aws",0,1,0,0,0,5,110,347,22,"665685114396","aws-prd-msghub - 665685114396","i-004ea6739c9b8db03","ap-northeast-2","AWS Seoul",
"PRD-SPAM-EKS-EC2","EC2 Instance","aws",0,1,0,0,0,3,107,323,18,"665685114396","aws-prd-msghub - 665685114396","i-07dc9d37cd42f5818","ap-northeast-2","AWS Seoul",
"PRD-ADVMSG-EKS-BARCODE","EC2 Instance","aws",0,1,0,0,0,3,107,323,18,"665685114396","aws-prd-msghub - 665685114396","i-0472f16687f4f6866","ap-northeast-2","AWS Seoul",
"PRD-ADVMSG-EKS-BARCODE","EC2 Instance","aws",0,1,0,0,0,3,107,323,18,"665685114396","aws-prd-msghub - 665685114396","i-099abbb49d646f687","ap-northeast-2","AWS Seoul",
"ec2-prod-mhez","EC2 Instance","aws",0,1,0,0,0,3,106,320,18,"714472269588","aws-prd-msghubez - 714472269588","i-03794ace0f7c6dd45","ap-northeast-2","AWS Seoul",
"ec2-prod-mhez","EC2 Instance","aws",0,1,0,0,0,3,106,320,18,"714472269588","aws-prd-msghubez - 714472269588","i-035a7a6fb9af6d997","ap-northeast-2","AWS Seoul",
"ec2-prod-mhez","EC2 Instance","aws",0,1,0,0,0,6,119,348,22,"714472269588","aws-prd-msghubez - 714472269588","i-089a67f22aa7e00d3","ap-northeast-2","AWS Seoul",
"aicallapne2-ngnx-ondemand-agent-karpenter","EC2 Instance","aws",0,1,0,0,0,3,10,10,5,"590184025818","aws-prd-CommunicationAI - 590184025818","i-05e44c9cb522f4aa5","ap-northeast-2","AWS Seoul",
"aicallapne2-ngnx-ondemand-agent-karpenter","EC2 Instance","aws",0,1,0,0,0,3,10,10,5,"590184025818","aws-prd-CommunicationAI - 590184025818","i-045e16824f12f04f5","ap-northeast-2","AWS Seoul",
"aicallapne2-ngnx-ondemand-agent-karpenter","EC2 Instance","aws",0,1,0,0,0,3,10,10,5,"590184025818","aws-prd-CommunicationAI - 590184025818","i-0ddbae975459bd0fb","ap-northeast-2","AWS Seoul",
"aicallsapne2-fioj-ondemand-agent-karpenter","EC2 Instance","aws",0,1,0,0,0,3,10,10,5,"730335661456","aws-dev-CommunicationAI - 730335661456","i-049afe1f03013eec3","ap-northeast-2","AWS Seoul",
"redis_keycloak","EC2 Instance","aws",0,1,0,0,0,16,102,136,25,"932507484725","aws-AICC-bmt - 932507484725","i-0277d34848d67adb2","ap-northeast-2","AWS Seoul",
"aicallsapne2-fioj-ondemand-agent-karpenter","EC2 Instance","aws",0,1,0,0,0,3,10,10,5,"730335661456","aws-dev-CommunicationAI - 730335661456","i-0830d9ae86bffcbde","ap-northeast-2","AWS Seoul",
"aicallapne2-ngnx-ondemand-agent-karpenter","EC2 Instance","aws",0,1,0,0,0,3,10,10,5,"590184025818","aws-prd-CommunicationAI - 590184025818","i-0972b04f9899f4c6c","ap-northeast-2","AWS Seoul",
"aicallapne2-ngnx-ondemand-agent-karpenter","EC2 Instance","aws",0,1,0,0,0,3,10,10,5,"590184025818","aws-prd-CommunicationAI - 590184025818","i-071f3735ee43bd4f0","ap-northeast-2","AWS Seoul",
"ec2-prd-iptv-shd-addon-ngblue-v1_31","EC2 Instance","aws",0,1,0,0,0,6,101,236,23,"969671253885","aws-prd-iptv - 969671253885","i-0d0630daecdafb634","ap-northeast-2","AWS Seoul",
"ec2-prd-iptv-shd-addon-ngblue-v1_31","EC2 Instance","aws",0,1,0,0,0,6,101,236,23,"969671253885","aws-prd-iptv - 969671253885","i-080c9418a2b6e9c87","ap-northeast-2","AWS Seoul",
"ec2-prd-iptv-prd-addon-ngblue-v1_31","EC2 Instance","aws",0,1,0,0,0,6,101,236,23,"969671253885","aws-prd-iptv - 969671253885","i-0ae2909caaa19a1cf","ap-northeast-2","AWS Seoul",
"ec2-prd-iptv-prd-addon-ngblue-v1_31","EC2 Instance","aws",0,1,0,0,0,6,101,236,23,"969671253885","aws-prd-iptv - 969671253885","i-011d5941dfd3fccd3","ap-northeast-2","AWS Seoul",
"cleanapne2-grjz-ondemand-styx-karpenter","EC2 Instance","aws",0,1,0,0,0,3,62,187,12,"413372654015","daxclean - 413372654015","i-053147faf410605e1","ap-northeast-2","AWS Seoul",
"ec2-dev-fleet-mgmt-system-ufms-test-automation","EC2 Instance","aws",0,1,0,0,0,3,10,9,1,"595459082527","fms_dev - 595459082527","i-03c41a26b2e4665b4","ap-northeast-2","AWS Seoul",
"202504-qc","EC2 Instance","aws",0,1,0,0,0,1,19,1373,39,"590183678280","aws-dev-ugpt - 590183678280","i-03c3f2f0a3ebeba30","ap-northeast-2","AWS Seoul",
"ec2-test-automation","EC2 Instance","aws",0,1,0,0,0,1,2,3,1,"595459082527","fms_dev - 595459082527","i-0ef3205783ee673a0","ap-northeast-2","AWS Seoul",
"aicalldapne2-epse-ondemand-agent-karpenter","EC2 Instance","aws",0,1,0,0,0,3,10,10,5,"730335661456","aws-dev-CommunicationAI - 730335661456","i-035f4317d3f1cccdf","ap-northeast-2","AWS Seoul",
"cleanapne2-grjz-ondemand-styx-karpenter","EC2 Instance","aws",0,1,0,0,0,3,62,187,12,"413372654015","daxclean - 413372654015","i-048da01599a7ab2e3","ap-northeast-2","AWS Seoul",
"cleanapne2-grjz-ondemand-styx-karpenter","EC2 Instance","aws",0,1,0,0,0,3,62,187,12,"413372654015","daxclean - 413372654015","i-07b006d8750928e66","ap-northeast-2","AWS Seoul",
"ec2-prod-uplus-sporki-3-config","EC2 Instance","aws",0,1,0,0,0,27,729,2091,87,"274096849112","sporki_live - 274096849112","i-0b6a335ad121386cd","ap-northeast-2","AWS Seoul",
"ec2-qa-robotcp-bastion-az2a","EC2 Instance","aws",0,1,0,0,0,19,148,416,42,"245115655228","aws-stg-robot - 245115655228","i-068659a8841dbdbb0","ap-northeast-2","AWS Seoul",
"cleanapne2-grjz-ondemand-styx-karpenter","EC2 Instance","aws",0,1,0,0,0,3,62,187,12,"413372654015","daxclean - 413372654015","i-01d23c21cbd133a44","ap-northeast-2","AWS Seoul",
"aicallapne2-ngnx-ondemand-agent-karpenter","EC2 Instance","aws",0,1,0,0,0,3,10,10,5,"590184025818","aws-prd-CommunicationAI - 590184025818","i-0966d50e9550cbd5a","ap-northeast-2","AWS Seoul",
"aicallapne2-ngnx-ondemand-agent-karpenter","EC2 Instance","aws",0,1,0,0,0,3,10,10,5,"590184025818","aws-prd-CommunicationAI - 590184025818","i-07af9f9299b6212b7","ap-northeast-2","AWS Seoul",
"aicalldapne2-epse-ondemand-agent-karpenter","EC2 Instance","aws",0,1,0,0,0,3,8,10,5,"730335661456","aws-dev-CommunicationAI - 730335661456","i-0b06ecb50d89a21bd","ap-northeast-2","AWS Seoul",
"aicalldapne2-epse-ondemand-agent-karpenter","EC2 Instance","aws",0,1,0,0,0,3,10,10,5,"730335661456","aws-dev-CommunicationAI - 730335661456","i-0bbc94aa1c6ad0c83","ap-northeast-2","AWS Seoul",
"aiugptapne2-wnkr-ondemand-ai-karpenter","EC2 Instance","aws",0,1,0,0,0,3,9,11,5,"211125464474","aws-prd-ugpt - 211125464474","i-0583d4d4d2ad215f3","ap-northeast-2","AWS Seoul",
"aiugptapne2-wnkr-ondemand-ai-karpenter","EC2 Instance","aws",0,1,0,0,0,3,9,11,5,"211125464474","aws-prd-ugpt - 211125464474","i-0c8378457dc974b80","ap-northeast-2","AWS Seoul",
"dev-tel-bss-ec2-rcsg-mp0-a","EC2 Instance","aws",0,1,0,0,0,15,502,1574,106,"030982055456","tel-bss-dev - 030982055456","i-08f2ba46dc3849aa7","ap-northeast-2","AWS Seoul",
"dev-tel-bss-ec2-rcsg-omp-a","EC2 Instance","aws",0,1,0,0,0,16,514,1600,125,"030982055456","tel-bss-dev - 030982055456","i-06aa4c2147f68ad8a","ap-northeast-2","AWS Seoul",
"dev-tel-bss-ec2-rcsg-mp1-c","EC2 Instance","aws",0,1,0,0,0,16,507,1587,101,"030982055456","tel-bss-dev - 030982055456","i-03f9634de167f9784","ap-northeast-2","AWS Seoul",
"ec2-qa-uplus-sporki-private-mgmt","EC2 Instance","aws",0,1,0,0,0,38,955,2655,99,"481464978090","sporki_qa - 481464978090","i-01b3dffd2495d129f","ap-northeast-2","AWS Seoul",
"ec2-qa-uplus-sporki-3-config","EC2 Instance","aws",0,1,0,0,0,42,994,2821,207,"481464978090","sporki_qa - 481464978090","i-0d76200c121c197d7","ap-northeast-2","AWS Seoul",
"ec2-qa-uplus-sporki-2-config","EC2 Instance","aws",0,1,0,0,0,39,731,2083,80,"481464978090","sporki_qa - 481464978090","i-059b696f4643a9f56","ap-northeast-2","AWS Seoul",
"dms-test","EC2 Instance","aws",0,1,0,0,0,18,139,332,35,"515966499229","cpne-stg - 515966499229","i-0f082567d46da14db","ap-northeast-2","AWS Seoul",
"aicallapne2-ngnx-ondemand-agent-karpenter","EC2 Instance","aws",0,1,0,0,0,3,10,10,5,"590184025818","aws-prd-CommunicationAI - 590184025818","i-0cbd8532927fb2abe","ap-northeast-2","AWS Seoul",
"aicallapne2-ngnx-ondemand-agent-karpenter","EC2 Instance","aws",0,1,0,0,0,3,10,10,5,"590184025818","aws-prd-CommunicationAI - 590184025818","i-0fd8709b731b32b90","ap-northeast-2","AWS Seoul",
"aicallapne2-ngnx-ondemand-agent-karpenter","EC2 Instance","aws",0,1,0,0,0,3,10,10,5,"590184025818","aws-prd-CommunicationAI - 590184025818","i-079b400da7e069d3e","ap-northeast-2","AWS Seoul",
"aicallapne2-ngnx-ondemand-agent-karpenter","EC2 Instance","aws",0,1,0,0,0,3,8,10,5,"590184025818","aws-prd-CommunicationAI - 590184025818","i-0de392aac73610c26","ap-northeast-2","AWS Seoul",
"ec2-az01-dacms-dev-wst1","EC2 Instance","aws",0,1,0,0,0,86,723,935,245,"429751601463","LG U Plus DEV - 429751601463","i-0d3d08cffcb2a442e","ap-northeast-2","AWS Seoul",
"aiugptsapne2-ngff-ondemand-ai-karpenter","EC2 Instance","aws",0,1,0,0,0,3,9,11,5,"590183678280","aws-dev-ugpt - 590183678280","i-0162faeebc846d016","ap-northeast-2","AWS Seoul",
"aiugptapne2-wnkr-ondemand-karpenter","EC2 Instance","aws",0,1,0,0,0,3,8,10,5,"211125464474","aws-prd-ugpt - 211125464474","i-06565413fc94c1267","ap-northeast-2","AWS Seoul",
"rancher_ui","EC2 Instance","aws",0,1,0,0,0,1,3,808,31,"932507484725","aws-AICC-bmt - 932507484725","i-053813844709fa36f","ap-northeast-2","AWS Seoul",
"test-rhel-userdata","EC2 Instance","aws",0,1,0,0,0,0,30,285,632,"932507484725","aws-AICC-bmt - 932507484725","i-044c96df01cd454e0","ap-northeast-2","AWS Seoul",
"cleandapne2-xfeu-spot-styx-karpenter","EC2 Instance","aws",0,1,0,0,0,2,62,187,12,"854531064573","daxcleand - 854531064573","i-0426828f59302a5b8","ap-northeast-2","AWS Seoul",
"dms-ec2-bastion","EC2 Instance","aws",0,1,0,0,0,18,118,264,30,"418295692311","aws-dev-dms - 418295692311","i-0a0269aa96469bdcd","ap-northeast-2","AWS Seoul",
"STG-RCS-PRI-BASTION (365 * 24, SavingsPlans)","EC2 Instance","aws",0,1,0,0,0,21,653,1702,118,"100613719332","aws-stgdev-rcs - 100613719332","i-02a76367cf69b9878","ap-northeast-2","AWS Seoul",
"aicalldapne2-epse-ondemand-agent-karpenter","EC2 Instance","aws",0,1,0,0,0,3,10,10,5,"730335661456","aws-dev-CommunicationAI - 730335661456","i-02b88a5ccf12f93ac","ap-northeast-2","AWS Seoul",
"aicalldapne2-epse-ondemand-agent-karpenter","EC2 Instance","aws",0,1,0,0,0,3,8,10,5,"730335661456","aws-dev-CommunicationAI - 730335661456","i-0acae9aa36a229735","ap-northeast-2","AWS Seoul",
"aicalldapne2-epse-ondemand-agent-karpenter","EC2 Instance","aws",0,1,0,0,0,3,10,10,5,"730335661456","aws-dev-CommunicationAI - 730335661456","i-0a41452eb11d7e7f5","ap-northeast-2","AWS Seoul",
"aicalldapne2-epse-ondemand-agent-karpenter","EC2 Instance","aws",0,1,0,0,0,3,10,10,5,"730335661456","aws-dev-CommunicationAI - 730335661456","i-0bdfe7f7e32659919","ap-northeast-2","AWS Seoul",
"aicalldapne2-epse-ondemand-agent-karpenter","EC2 Instance","aws",0,1,0,0,0,3,10,10,5,"730335661456","aws-dev-CommunicationAI - 730335661456","i-0a08db97be59f7804","ap-northeast-2","AWS Seoul",
"aicalldapne2-epse-ondemand-agent-karpenter","EC2 Instance","aws",0,1,0,0,0,3,10,10,5,"730335661456","aws-dev-CommunicationAI - 730335661456","i-0cb782bd25cbe057e","ap-northeast-2","AWS Seoul",
"bsdapne2-omdw-advisor-g6e-on-demand-karpenter","EC2 Instance","aws",0,1,0,0,0,2,98,202,16,"533267185836","aws-nsd-prd - 533267185836","i-0466b7bac34e0f0f9","ap-northeast-2","AWS Seoul",
"eks-node","EC2 Instance","aws",0,1,0,0,0,5,128,439,22,"590184025818","aws-prd-CommunicationAI - 590184025818","i-01d5a4b6cce6896fb","ap-northeast-2","AWS Seoul",
"aiugptapne2-wnkr-ondemand-ai-karpenter","EC2 Instance","aws",0,1,0,0,0,3,9,11,5,"211125464474","aws-prd-ugpt - 211125464474","i-07c441ec9715e6096","ap-northeast-2","AWS Seoul",
"i-0c2b3d91253604d3b","EC2 Instance","aws",0,1,0,0,0,0,6,8,4,"861894787667","AWS_PROD_NUPF - 861894787667","i-0c2b3d91253604d3b","ap-northeast-2","AWS Seoul",
"TensorRT-LLM-0414","EC2 Instance","aws",0,1,0,0,0,9,63,1201,75,"038041937865","INARA-DEV - 038041937865","i-0f24e813190b2922f","ap-northeast-2","AWS Seoul",
"ansible-target-001","EC2 Instance","aws",0,1,0,0,0,0,13,37,8,"532244111777","AWS_CM_SHARE - 532244111777","i-0f8e568cf3e9e4ba0","ap-northeast-2","AWS Seoul",
"eks-node-dev-idaas-main-1-30","EC2 Instance","aws",0,1,0,0,0,8,53,77,14,"767397957885","aws-dev-idaas - 767397957885","i-08f18e0d7dc55f190","ap-northeast-2","AWS Seoul",
"dms-ec2-log","EC2 Instance","aws",0,1,0,0,0,23,137,266,31,"438465133741","aws-prd-dms - 438465133741","i-0f32cfd42cb73828a","ap-northeast-2","AWS Seoul",
"ec2-dev-iptv-stp-cluster-v1_31-karpenter-node","EC2 Instance","aws",0,1,0,0,0,5,166,557,23,"578094293967","aws-dev-iptv - 578094293967","i-05936fd22454317c3","ap-northeast-2","AWS Seoul",
"ec2-dev-cas-pri-bst","EC2 Instance","aws",0,1,0,0,0,15,84,141,30,"235494784992","aws-CAS-casdev - 235494784992","i-04160cc8192be4f14","ap-northeast-2","AWS Seoul",
"eks-violet-prd-service-violet-c5n-4xlarge-ng","EC2 Instance","aws",0,1,0,0,0,8,52,76,15,"058264436158","aws-prd-violet - 058264436158","i-03d5a9ca2a1ff2b62","ap-northeast-2","AWS Seoul",
"eks-violet-prd-service-ixisolution-c5-4xlarge-ng","EC2 Instance","aws",0,1,0,0,0,1,42,61,13,"058264436158","aws-prd-violet - 058264436158","i-0ae5d61bb9e06e6d3","ap-northeast-2","AWS Seoul",
"eks-violet-prd-service-ixisolution-c5-4xlarge-ng","EC2 Instance","aws",0,1,0,0,0,1,42,61,13,"058264436158","aws-prd-violet - 058264436158","i-09f5841751c56580e","ap-northeast-2","AWS Seoul",
"eks-violet-prd-service-violet-c5n-4xlarge-ng","EC2 Instance","aws",0,1,0,0,0,0,35,50,12,"058264436158","aws-prd-violet - 058264436158","i-0f5dfaf07c8ea3444","ap-northeast-2","AWS Seoul",
"eks-violet-prd-service-ixisolution-c5-4xlarge-ng","EC2 Instance","aws",0,1,0,0,0,1,42,61,13,"058264436158","aws-prd-violet - 058264436158","i-0f0ad4a722853e771","ap-northeast-2","AWS Seoul",
"eks-violet-prd-service-ixisolution-iptv-c6i-12xlarge-ng","EC2 Instance","aws",0,1,0,0,0,0,35,51,12,"058264436158","aws-prd-violet - 058264436158","i-00447d6b1b859eda1","ap-northeast-2","AWS Seoul",
"eks-violet-prd-service-communication-c6i-24xlarge-ng","EC2 Instance","aws",0,1,0,0,0,0,35,51,12,"058264436158","aws-prd-violet - 058264436158","i-088b2227e190753e1","ap-northeast-2","AWS Seoul",
"eks-violet-prd-service-ixi-tts-c6i-xlarge-ng","EC2 Instance","aws",0,1,0,0,0,1,42,61,13,"058264436158","aws-prd-violet - 058264436158","i-0ff75a217318a4029","ap-northeast-2","AWS Seoul",
"eks-violet-prd-service-communication-c6i-24xlarge-ng","EC2 Instance","aws",0,1,0,0,0,8,52,76,15,"058264436158","aws-prd-violet - 058264436158","i-09236b5dad5f5946c","ap-northeast-2","AWS Seoul",
"eks-violet-prd-service-ixi-tts-c6i-xlarge-ng","EC2 Instance","aws",0,1,0,0,0,0,35,51,12,"058264436158","aws-prd-violet - 058264436158","i-09f9276b0a7938616","ap-northeast-2","AWS Seoul",
"ec2-stg-livc-transcode-img-1","EC2 Instance","aws",0,1,0,0,0,11,412,865,194,"240297559337","U+Liveclass_DevEx - 240297559337","i-0875e5ef9ef9c1f8e","ap-northeast-2","AWS Seoul",
"ec2-stg-livc-transcode-vod-1","EC2 Instance","aws",0,1,0,0,0,11,600,1247,211,"240297559337","U+Liveclass_DevEx - 240297559337","i-00b2283031769fdbe","ap-northeast-2","AWS Seoul",
"ec2-stg-livc-transcode-lms-vod-1","EC2 Instance","aws",0,1,0,0,0,1,220,437,50,"240297559337","U+Liveclass_DevEx - 240297559337","i-05d3c869b34ea6b13","ap-northeast-2","AWS Seoul",
"ec2-dev-cas-bst","EC2 Instance","aws",0,1,0,0,0,23,110,177,35,"235494784992","aws-CAS-casdev - 235494784992","i-0231f0e4419d21511","ap-northeast-2","AWS Seoul",
"application-nodegroup-pc-prod-prod-eks","EC2 Instance","aws",0,1,0,0,0,10,248,765,60,"360600168182","AWS_PROD_NUPD2 - 360600168182","i-02268016c0cc85ad0","ap-northeast-2","AWS Seoul",
"aicalldapne2-epse-ondemand-agent-karpenter","EC2 Instance","aws",0,1,0,0,0,3,10,10,5,"730335661456","aws-dev-CommunicationAI - 730335661456","i-0064974565a4542a9","ap-northeast-2","AWS Seoul",
"aicalldapne2-epse-ondemand-agent-karpenter","EC2 Instance","aws",0,1,0,0,0,3,10,10,5,"730335661456","aws-dev-CommunicationAI - 730335661456","i-0e224608636cd3dea","ap-northeast-2","AWS Seoul",
"aicalldapne2-epse-ondemand-agent-karpenter","EC2 Instance","aws",0,1,0,0,0,3,10,10,5,"730335661456","aws-dev-CommunicationAI - 730335661456","i-0dd3a3b25024bdd78","ap-northeast-2","AWS Seoul",
"aicalldapne2-epse-ondemand-agent-karpenter","EC2 Instance","aws",0,1,0,0,0,3,8,10,5,"730335661456","aws-dev-CommunicationAI - 730335661456","i-00cd4f081d9ab50ef","ap-northeast-2","AWS Seoul",
"aicalldapne2-epse-ondemand-agent-karpenter","EC2 Instance","aws",0,1,0,0,0,3,8,10,5,"730335661456","aws-dev-CommunicationAI - 730335661456","i-04cc631c7ad54f2eb","ap-northeast-2","AWS Seoul",
"i-07ccc2508f784ccc2","EC2 Instance","aws",0,1,0,0,0,3,49,77,13,"549518468778","Secure-zone - 549518468778","i-07ccc2508f784ccc2","ap-northeast-2","AWS Seoul",
"dx-proxy-share-iptv-prd-secgw-v008","EC2 Instance","aws",0,1,0,0,0,7,93,1615,84,"029480618840","aws-share-iptv - 029480618840","i-039911cdcc455d2d5","ap-northeast-2","AWS Seoul",
"dx-proxy-share-iptv-prd-secgw-v008","EC2 Instance","aws",0,1,0,0,0,7,93,1615,84,"029480618840","aws-share-iptv - 029480618840","i-04ed1d0c6b33e22c9","ap-northeast-2","AWS Seoul",
"khpark-dev","EC2 Instance","aws",0,1,0,0,0,15,85,1076,95,"590183678280","aws-dev-ugpt - 590183678280","i-07afa5c3dfe6c7d0b","ap-northeast-2","AWS Seoul",
"application-nodegroup-pc-prod-prod-eks","EC2 Instance","aws",0,1,0,0,0,10,248,768,60,"360600168182","AWS_PROD_NUPD2 - 360600168182","i-0ce2fa3967f97adf1","ap-northeast-2","AWS Seoul",
"application-nodegroup-pc-prod-prod-eks","EC2 Instance","aws",0,1,0,0,0,10,249,768,60,"360600168182","AWS_PROD_NUPD2 - 360600168182","i-06cf0820358c34e0e","ap-northeast-2","AWS Seoul",
"eks-violet-prd-inference-communication-g4dn-4xlarge-ng","EC2 Instance","aws",0,1,0,0,0,3,64,86,16,"058264436158","aws-prd-violet - 058264436158","i-060d1c0f085175c6f","ap-northeast-2","AWS Seoul",
"eks-violet-prd-inference-communication-g4dn-4xlarge-ng","EC2 Instance","aws",0,1,0,0,0,3,64,86,16,"058264436158","aws-prd-violet - 058264436158","i-04400ba0540319227","ap-northeast-2","AWS Seoul",
"eks-violet-prd-inference-communication-g4dn-4xlarge-ng","EC2 Instance","aws",0,1,0,0,0,3,64,86,16,"058264436158","aws-prd-violet - 058264436158","i-092b5b27e4e9d85ed","ap-northeast-2","AWS Seoul",
"eks-violet-prd-inference-communication-2a-g5-2xlarge-ng","EC2 Instance","aws",0,1,0,0,0,3,64,86,16,"058264436158","aws-prd-violet - 058264436158","i-0bae14015911360fa","ap-northeast-2","AWS Seoul",
"eks-violet-prd-inference-communication-g5-2xlarge-ng","EC2 Instance","aws",0,1,0,0,0,3,64,86,16,"058264436158","aws-prd-violet - 058264436158","i-086f592f350a284d0","ap-northeast-2","AWS Seoul",
"eks-violet-prd-inference-violet-c5n-4xlarge-ng","EC2 Instance","aws",0,1,0,0,0,0,35,50,12,"058264436158","aws-prd-violet - 058264436158","i-055644fed7e31df6f","ap-northeast-2","AWS Seoul",
"eks-violet-prd-inference-violet-c5n-4xlarge-ng","EC2 Instance","aws",0,1,0,0,0,0,35,50,12,"058264436158","aws-prd-violet - 058264436158","i-01194cc3c8dd90db4","ap-northeast-2","AWS Seoul",
"eks-node-prod-idaas","EC2 Instance","aws",0,1,0,0,0,12,197,604,36,"533267342945","aws-prd-idaas - 533267342945","i-04b4e0bb7fa768c1d","ap-northeast-2","AWS Seoul",
"eks-violet-dev-inference-violet-c5-2xlarge-ng","EC2 Instance","aws",0,1,0,0,0,0,35,50,12,"654654486146","aws-dev-violet - 654654486146","i-0c66591aaf6f9dd02","ap-northeast-2","AWS Seoul",
"eks-violet-dev-inference-violet-c5-2xlarge-ng","EC2 Instance","aws",0,1,0,0,0,0,35,50,12,"654654486146","aws-dev-violet - 654654486146","i-0cb0a4aa34b8786e0","ap-northeast-2","AWS Seoul",
"eks-violet-dev-inference-communication-temp-g4dn-4xlarge-ng","EC2 Instance","aws",0,1,0,0,0,3,64,86,16,"654654486146","aws-dev-violet - 654654486146","i-09ca392e55ecfea54","ap-northeast-2","AWS Seoul",
"jypark-dev","EC2 Instance","aws",0,1,0,0,0,7,91,1042,89,"590183678280","aws-dev-ugpt - 590183678280","i-0d9311a41c006583c","ap-northeast-2","AWS Seoul",
"ec2-prd-iptv-shd-cluster-v1_31-karpenter-node","EC2 Instance","aws",0,1,0,0,0,3,93,222,21,"969671253885","aws-prd-iptv - 969671253885","i-01c16d6a02ff8def6","ap-northeast-2","AWS Seoul",
"ec2-prd-iptv-shd-cluster-v1_31-karpenter-node","EC2 Instance","aws",0,1,0,0,0,3,93,222,21,"969671253885","aws-prd-iptv - 969671253885","i-01fcbf8cddcaa8682","ap-northeast-2","AWS Seoul",
"ec2-stg-clp-app-az2a","EC2 Instance","aws",0,1,0,0,0,9,194,449,48,"590183842184","upluslangportal_stg - 590183842184","i-0658a3aec1e598440","ap-northeast-2","AWS Seoul",
"ec2-stg-clp-app-az2c","EC2 Instance","aws",0,1,0,0,0,9,194,449,48,"590183842184","upluslangportal_stg - 590183842184","i-05e06bbb4a6f61016","ap-northeast-2","AWS Seoul",
"INARA-PRD-WORKLOAD-MANAGED-V1_31_DSA","EC2 Instance","aws",0,1,0,0,0,3,77,230,15,"532975624498","INARA-PROD - 532975624498","i-0298d324524924214","ap-northeast-2","AWS Seoul",
"ec2-stg-fleet-mgmt-system-mgmt-frontweb","EC2 Instance","aws",0,1,0,0,0,14,39,69,20,"642025919684","fms_stg - 642025919684","i-0cd31f866e12b943e","ap-northeast-2","AWS Seoul",
"INARA-PRD-WORKLOAD-MANAGED-V1_31_DSA","EC2 Instance","aws",0,1,0,0,0,3,77,230,15,"532975624498","INARA-PROD - 532975624498","i-0137748bec70580fb","ap-northeast-2","AWS Seoul",
"INARA-PRD-WORKLOAD-MANAGED-V1_31_DSA","EC2 Instance","aws",0,1,0,0,0,3,77,230,15,"532975624498","INARA-PROD - 532975624498","i-0ca7269649dcb7d34","ap-northeast-2","AWS Seoul",
"[Original] 2. VOD_Proxy","EC2 Instance","aws",0,1,0,0,0,18,178,482,42,"662917941167","awsprdcache - 662917941167","i-0c11d2e9c11a9ce65","ap-northeast-2","AWS Seoul",
"cleanapne2-grjz-ondemand-members-karpenter","EC2 Instance","aws",0,1,0,0,0,3,62,187,12,"413372654015","daxclean - 413372654015","i-03216d6155cffd229","ap-northeast-2","AWS Seoul",
"aiugptdapne2-zszw-spot-karpenter","EC2 Instance","aws",0,1,0,0,0,3,10,37,8,"590183678280","aws-dev-ugpt - 590183678280","i-08339511573c92f55","ap-northeast-2","AWS Seoul",
"ec2-dev-fleet-mgmt-system-private-config-mgmts-az2c","EC2 Instance","aws",0,1,0,0,0,22,197,552,44,"595459082527","fms_dev - 595459082527","i-0ee6505ade5ae8e7d","ap-northeast-2","AWS Seoul",
"ec2-dev-fleet-mgmt-system-private-config-mgmts-az2a","EC2 Instance","aws",0,1,0,0,0,23,213,577,52,"595459082527","fms_dev - 595459082527","i-012c2ef450a751cb0","ap-northeast-2","AWS Seoul",
"ec2-uplus-shared-prod-az1-cms-1","EC2 Instance","aws",0,1,0,0,0,3,340,749,83,"458446241212","uplus shared service - 458446241212","i-0f1e5d476d2ac3427","ap-northeast-2","AWS Seoul",
"acb2bdapne2-kcxn-b2badvisor-g6-on-demand-karpenter","EC2 Instance","aws",0,1,0,0,0,2,75,184,15,"932507484725","aws-AICC-bmt - 932507484725","i-08704fc19357347ed","ap-northeast-2","AWS Seoul",
"eks-node-prod-hyundai-mvmtv-game","EC2 Instance","aws",0,1,0,0,0,6,95,225,16,"452661163619","aws-prd-mvmtv - 452661163619","i-0cce89eb2dc0b118f","ap-northeast-2","AWS Seoul",
"eks-node-qa-idaas","EC2 Instance","aws",0,1,0,0,0,12,198,604,36,"339712770947","aws-qa-idaas - 339712770947","i-0f8dfb7f849becb73","ap-northeast-2","AWS Seoul",
"acb2bdapne2-kcxn-b2badvisor-g6-on-demand-karpenter","EC2 Instance","aws",0,1,0,0,0,2,75,184,15,"932507484725","aws-AICC-bmt - 932507484725","i-0de8759769906e5e2","ap-northeast-2","AWS Seoul",
"acb2bdapne2-kcxn-b2badvisor-g6-on-demand-karpenter","EC2 Instance","aws",0,1,0,0,0,2,75,184,15,"932507484725","aws-AICC-bmt - 932507484725","i-0bb4242356cb13915","ap-northeast-2","AWS Seoul",
"aiugptapne2-wnkr-ondemand-ai-karpenter","EC2 Instance","aws",0,1,0,0,0,3,10,37,8,"211125464474","aws-prd-ugpt - 211125464474","i-0ea4dda75f27986c4","ap-northeast-2","AWS Seoul",
"ec2-share-iptv-devstg-secgw-dsm-az2a","EC2 Instance","aws",0,1,0,0,0,7,195,1181,970,"029480618840","aws-share-iptv - 029480618840","i-0721625316a74d3f9","ap-northeast-2","AWS Seoul",
"ec2-share-iptv-devstg-whatap-front-az2a","EC2 Instance","aws",0,1,0,0,0,151,1008,1468,251,"029480618840","aws-share-iptv - 029480618840","i-0051b71acc0b4fd9c","ap-northeast-2","AWS Seoul",
"ec2-share-iptv-devstg-whatap-noti-az2a","EC2 Instance","aws",0,1,0,0,0,96,846,1330,237,"029480618840","aws-share-iptv - 029480618840","i-0768d87ef2721584a","ap-northeast-2","AWS Seoul",
"ec2-dev-iptv-dev-legacy-oracle-az2a","EC2 Instance","aws",0,1,0,0,0,55,978,1867,232,"578094293967","aws-dev-iptv - 578094293967","i-0342a780fd13ff7f6","ap-northeast-2","AWS Seoul",
"ec2-dev-iptv-stp-whatap-proxy-az2a","EC2 Instance","aws",0,1,0,0,0,15,574,1222,224,"578094293967","aws-dev-iptv - 578094293967","i-0d1789cc4655b6b2e","ap-northeast-2","AWS Seoul",
"ec2-dev-iptv-stp-whatap-dpm-az2a","EC2 Instance","aws",0,1,0,0,0,15,602,1217,223,"578094293967","aws-dev-iptv - 578094293967","i-03f6e85df890eaaaa","ap-northeast-2","AWS Seoul",
"ec2-stg-iptv-stg-whatap-proxy-az2a","EC2 Instance","aws",0,1,0,0,0,152,1034,1471,249,"833897490146","aws-stg-iptv - 833897490146","i-0651e13ccbfc1e758","ap-northeast-2","AWS Seoul",
"ec2-stg-iptv-stg-whatap-yard-az2a","EC2 Instance","aws",0,1,0,0,0,15,574,1222,224,"833897490146","aws-stg-iptv - 833897490146","i-0ed0d0340a58906c8","ap-northeast-2","AWS Seoul",
"ec2-stg-iptv-stg-whatap-dpm-az2a","EC2 Instance","aws",0,1,0,0,0,48,631,1232,225,"833897490146","aws-stg-iptv - 833897490146","i-08a18b13bbdc90d3b","ap-northeast-2","AWS Seoul",
"aicalldapne2-epse-ondemand-agent-karpenter","EC2 Instance","aws",0,1,0,0,0,3,12,37,8,"730335661456","aws-dev-CommunicationAI - 730335661456","i-0bdb2a7952e5f752f","ap-northeast-2","AWS Seoul",
"aicalldapne2-epse-ondemand-agent-karpenter","EC2 Instance","aws",0,1,0,0,0,3,12,37,8,"730335661456","aws-dev-CommunicationAI - 730335661456","i-0ea024b7c5a99f15f","ap-northeast-2","AWS Seoul",
"ec2-dev-aicc-vbgw-az2c","EC2 Instance","aws",0,1,0,0,0,17,202,464,394,"406927758154","aws-dev-ccaas - 406927758154","i-0ce4a7b811530e41a","ap-northeast-2","AWS Seoul",
"ec2-dev-aicc-ixi-nlp-az2c","EC2 Instance","aws",0,1,0,0,0,16,261,906,75,"406927758154","aws-dev-ccaas - 406927758154","i-028fbabdbf09e88c8","ap-northeast-2","AWS Seoul",
"ec2-az01-dev-nai-push-wst1","EC2 Instance","aws",0,1,0,0,0,32,846,1063,263,"429751601463","LG U Plus DEV - 429751601463","i-0e31f8c752a838d8e","ap-northeast-2","AWS Seoul",
"ec2-az01-dev-nai-mgmt-wst1","EC2 Instance","aws",0,1,0,0,0,241,1275,1484,318,"429751601463","LG U Plus DEV - 429751601463","i-02b5b54fad7554538","ap-northeast-2","AWS Seoul",
"ec2-az01-dev-nai-frms-wst1","EC2 Instance","aws",0,1,0,0,0,82,963,1176,290,"429751601463","LG U Plus DEV - 429751601463","i-0ba10b9f97e64dcb1","ap-northeast-2","AWS Seoul",
"eks-node","EC2 Instance","aws",0,1,0,0,0,5,128,439,22,"590183678280","aws-dev-ugpt - 590183678280","i-0e560116c68bf1454","ap-northeast-2","AWS Seoul",
"ec2-dev-aisb-sttLearning-az2a","EC2 Instance","aws",0,1,0,0,0,51,730,1901,149,"700329480675","aws-dev-aisb - 700329480675","i-04c1dbbaec9122f9d","ap-northeast-2","AWS Seoul",
"ec2-az01-dev-nai-cfc-wst1","EC2 Instance","aws",0,1,0,0,0,89,919,996,198,"429751601463","LG U Plus DEV - 429751601463","i-03f501ff703596169","ap-northeast-2","AWS Seoul",
"ec2-az01-dev-nai-homeiot-wst1","EC2 Instance","aws",0,1,0,0,0,64,1179,1352,310,"429751601463","LG U Plus DEV - 429751601463","i-0f410702c323a0c39","ap-northeast-2","AWS Seoul",
"ec2-az01-dev-nai-aisv-wst1","EC2 Instance","aws",0,1,0,0,0,71,1150,1367,321,"429751601463","LG U Plus DEV - 429751601463","i-0b4bdf8c62eae219a","ap-northeast-2","AWS Seoul",
"ec2-az01-dev-nai-coif-wst1","EC2 Instance","aws",0,1,0,0,0,39,1104,1312,305,"429751601463","LG U Plus DEV - 429751601463","i-0c8b050d5b712a250","ap-northeast-2","AWS Seoul",
"ec2-az01-dev-gai-rs-wst1","EC2 Instance","aws",0,1,0,0,0,17,772,908,192,"429751601463","LG U Plus DEV - 429751601463","i-0d6cff6eba35731f1","ap-northeast-2","AWS Seoul",
"ec2-az01-dev-nai-redis1","EC2 Instance","aws",0,1,0,0,0,34,1081,1306,304,"429751601463","LG U Plus DEV - 429751601463","i-0427c50f0a6d5c900","ap-northeast-2","AWS Seoul",
"grootsapne2-aklb-spot-karpenter","EC2 Instance","aws",0,1,0,0,0,2,10,37,8,"224811165821","UID_NG - 224811165821","i-05ab4a7e4337fa7b3","ap-northeast-2","AWS Seoul",
"evalops-jwyang","EC2 Instance","aws",0,1,0,0,0,5,57,1121,65,"195275648674","aws-feedback-sredev - 195275648674","i-0d4eb69c5a52ab06c","ap-northeast-2","AWS Seoul",
"fbops-khpark","EC2 Instance","aws",0,1,0,0,0,5,50,1109,60,"195275648674","aws-feedback-sredev - 195275648674","i-035372e58810e4025","ap-northeast-2","AWS Seoul",
"jenkins-itrelengd_apnortheast2-v055","EC2 Instance","aws",0,1,0,0,0,6,161,503,43,"590184057287","aws-itmod-releng - 590184057287","i-030f43dad48e65190","ap-northeast-2","AWS Seoul",
"jenkins-itreleng_apnortheast2-v031","EC2 Instance","aws",0,1,0,0,0,6,161,503,43,"590184057287","aws-itmod-releng - 590184057287","i-0e33a64cb8982ec75","ap-northeast-2","AWS Seoul",
"bsdapne2-omdw-advisor-g6-on-demand-karpenter","EC2 Instance","aws",0,1,0,0,0,2,98,202,16,"533267185836","aws-nsd-prd - 533267185836","i-0e0155a484e797fce","ap-northeast-2","AWS Seoul",
"bsdapne2-omdw-advisor-default-on-demand-karpenter","EC2 Instance","aws",0,1,0,0,0,2,97,192,16,"533267185836","aws-nsd-prd - 533267185836","i-04ce3e9de518504ad","ap-northeast-2","AWS Seoul",
"bsdapne2-omdw-advisor-g6e-on-demand-karpenter","EC2 Instance","aws",0,1,0,0,0,2,98,202,16,"533267185836","aws-nsd-prd - 533267185836","i-0d921974654bebb94","ap-northeast-2","AWS Seoul",
"bsdapne2-omdw-advisor-g6-on-demand-karpenter","EC2 Instance","aws",0,1,0,0,0,2,98,202,16,"533267185836","aws-nsd-prd - 533267185836","i-0c55f09bd556f53df","ap-northeast-2","AWS Seoul",
"bsdapne2-omdw-advisor-g6-on-demand-karpenter","EC2 Instance","aws",0,1,0,0,0,2,98,202,16,"533267185836","aws-nsd-prd - 533267185836","i-0290b5e963d8a75fd","ap-northeast-2","AWS Seoul",
"bsdapne2-omdw-advisor-g5-on-demand-karpenter","EC2 Instance","aws",0,1,0,0,0,2,98,202,16,"533267185836","aws-nsd-prd - 533267185836","i-0c38c800fd6a9bd20","ap-northeast-2","AWS Seoul",
"bsdapne2-omdw-advisor-g5-on-demand-karpenter","EC2 Instance","aws",0,1,0,0,0,2,98,202,16,"533267185836","aws-nsd-prd - 533267185836","i-00a71700795e4db51","ap-northeast-2","AWS Seoul",
"bsdapne2-omdw-advisor-g6-on-demand-karpenter","EC2 Instance","aws",0,1,0,0,0,2,98,202,16,"533267185836","aws-nsd-prd - 533267185836","i-0e90ce1f0130e2695","ap-northeast-2","AWS Seoul",
"eks-qa-uplus-sporki-node","EC2 Instance","aws",0,1,0,0,0,0,34,51,11,"481464978090","sporki_qa - 481464978090","i-022c38489dd408c00","ap-northeast-2","AWS Seoul",
"jhlee1230-dev","EC2 Instance","aws",0,1,0,0,0,7,75,1018,80,"590183678280","aws-dev-ugpt - 590183678280","i-04282c572bc1b3467","ap-northeast-2","AWS Seoul",
"eks-qa-uplus-sporki-node","EC2 Instance","aws",0,1,0,0,0,0,34,51,11,"481464978090","sporki_qa - 481464978090","i-0a9f456bba808bf24","ap-northeast-2","AWS Seoul",
"TensorRT-LLM-LoRA-0415","EC2 Instance","aws",0,1,0,0,0,9,63,1211,77,"038041937865","INARA-DEV - 038041937865","i-010dab881b2b4e68d","ap-northeast-2","AWS Seoul",
"ec2-prod-uplus-sporki-private-mgmt","EC2 Instance","aws",0,1,0,0,0,28,768,1972,86,"274096849112","sporki_live - 274096849112","i-02b120c525be521eb","ap-northeast-2","AWS Seoul",
"mongodb","EC2 Instance","aws",0,1,0,0,0,0,8,32,7,"932507484725","aws-AICC-bmt - 932507484725","i-0e82b7eb627b480e7","ap-northeast-2","AWS Seoul",
"cleanapne2-grjz-ondemand-members-karpenter","EC2 Instance","aws",0,1,0,0,0,3,62,187,12,"413372654015","daxclean - 413372654015","i-099b3066f2513e9eb","ap-northeast-2","AWS Seoul",
"ec2-qa-cloudx-private-config-mgmts-az2c","EC2 Instance","aws",0,1,0,0,0,20,121,273,30,"438465151842","cloudx-qa - 438465151842","i-06daea7cf7c9bdf55","ap-northeast-2","AWS Seoul",
"ec2-qa-cloudx-private-config-mgmts-az2a","EC2 Instance","aws",0,1,0,0,0,20,121,273,30,"438465151842","cloudx-qa - 438465151842","i-0d340a16cceacbb0e","ap-northeast-2","AWS Seoul",
"ugpt-dev-vpc_dummy","EC2 Instance","aws",0,1,0,0,0,3,13,700,37,"590183678280","aws-dev-ugpt - 590183678280","i-0fc88c948d280d1a6","ap-northeast-2","AWS Seoul",
"crjeon-dev","EC2 Instance","aws",0,1,0,0,0,7,56,1017,85,"590183678280","aws-dev-ugpt - 590183678280","i-0e58464ac90014159","ap-northeast-2","AWS Seoul",
"chaeyj-dev","EC2 Instance","aws",0,1,0,0,0,3,15,704,44,"590183678280","aws-dev-ugpt - 590183678280","i-082034d426b889c08","ap-northeast-2","AWS Seoul",
"aiugptapne2-wnkr-ondemand-ai-karpenter","EC2 Instance","aws",0,1,0,0,0,3,11,38,8,"211125464474","aws-prd-ugpt - 211125464474","i-0c39b1bdfd0c966c4","ap-northeast-2","AWS Seoul",
"aiugptapne2-wnkr-ondemand-ai-karpenter","EC2 Instance","aws",0,1,0,0,0,3,11,38,8,"211125464474","aws-prd-ugpt - 211125464474","i-0e0a178f52bb09318","ap-northeast-2","AWS Seoul",
"cleanapne2-grjz-ondemand-members-karpenter","EC2 Instance","aws",0,1,0,0,0,3,62,187,12,"413372654015","daxclean - 413372654015","i-0002e248333ca5a9c","ap-northeast-2","AWS Seoul",
"cleanapne2-grjz-ondemand-members-karpenter","EC2 Instance","aws",0,1,0,0,0,3,62,187,12,"413372654015","daxclean - 413372654015","i-0b5444f7e8fcca0f8","ap-northeast-2","AWS Seoul",
"cleanapne2-grjz-ondemand-members-karpenter","EC2 Instance","aws",0,1,0,0,0,3,62,187,12,"413372654015","daxclean - 413372654015","i-09c64c0439999683e","ap-northeast-2","AWS Seoul",
"new-eks-mng-node-1_29","EC2 Instance","aws",0,1,0,0,0,7,96,231,16,"713747519962","aws-prd-ad001 - 713747519962","i-0c7630712e0cda1b2","ap-northeast-2","AWS Seoul",
"new-eks-mng-node-1_29","EC2 Instance","aws",0,1,0,0,0,4,83,220,16,"713747519962","aws-prd-ad001 - 713747519962","i-04538d0eec4115804","ap-northeast-2","AWS Seoul",
"TensorRT-LLM-Gemma3-0415","EC2 Instance","aws",0,1,0,0,0,1,19,1373,39,"038041937865","INARA-DEV - 038041937865","i-095d3e579d7803648","ap-northeast-2","AWS Seoul",
"ec2-application-prod-indxuplus-az2c","EC2 Instance","aws",0,1,0,0,0,36,699,2232,122,"279551154135","indxuplus - 279551154135","i-00cb9069ec3187ae8","ap-northeast-2","AWS Seoul",
"bsdsapne2-pwpx-advisor-g5-on-demand-karpenter","EC2 Instance","aws",0,1,0,0,0,2,98,201,16,"767397901718","aws-nsd-dev - 767397901718","i-0e20511428ad2be31","ap-northeast-2","AWS Seoul",
"ec2-application-prod-indxuplus","EC2 Instance","aws",0,1,0,0,0,36,701,2235,131,"279551154135","indxuplus - 279551154135","i-089612615065bd217","ap-northeast-2","AWS Seoul",
"ec2-prod-uplus-sporki-bastion-241015","EC2 Instance","aws",0,1,0,0,0,29,815,2144,88,"274096849112","sporki_live - 274096849112","i-0b37676797b06c756","ap-northeast-2","AWS Seoul",
"semaphoreui-v000","EC2 Instance","aws",0,1,0,0,0,0,13,38,8,"532244111777","AWS_CM_SHARE - 532244111777","i-067d9f62712f1a886","ap-northeast-2","AWS Seoul",
"ec2-stg-iptv-stg-cluster-v1_31-karpenter-node","EC2 Instance","aws",0,1,0,0,0,5,166,557,23,"833897490146","aws-stg-iptv - 833897490146","i-041f803b416f08380","ap-northeast-2","AWS Seoul",
"cleanapne2-grjz-ondemand-members-karpenter","EC2 Instance","aws",0,1,0,0,0,3,62,187,12,"413372654015","daxclean - 413372654015","i-0424ca8ec81a57917","ap-northeast-2","AWS Seoul",
"i-07a305822fe9adea2","EC2 Instance","aws",0,1,0,0,0,2,109,364,19,"854531064573","daxcleand - 854531064573","i-07a305822fe9adea2","ap-northeast-2","AWS Seoul",
"cleanapne2-grjz-ondemand-members-karpenter","EC2 Instance","aws",0,1,0,0,0,3,62,187,12,"413372654015","daxclean - 413372654015","i-0ec02106aeed64a01","ap-northeast-2","AWS Seoul",
"evalops-ymkim","EC2 Instance","aws",0,1,0,0,0,5,55,1116,63,"195275648674","aws-feedback-sredev - 195275648674","i-08ac3090c55239459","ap-northeast-2","AWS Seoul",
"grootdapne2-lstx-spot-karpenter","EC2 Instance","aws",0,1,0,0,0,3,62,187,12,"224811165821","UID_NG - 224811165821","i-0fb8a7feda1e9383d","ap-northeast-2","AWS Seoul",
"eks-violet-stg-inference-violet-c5-2xlarge-ng","EC2 Instance","aws",0,1,0,0,0,3,62,85,15,"590183878658","aws-stg-violet - 590183878658","i-0a5e6fd9a85c78de3","ap-northeast-2","AWS Seoul",
"eks-violet-stg-inference-communication-g5-2xlarge-ng","EC2 Instance","aws",0,1,0,0,0,3,62,85,15,"590183878658","aws-stg-violet - 590183878658","i-01710489524353607","ap-northeast-2","AWS Seoul",
"aiugptapne2-wnkr-ondemand-ai-karpenter","EC2 Instance","aws",0,1,0,0,0,3,11,38,8,"211125464474","aws-prd-ugpt - 211125464474","i-0c49050008ba9e92d","ap-northeast-2","AWS Seoul",
"eks-node","EC2 Instance","aws",0,1,0,0,0,5,128,439,22,"590183678280","aws-dev-ugpt - 590183678280","i-0db633ba9f85b6824","ap-northeast-2","AWS Seoul",
"aiugptapne2-wnkr-ondemand-ai-karpenter","EC2 Instance","aws",0,1,0,0,0,3,11,38,8,"211125464474","aws-prd-ugpt - 211125464474","i-04f1fe89746cfc9e4","ap-northeast-2","AWS Seoul",
"aiugptapne2-wnkr-ondemand-ai-karpenter","EC2 Instance","aws",0,1,0,0,0,3,11,38,8,"211125464474","aws-prd-ugpt - 211125464474","i-04ef0d11c02990e6b","ap-northeast-2","AWS Seoul",
"eks-node","EC2 Instance","aws",0,1,0,0,0,5,128,439,22,"590183678280","aws-dev-ugpt - 590183678280","i-09c3d25f801dab3c2","ap-northeast-2","AWS Seoul",
" rtp-app-extem-nodegr-eksng","EC2 Instance","aws",0,1,0,0,0,2,88,218,17,"225723451293","ifn-app-prd - 225723451293","i-033c03ffb4a5e9e41","ap-northeast-2","AWS Seoul",
"cleandapne2-xfeu-spot-members-karpenter","EC2 Instance","aws",0,1,0,0,0,2,62,187,12,"854531064573","daxcleand - 854531064573","i-0793cb7e36b72428d","ap-northeast-2","AWS Seoul",
"eks-violet-stg-inference-communication-g5-2xlarge-ng","EC2 Instance","aws",0,1,0,0,0,3,62,85,15,"590183878658","aws-stg-violet - 590183878658","i-024a7a3de64a4c41b","ap-northeast-2","AWS Seoul",
"eks-violet-stg-inference-violet-c5-2xlarge-ng","EC2 Instance","aws",0,1,0,0,0,3,62,85,15,"590183878658","aws-stg-violet - 590183878658","i-074b7ce9d76b94efa","ap-northeast-2","AWS Seoul",
"aiugptapne2-wnkr-ondemand-ai-karpenter","EC2 Instance","aws",0,1,0,0,0,3,11,38,8,"211125464474","aws-prd-ugpt - 211125464474","i-08912b10e20ae2286","ap-northeast-2","AWS Seoul",
"ec2-prod-da-ssp-mgmt-az2a","EC2 Instance","aws",0,1,0,0,0,44,810,2226,94,"713747519962","aws-prd-ad001 - 713747519962","i-0640afca58f8bd2c5","ap-northeast-2","AWS Seoul",
"ec2-prod-da-ssp-mgmt-az2c","EC2 Instance","aws",0,1,0,0,0,20,604,1903,104,"713747519962","aws-prd-ad001 - 713747519962","i-0ed6ad6cc71cbe116","ap-northeast-2","AWS Seoul",
"eks-violet-dev-service-ixisolution-iptv-c6i-2xlarge-ng","EC2 Instance","aws",0,1,0,0,0,1,42,60,13,"654654486146","aws-dev-violet - 654654486146","i-02b51cd4411a021bd","ap-northeast-2","AWS Seoul",
"NVIDIA-TEST-20250317","EC2 Instance","aws",0,1,0,0,0,12,120,235,16,"038041937865","INARA-DEV - 038041937865","i-0563560107310248c","ap-northeast-2","AWS Seoul",
"querypie-prod-2a","EC2 Instance","aws",0,1,0,0,0,3,49,77,12,"549518468778","Secure-zone - 549518468778","i-0d126e624eeca71c0","ap-northeast-2","AWS Seoul",
"querypie-prod-apne2c","EC2 Instance","aws",0,1,0,0,0,3,49,77,12,"549518468778","Secure-zone - 549518468778","i-0bc9c6546e756c09c","ap-northeast-2","AWS Seoul",
"test-nucr","EC2 Instance","aws",0,1,0,0,0,0,8,32,7,"800445880799","AWS_SQA_NUPF - 800445880799","i-02e8d37970a88e0e2","ap-northeast-2","AWS Seoul",
"i-0320c3cf52e339440","EC2 Instance","aws",0,1,0,0,0,0,33,50,11,"088329133184","chewauth.prod - 088329133184","i-0320c3cf52e339440","ap-northeast-2","AWS Seoul",
"i-09897fed837a09ceb","EC2 Instance","aws",0,1,0,0,0,0,33,50,11,"088329133184","chewauth.prod - 088329133184","i-09897fed837a09ceb","ap-northeast-2","AWS Seoul",
"rbd-mtx-eks-node-access","EC2 Instance","aws",0,1,0,0,0,8,174,460,21,"030982055456","tel-bss-dev - 030982055456","i-0bd894691f5226f2b","ap-northeast-2","AWS Seoul",
"asg-nfxpw-dev-was","EC2 Instance","aws",0,1,0,0,0,7,284,955,96,"327705435292","awsdevnfxpw - 327705435292","i-0436e71240ae6a8fc","ap-northeast-2","AWS Seoul",
"aiugptapne2-wnkr-spot-karpenter","EC2 Instance","aws",0,1,0,0,0,3,32,49,11,"211125464474","aws-prd-ugpt - 211125464474","i-06e21c44d1ff94b7b","ap-northeast-2","AWS Seoul",
"cleanapne2-grjz-ondemand-members-karpenter","EC2 Instance","aws",0,1,0,0,0,3,62,187,12,"413372654015","daxclean - 413372654015","i-0305fd6dcf3e94b6d","ap-northeast-2","AWS Seoul",
"cleanapne2-grjz-ondemand-members-karpenter","EC2 Instance","aws",0,1,0,0,0,3,62,187,12,"413372654015","daxclean - 413372654015","i-0274131477e773c29","ap-northeast-2","AWS Seoul",
"i-0006eb3df61e31b2d","EC2 Instance","aws",0,1,0,0,0,0,36,53,12,"478195486159","dax-ops - 478195486159","i-0006eb3df61e31b2d","ap-northeast-2","AWS Seoul",
"i-0f56b9c199f5f499b","EC2 Instance","aws",0,1,0,0,0,0,38,57,12,"478195486159","dax-ops - 478195486159","i-0f56b9c199f5f499b","ap-northeast-2","AWS Seoul",
"i-0b0ffd4964b5d0d2c","EC2 Instance","aws",0,1,0,0,0,0,38,57,12,"478195486159","dax-ops - 478195486159","i-0b0ffd4964b5d0d2c","ap-northeast-2","AWS Seoul",
"i-051ec2184b28e4b2a","EC2 Instance","aws",0,1,0,0,0,0,33,50,11,"478195486159","dax-ops - 478195486159","i-051ec2184b28e4b2a","ap-northeast-2","AWS Seoul",
"eks-violet-stg-service-violet-c5-2xlarge-ng","EC2 Instance","aws",0,1,0,0,0,0,33,49,11,"590183878658","aws-stg-violet - 590183878658","i-006ff6c12ef2d054e","ap-northeast-2","AWS Seoul",
"eks-violet-stg-service-violet-c5-2xlarge-ng","EC2 Instance","aws",0,1,0,0,0,0,33,50,11,"590183878658","aws-stg-violet - 590183878658","i-0147d314bee8e392a","ap-northeast-2","AWS Seoul",
"eks-violet-stg-service-violet-c5-2xlarge-ng","EC2 Instance","aws",0,1,0,0,0,8,50,76,14,"590183878658","aws-stg-violet - 590183878658","i-0da815227dd86b963","ap-northeast-2","AWS Seoul",
"eks-node-dev-idaas-main-1-30","EC2 Instance","aws",0,1,0,0,0,8,53,77,14,"767397957885","aws-dev-idaas - 767397957885","i-0b03e474c486d6274","ap-northeast-2","AWS Seoul",
"eks-node-dev-idaas-batch-1-30","EC2 Instance","aws",0,1,0,0,0,8,53,77,14,"767397957885","aws-dev-idaas - 767397957885","i-0ba0c9c006cba5cff","ap-northeast-2","AWS Seoul",
"eks-node-oem-hyundai-mvmtv-mobiletv","EC2 Instance","aws",0,1,0,0,0,6,95,225,16,"965049491164","aws-oem-mvmtv - 965049491164","i-087640b0eff217814","ap-northeast-2","AWS Seoul",
"eks-node-oem-hyundai-mvmtv-game","EC2 Instance","aws",0,1,0,0,0,6,95,225,16,"965049491164","aws-oem-mvmtv - 965049491164","i-02f081333bbee9884","ap-northeast-2","AWS Seoul",
"eks-node-oem-hyundai-mvmtv-game","EC2 Instance","aws",0,1,0,0,0,6,95,225,16,"965049491164","aws-oem-mvmtv - 965049491164","i-046faa837ef63ca16","ap-northeast-2","AWS Seoul",
"eks-node-oem-hyundai-mvmtv-mobiletv","EC2 Instance","aws",0,1,0,0,0,6,95,225,16,"965049491164","aws-oem-mvmtv - 965049491164","i-066d4db599b62de04","ap-northeast-2","AWS Seoul",
"eks-node-oem-hyundai-mvmtv-game","EC2 Instance","aws",0,1,0,0,0,6,95,225,16,"965049491164","aws-oem-mvmtv - 965049491164","i-03bd87aba4dbfdfff","ap-northeast-2","AWS Seoul",
"asg-nfxpw-prd-was","EC2 Instance","aws",0,1,0,0,0,7,278,946,83,"489948560089","awsprdnfxpw - 489948560089","i-01cfae03669ee5eae","ap-northeast-2","AWS Seoul",
"ec2-dev-iptv-dev-whatap-yard-az2a","EC2 Instance","aws",0,1,0,0,0,15,574,1222,224,"578094293967","aws-dev-iptv - 578094293967","i-0233802299b3b4d6f","ap-northeast-2","AWS Seoul",
"ec2-dev-iptv-dev-whatap-dpm-az2a","EC2 Instance","aws",0,1,0,0,0,16,612,1224,224,"578094293967","aws-dev-iptv - 578094293967","i-0361b2d850c5ab821","ap-northeast-2","AWS Seoul",
"ec2-dev-iptv-dev-whatap-proxy-az2a","EC2 Instance","aws",0,1,0,0,0,15,574,1222,224,"578094293967","aws-dev-iptv - 578094293967","i-0abf5270da6833617","ap-northeast-2","AWS Seoul",
"asg-nfxpw-stg-was","EC2 Instance","aws",0,1,0,0,0,7,279,946,83,"797742841781","awsstgnfxpw - 797742841781","i-0dc40aaeae880feec","ap-northeast-2","AWS Seoul",
"grootapne2-othl-ondemand-karpenter","EC2 Instance","aws",0,1,0,0,0,3,62,187,12,"160091772047","UID_DEV - 160091772047","i-05e561377f28b76e6","ap-northeast-2","AWS Seoul",
"test-alb","EC2 Instance","aws",0,1,0,0,0,29,253,620,56,"891376931275","aws-prd-mvoip010 - 891376931275","i-0c57a01fcfd63af57","ap-northeast-2","AWS Seoul",
"ec2-stg-iptv-stg-addon-ngblue-v1_31","EC2 Instance","aws",0,1,0,0,0,6,103,240,23,"833897490146","aws-stg-iptv - 833897490146","i-0c9f53fe5eb15e3f5","ap-northeast-2","AWS Seoul",
"ec2-stg-iptv-stg-addon-ngblue-v1_31","EC2 Instance","aws",0,1,0,0,0,6,103,240,23,"833897490146","aws-stg-iptv - 833897490146","i-0a2f3dd12bfeaa366","ap-northeast-2","AWS Seoul",
"ec2-dev-iptv-dev-addon-ngblue-v1_31","EC2 Instance","aws",0,1,0,0,0,6,103,240,23,"578094293967","aws-dev-iptv - 578094293967","i-085ae7e88f42b2542","ap-northeast-2","AWS Seoul",
"ec2-dev-iptv-stp-addon-ngblue-v1_31","EC2 Instance","aws",0,1,0,0,0,6,103,240,23,"578094293967","aws-dev-iptv - 578094293967","i-0709562ba59b4d942","ap-northeast-2","AWS Seoul",
"ec2-dev-iptv-stp-addon-ngblue-v1_31","EC2 Instance","aws",0,1,0,0,0,6,103,240,23,"578094293967","aws-dev-iptv - 578094293967","i-0787742df43e48bbc","ap-northeast-2","AWS Seoul",
"ec2-dev-iptv-dev-addon-ngblue-v1_31","EC2 Instance","aws",0,1,0,0,0,6,103,240,23,"578094293967","aws-dev-iptv - 578094293967","i-056d7326572050be7","ap-northeast-2","AWS Seoul",
"aiugptapne2-wnkr-ondemand-ai-karpenter","EC2 Instance","aws",0,1,0,0,0,3,33,50,11,"211125464474","aws-prd-ugpt - 211125464474","i-05bdb23125dd9d242","ap-northeast-2","AWS Seoul",
"i-0ac917b0d228d6b67","EC2 Instance","aws",0,1,0,0,0,0,31,46,11,"478195486159","dax-ops - 478195486159","i-0ac917b0d228d6b67","ap-northeast-2","AWS Seoul",
"cleanapne2-grjz-ondemand-styx-karpenter","EC2 Instance","aws",0,1,0,0,0,3,62,187,12,"413372654015","daxclean - 413372654015","i-03df3283ad7d0d7c9","ap-northeast-2","AWS Seoul",
"evalops-jypark","EC2 Instance","aws",0,1,0,0,0,3,50,1122,64,"195275648674","aws-feedback-sredev - 195275648674","i-0cc04cb8aaf5e2d73","ap-northeast-2","AWS Seoul",
"cleandapne2-xfeu-spot-members-karpenter","EC2 Instance","aws",0,1,0,0,0,2,62,187,12,"854531064573","daxcleand - 854531064573","i-0867f65d34f694c2a","ap-northeast-2","AWS Seoul",
"stg-tel-app-nerget-eksng","EC2 Instance","aws",0,1,0,0,0,1,56,93,15,"398073895100","tel-app-dev - 398073895100","i-0f1015ed6eaa40186","ap-northeast-2","AWS Seoul",
"packer-clccd_ivr-was_apnortheast2-x86_64","EC2 Instance","aws",0,1,0,0,0,3,58,74,12,"590184057287","aws-itmod-releng - 590184057287","i-077562354456f70df","ap-northeast-2","AWS Seoul",
"heimdall-net-iptv-prd-extgw-v2-v023","EC2 Instance","aws",0,1,0,0,0,8,96,1612,85,"832627517726","aws-net-iptv - 832627517726","i-0fcab63d773d2a1cb","ap-northeast-2","AWS Seoul",
"heimdall-net-iptv-prd-extgw-v2-v023","EC2 Instance","aws",0,1,0,0,0,8,96,1612,85,"832627517726","aws-net-iptv - 832627517726","i-0a25e8cc3b475b52b","ap-northeast-2","AWS Seoul",
"grootsapne2-aklb-ondemand-karpenter","EC2 Instance","aws",0,1,0,0,0,2,32,49,11,"224811165821","UID_NG - 224811165821","i-0fc236bcd86151250","ap-northeast-2","AWS Seoul",
"jenkins-share-iptv-releng-asg","EC2 Instance","aws",0,1,0,0,0,2,228,396,60,"029480618840","aws-share-iptv - 029480618840","i-02f84c8572ec54f66","ap-northeast-2","AWS Seoul",
"ec2-an2-prod-mvoip-ES-Node03-az2c","EC2 Instance","aws",0,1,0,0,0,21,223,589,51,"891376931275","aws-prd-mvoip010 - 891376931275","i-02fc4877842725977","ap-northeast-2","AWS Seoul",
"ec2-an2-prod-mvoip-ES-Node01-az2a","EC2 Instance","aws",0,1,0,0,0,21,223,589,51,"891376931275","aws-prd-mvoip010 - 891376931275","i-0e630ac986e4e5be5","ap-northeast-2","AWS Seoul",
"ec2-an2-prod-mvoip-ES-Node02-az2b","EC2 Instance","aws",0,1,0,0,0,21,223,589,51,"891376931275","aws-prd-mvoip010 - 891376931275","i-0d0bfbc99f91d2ed4","ap-northeast-2","AWS Seoul",
"prd-ifn-app-dapda-eksng","EC2 Instance","aws",0,1,0,0,0,1,51,62,10,"225723451293","ifn-app-prd - 225723451293","i-0dc1f1b7c8cf00cd4","ap-northeast-2","AWS Seoul",
"eks-node","EC2 Instance","aws",0,1,0,0,0,5,128,439,22,"730335661456","aws-dev-CommunicationAI - 730335661456","i-036f8c08fabde460d","ap-northeast-2","AWS Seoul",
"aiugptapne2-wnkr-ondemand-karpenter","EC2 Instance","aws",0,1,0,0,0,3,32,49,11,"211125464474","aws-prd-ugpt - 211125464474","i-088f1f5673eb3f748","ap-northeast-2","AWS Seoul",
"kubemachine-share-iptv-relengd-v039","EC2 Instance","aws",0,1,0,0,0,9,99,1614,84,"029480618840","aws-share-iptv - 029480618840","i-018e503c024602141","ap-northeast-2","AWS Seoul",
"devkubemachine-share-iptv-releng-v013","EC2 Instance","aws",0,1,0,0,0,9,98,1612,84,"029480618840","aws-share-iptv - 029480618840","i-061de50941aa39b16","ap-northeast-2","AWS Seoul",
"grootsapne2-aklb-spot-karpenter","EC2 Instance","aws",0,1,0,0,0,2,32,49,11,"224811165821","UID_NG - 224811165821","i-08a4ec38339ee1916","ap-northeast-2","AWS Seoul",
"kubemachine-share-iptv-releng-v020","EC2 Instance","aws",0,1,0,0,0,9,99,1614,84,"029480618840","aws-share-iptv - 029480618840","i-0f75ae95ec3ea785e","ap-northeast-2","AWS Seoul",
"teleportauth-share-iptv-relengd-v052","EC2 Instance","aws",0,1,0,0,0,6,84,1594,83,"029480618840","aws-share-iptv - 029480618840","i-061e334d8c62627c6","ap-northeast-2","AWS Seoul",
"windows-teleport-net-iptv-dev-extgw-v000","EC2 Instance","aws",0,1,0,0,0,6,124,2743,150,"832627517726","aws-net-iptv - 832627517726","i-04480b5e7daa0720d","ap-northeast-2","AWS Seoul",
"[Original] 3. CCRPCD(manifest)","EC2 Instance","aws",0,1,0,0,0,21,208,510,51,"054037110790","ifn-vas-dev - 054037110790","i-0a535ec07947055e7","ap-northeast-2","AWS Seoul",
"[Original] 2. VOD_Proxy","EC2 Instance","aws",0,1,0,0,0,18,179,482,42,"054037110790","ifn-vas-dev - 054037110790","i-0bce440c13263ca54","ap-northeast-2","AWS Seoul",
"[Original] 5. LOG","EC2 Instance","aws",0,1,0,0,0,18,188,491,42,"054037110790","ifn-vas-dev - 054037110790","i-09467e5eb3c63ca22","ap-northeast-2","AWS Seoul",
"[Original] 1. Work_Manager","EC2 Instance","aws",0,1,0,0,0,20,190,489,42,"054037110790","ifn-vas-dev - 054037110790","i-06f9aa6646e3c2c80","ap-northeast-2","AWS Seoul",
"[Original] 4. CCRPCD(JITD&JITP)","EC2 Instance","aws",0,1,0,0,0,18,179,482,42,"054037110790","ifn-vas-dev - 054037110790","i-0953a33b93a753db2","ap-northeast-2","AWS Seoul",
"[Original] 1. Work_Manager","EC2 Instance","aws",0,1,0,0,0,19,187,487,42,"662917941167","awsprdcache - 662917941167","i-0033c70b97953c634","ap-northeast-2","AWS Seoul",
"[Original] 3. CCRPCD(manifest)","EC2 Instance","aws",0,1,0,0,0,18,178,482,42,"662917941167","awsprdcache - 662917941167","i-00f2cf94e109b2a3b","ap-northeast-2","AWS Seoul",
"[Original] 4. CCRPCD(JITD&JITP)","EC2 Instance","aws",0,1,0,0,0,18,178,482,42,"662917941167","awsprdcache - 662917941167","i-03ba5dd5f025d5378","ap-northeast-2","AWS Seoul",
"devkubemachine-share-iptv-relengd-v056","EC2 Instance","aws",0,1,0,0,0,9,98,1612,84,"029480618840","aws-share-iptv - 029480618840","i-09e731fafeeebc9f2","ap-northeast-2","AWS Seoul",
"rlp-rbm-sg-app-eksng","EC2 Instance","aws",0,1,0,0,0,2,88,219,17,"225723451293","ifn-app-prd - 225723451293","i-04f1a8498cfe93b53","ap-northeast-2","AWS Seoul",
"rlp-rbm-sg-app-eksng","EC2 Instance","aws",0,1,0,0,0,2,88,218,17,"225723451293","ifn-app-prd - 225723451293","i-07c030afc0ed9d0dd","ap-northeast-2","AWS Seoul",
"ec2-dev-clp-ap-az2a","EC2 Instance","aws",0,1,0,0,0,9,284,739,51,"767398045923","upluslangportal_dev - 767398045923","i-0c251b85d37a44117","ap-northeast-2","AWS Seoul",
"eks-node","EC2 Instance","aws",0,1,0,0,0,5,128,439,22,"730335661456","aws-dev-CommunicationAI - 730335661456","i-0ae69f87327c2757d","ap-northeast-2","AWS Seoul",
"es-nodegroup-pc-prod-prod-eks-2","EC2 Instance","aws",0,1,0,0,0,10,253,780,67,"360600168182","AWS_PROD_NUPD2 - 360600168182","i-0835ed8c6ec96d5e0","ap-northeast-2","AWS Seoul",
"es-nodegroup-pc-prod-prod-eks-4","EC2 Instance","aws",0,1,0,0,0,10,253,780,67,"360600168182","AWS_PROD_NUPD2 - 360600168182","i-086dd9d70c58ee704","ap-northeast-2","AWS Seoul",
"es-nodegroup-pc-prod-prod-eks-1","EC2 Instance","aws",0,1,0,0,0,10,253,780,67,"360600168182","AWS_PROD_NUPD2 - 360600168182","i-03fc1874baa4b0b8b","ap-northeast-2","AWS Seoul",
"es-nodegroup-pc-prod-prod-eks-3","EC2 Instance","aws",0,1,0,0,0,10,253,780,67,"360600168182","AWS_PROD_NUPD2 - 360600168182","i-0d6c21705e28fedc0","ap-northeast-2","AWS Seoul",
"ec2-an2-qa-mvoip-ES-Node-02-2b","EC2 Instance","aws",0,1,0,0,0,22,234,623,61,"654654395166","aws-stg-mvoip010 - 654654395166","i-0833f644bdc62d01b","ap-northeast-2","AWS Seoul",
"eks-node-prod-idaas","EC2 Instance","aws",0,1,0,0,0,12,197,604,36,"533267342945","aws-prd-idaas - 533267342945","i-0c331a369ba396d28","ap-northeast-2","AWS Seoul",
"rbp-cpx-eks-node","EC2 Instance","aws",0,1,0,0,0,6,159,520,23,"437437657957","tel-bss-prd - 437437657957","i-0ab39868538fce97a","ap-northeast-2","AWS Seoul",
"BitBucket prod","EC2 Instance","aws",0,1,0,0,0,71,848,1507,258,"072551541449","AWS_DEV_NUPD - 072551541449","i-005ce30292ecc2dca","ap-northeast-2","AWS Seoul",
"Amdocs Proxy Svr","EC2 Instance","aws",0,1,0,0,0,19,465,937,208,"072551541449","AWS_DEV_NUPD - 072551541449","i-06a799b73b9b94c0a","ap-northeast-2","AWS Seoul",
"env-d-uat RA Server","EC2 Instance","aws",0,1,0,0,0,13,476,901,146,"072551541449","AWS_DEV_NUPD - 072551541449","i-00b45af67a056615e","ap-northeast-2","AWS Seoul",
"env-a-uat RA Server","EC2 Instance","aws",0,1,0,0,0,13,476,901,146,"072551541449","AWS_DEV_NUPD - 072551541449","i-0cd54886b4ab64959","ap-northeast-2","AWS Seoul",
"couchbase-b-nodegroup-pc-prod-prod-eks","EC2 Instance","aws",0,1,0,0,0,10,253,780,67,"360600168182","AWS_PROD_NUPD2 - 360600168182","i-0308b066ceeba9638","ap-northeast-2","AWS Seoul",
"couchbase-a-nodegroup-pc-prod-prod-eks","EC2 Instance","aws",0,1,0,0,0,10,253,780,67,"360600168182","AWS_PROD_NUPD2 - 360600168182","i-01eb282f3b9c8cb0d","ap-northeast-2","AWS Seoul",
"couchbase-a-nodegroup-pc-prod-prod-eks","EC2 Instance","aws",0,1,0,0,0,10,253,780,67,"360600168182","AWS_PROD_NUPD2 - 360600168182","i-0a4a30f0fab8202af","ap-northeast-2","AWS Seoul",
"couchbase-b-nodegroup-pc-prod-prod-eks","EC2 Instance","aws",0,1,0,0,0,10,253,780,67,"360600168182","AWS_PROD_NUPD2 - 360600168182","i-024b7734e1c7c0957","ap-northeast-2","AWS Seoul",
"application-nodegroup-pc-prod-prod-eks","EC2 Instance","aws",0,1,0,0,0,11,262,781,61,"360600168182","AWS_PROD_NUPD2 - 360600168182","i-032b53024e8e03c5f","ap-northeast-2","AWS Seoul",
"couchbase-a-nodegroup-pc-prod-prod-eks","EC2 Instance","aws",0,1,0,0,0,10,253,780,67,"360600168182","AWS_PROD_NUPD2 - 360600168182","i-05ea4b96e2d82f7f1","ap-northeast-2","AWS Seoul",
"couchbase-b-nodegroup-pc-prod-prod-eks","EC2 Instance","aws",0,1,0,0,0,10,253,780,67,"360600168182","AWS_PROD_NUPD2 - 360600168182","i-020a44013dc1ce56e","ap-northeast-2","AWS Seoul",
"application-nodegroup-pc-prod-prod-eks","EC2 Instance","aws",0,1,0,0,0,12,257,775,61,"360600168182","AWS_PROD_NUPD2 - 360600168182","i-0f6ded2aeb8b12b7e","ap-northeast-2","AWS Seoul",
"application-nodegroup-pc-prod-prod-eks","EC2 Instance","aws",0,1,0,0,0,11,254,773,61,"360600168182","AWS_PROD_NUPD2 - 360600168182","i-0d1ce618dcc4175dc","ap-northeast-2","AWS Seoul",
"couchbase-b-nodegroup-pc-prod-prod-eks","EC2 Instance","aws",0,1,0,0,0,10,253,780,67,"360600168182","AWS_PROD_NUPD2 - 360600168182","i-0323ffa489a29779d","ap-northeast-2","AWS Seoul",
"couchbase-b-nodegroup-pc-prod-prod-eks","EC2 Instance","aws",0,1,0,0,0,10,253,780,67,"360600168182","AWS_PROD_NUPD2 - 360600168182","i-05ed94963e7d22984","ap-northeast-2","AWS Seoul",
"couchbase-b-nodegroup-pc-prod-prod-eks","EC2 Instance","aws",0,1,0,0,0,10,253,780,67,"360600168182","AWS_PROD_NUPD2 - 360600168182","i-08d8835ef86aeaa45","ap-northeast-2","AWS Seoul",
"ec2-stg-irsc-private-web-01-az2a","EC2 Instance","aws",0,1,0,0,0,16,175,513,40,"349811652617","aws-stg-irc - 349811652617","i-074a9db466915f8c2","ap-northeast-2","AWS Seoul",
"ec2-stg-irsc-private-was-01-az2a","EC2 Instance","aws",0,1,0,0,0,17,187,521,42,"349811652617","aws-stg-irc - 349811652617","i-01b1320e2ea79fd6d","ap-northeast-2","AWS Seoul",
"ec2-stg-irsc-private-batch-01-az2a","EC2 Instance","aws",0,1,0,0,0,16,184,545,156,"349811652617","aws-stg-irc - 349811652617","i-0af4ea4cadb518786","ap-northeast-2","AWS Seoul",
"eks-node","EC2 Instance","aws",0,1,0,0,0,5,128,439,22,"590184025818","aws-prd-CommunicationAI - 590184025818","i-04ef66e6c9914f1b7","ap-northeast-2","AWS Seoul",
"eks-node","EC2 Instance","aws",0,1,0,0,0,5,128,439,22,"590184025818","aws-prd-CommunicationAI - 590184025818","i-0b4d125cf06ca4982","ap-northeast-2","AWS Seoul",
"prd-tel-app-nerget-feed-eksng","EC2 Instance","aws",0,1,0,0,0,1,56,93,15,"066041004946","tel-app-prd - 066041004946","i-02b8c5ec1099e349a","ap-northeast-2","AWS Seoul",
"eks-node-prod-idaas","EC2 Instance","aws",0,1,0,0,0,12,197,604,36,"533267342945","aws-prd-idaas - 533267342945","i-066330c5b6c9f6e41","ap-northeast-2","AWS Seoul",
"ec2-qa-da-ssp-mgmt-az2c","EC2 Instance","aws",0,1,0,0,0,29,576,1664,79,"594483047342","aws-stg-ad001 - 594483047342","i-07e399b83755c9ab7","ap-northeast-2","AWS Seoul",
"ec2-qa-da-ssp-mgmt-az2a","EC2 Instance","aws",0,1,0,0,0,29,576,1664,79,"594483047342","aws-stg-ad001 - 594483047342","i-02c2c25a9bc1bd956","ap-northeast-2","AWS Seoul",
"SRE-SSM","EC2 Instance","aws",0,1,0,0,0,23,229,619,40,"211125464474","aws-prd-ugpt - 211125464474","i-0a2ea1acf5dbeaa3e","ap-northeast-2","AWS Seoul",
"ec2-prd-aibzc-sip-az2a-01","EC2 Instance","aws",0,1,0,0,0,27,238,2665,1432,"905418323166","aws-prd-mvoip070 - 905418323166","i-053ed0c84cdbd2c0a","ap-northeast-2","AWS Seoul",
"ec2-an2-qa-mvoip-redis-shake-01a","EC2 Instance","aws",0,1,0,0,0,0,22,41,8,"654654395166","aws-stg-mvoip010 - 654654395166","i-0c84957c3693cd654","ap-northeast-2","AWS Seoul",
"DB-Proxy-call-admin-aurora-0(3105)","EC2 Instance","aws",0,1,0,0,0,2,12,858,36,"590184025818","aws-prd-CommunicationAI - 590184025818","i-0605f0220fe21a46d","ap-northeast-2","AWS Seoul",
"ixi-O-EC2-SRE","EC2 Instance","aws",0,1,0,0,0,8,149,456,27,"590184025818","aws-prd-CommunicationAI - 590184025818","i-0d007a86906fdd05b","ap-northeast-2","AWS Seoul",
"DB-Proxy-call-aurora-1(3102)","EC2 Instance","aws",0,1,0,0,0,2,21,1304,44,"590184025818","aws-prd-CommunicationAI - 590184025818","i-02a4f10b284c0ee5f","ap-northeast-2","AWS Seoul",
"DB-Proxy-call-aurora-0(3101)","EC2 Instance","aws",0,1,0,0,0,2,21,1304,44,"590184025818","aws-prd-CommunicationAI - 590184025818","i-0faf1cf6f1f02a316","ap-northeast-2","AWS Seoul",
"eks-node","EC2 Instance","aws",0,1,0,0,0,5,128,439,22,"211125464474","aws-prd-ugpt - 211125464474","i-09fea8ef865a4ee9f","ap-northeast-2","AWS Seoul",
"eks-node","EC2 Instance","aws",0,1,0,0,0,5,128,439,22,"211125464474","aws-prd-ugpt - 211125464474","i-048bd900931d72389","ap-northeast-2","AWS Seoul",
"ec2-an2-qa-mvoip-OAM-Master-01-2a","EC2 Instance","aws",0,1,0,0,0,26,253,661,65,"654654395166","aws-stg-mvoip010 - 654654395166","i-0e9a4cb84c0c77cb2","ap-northeast-2","AWS Seoul",
"ec2-an2-qa-mvoip-OAM-Master-03-2c","EC2 Instance","aws",0,1,0,0,0,26,253,661,65,"654654395166","aws-stg-mvoip010 - 654654395166","i-06cb5dffa3b962196","ap-northeast-2","AWS Seoul",
"ec2-an2-qa-mvoip-ES-Node-01-2a","EC2 Instance","aws",0,1,0,0,0,22,234,623,61,"654654395166","aws-stg-mvoip010 - 654654395166","i-0c2d443a7e7d9ac1e","ap-northeast-2","AWS Seoul",
"ec2-an2-qa-mvoip-OAM-Master-02-2b","EC2 Instance","aws",0,1,0,0,0,26,253,661,65,"654654395166","aws-stg-mvoip010 - 654654395166","i-05fd4a448be763493","ap-northeast-2","AWS Seoul",
"ec2-an2-qa-mvoip-ES-Node-03-2c","EC2 Instance","aws",0,1,0,0,0,22,234,623,61,"654654395166","aws-stg-mvoip010 - 654654395166","i-07de079204202f178","ap-northeast-2","AWS Seoul",
"aiugptapne2-wnkr-ondemand-karpenter","EC2 Instance","aws",0,1,0,0,0,3,32,49,11,"211125464474","aws-prd-ugpt - 211125464474","i-01c1b1f32b7fb1468","ap-northeast-2","AWS Seoul",
"cleanapne2-grjz-ondemand-members-karpenter","EC2 Instance","aws",0,1,0,0,0,3,62,187,12,"413372654015","daxclean - 413372654015","i-096032fe9627266e4","ap-northeast-2","AWS Seoul",
"ec2-prd-irsc-private-batch-01-az2a","EC2 Instance","aws",0,1,0,0,0,16,183,545,156,"781743166043","aws-prd-irc - 781743166043","i-098b32af9383357db","ap-northeast-2","AWS Seoul",
"teleportauth-share-iptv-releng-v020","EC2 Instance","aws",0,1,0,0,0,6,84,1594,83,"029480618840","aws-share-iptv - 029480618840","i-001f04d5c0dd62607","ap-northeast-2","AWS Seoul",
"teleportproxy-share-iptv-releng-v009","EC2 Instance","aws",0,1,0,0,0,7,93,1606,84,"029480618840","aws-share-iptv - 029480618840","i-0aefce7d83dbb7b29","ap-northeast-2","AWS Seoul",
"teleportproxy-share-iptv-relengd-v021","EC2 Instance","aws",0,1,0,0,0,7,93,1606,84,"029480618840","aws-share-iptv - 029480618840","i-0d8a3807fd952ac7e","ap-northeast-2","AWS Seoul",
"test-system-jenkins","EC2 Instance","aws",0,1,0,0,0,45,197,1250,162,"590183821488","yunbokju - 590183821488","i-0fdbf0af7c2af8e82","ap-northeast-2","AWS Seoul",
"i-050f2f00b44b98ab5","EC2 Instance","aws",0,1,0,0,0,0,36,53,12,"478195486159","dax-ops - 478195486159","i-050f2f00b44b98ab5","ap-northeast-2","AWS Seoul",
"ec2-prd-irsc-private-was-01-az2a","EC2 Instance","aws",0,1,0,0,0,16,183,518,41,"781743166043","aws-prd-irc - 781743166043","i-01f15e0a5cfae17bb","ap-northeast-2","AWS Seoul",
"ec2-prd-irsc-private-was-02-az2c","EC2 Instance","aws",0,1,0,0,0,16,183,518,41,"781743166043","aws-prd-irc - 781743166043","i-07d4703f6dc233552","ap-northeast-2","AWS Seoul",
"ec2-prd-irsc-private-web-01-az2a","EC2 Instance","aws",0,1,0,0,0,16,174,513,40,"781743166043","aws-prd-irc - 781743166043","i-02edbc3127578547e","ap-northeast-2","AWS Seoul",
"ec2-prd-irsc-private-web-02-az2c","EC2 Instance","aws",0,1,0,0,0,16,174,513,40,"781743166043","aws-prd-irc - 781743166043","i-00a66e241e76e43a5","ap-northeast-2","AWS Seoul",
"ec2-dev-spamai-infer-02-az2b","EC2 Instance","aws",0,1,0,0,0,6,128,421,23,"703671913000","aws-dev-spamAI - 703671913000","i-05b1035944b2c1018","ap-northeast-2","AWS Seoul",
"ec2-dev-spamai-infer-01-az2a","EC2 Instance","aws",0,1,0,0,0,6,128,421,23,"703671913000","aws-dev-spamAI - 703671913000","i-0897a0ee7b85adeff","ap-northeast-2","AWS Seoul",
"ec2-dev-spamai-batch-01-az2a","EC2 Instance","aws",0,1,0,0,0,2,108,378,19,"703671913000","aws-dev-spamAI - 703671913000","i-05e05f78d21c90b0f","ap-northeast-2","AWS Seoul",
"cleanapne2-grjz-ondemand-members-karpenter","EC2 Instance","aws",0,1,0,0,0,3,62,187,12,"413372654015","daxclean - 413372654015","i-07f593f4453eb949a","ap-northeast-2","AWS Seoul",
"eks-node-dev-idaas","EC2 Instance","aws",0,1,0,0,0,12,198,603,36,"767397957885","aws-dev-idaas - 767397957885","i-03f35f63f10781cb2","ap-northeast-2","AWS Seoul",
"new-eks-mng-node_reward-1_29","EC2 Instance","aws",0,1,0,0,0,15,115,254,19,"713747519962","aws-prd-ad001 - 713747519962","i-0f15e0229c40c596f","ap-northeast-2","AWS Seoul",
"eks-node","EC2 Instance","aws",0,1,0,0,0,5,128,439,22,"730335661456","aws-dev-CommunicationAI - 730335661456","i-0fcd4e42982845943","ap-northeast-2","AWS Seoul",
"ec2-dev-da-ssp-openreplay","EC2 Instance","aws",0,1,0,0,0,33,378,946,44,"657930461729","aws-dev-ad001 - 657930461729","i-0a31fa6a4a01fda0c","ap-northeast-2","AWS Seoul",
"ec2-dev-clcc-vars-uiux-was","EC2 Instance","aws",0,1,0,0,0,3,92,245,16,"773872345005","awsdevclcc - 773872345005","i-00524c1c30dd503af","ap-northeast-2","AWS Seoul",
"cleandapne2-xfeu-spot-karpenter","EC2 Instance","aws",0,1,0,0,0,2,62,187,12,"854531064573","daxcleand - 854531064573","i-0f5d5763faa998df3","ap-northeast-2","AWS Seoul",
"eks-node-prod-indxuplus","EC2 Instance","aws",0,1,0,0,0,6,95,225,16,"279551154135","indxuplus - 279551154135","i-0c701aefbf7d3dbe1","ap-northeast-2","AWS Seoul",
"eks-node-prod-indxuplus","EC2 Instance","aws",0,1,0,0,0,6,95,225,16,"279551154135","indxuplus - 279551154135","i-079885d5e6f9a72d3","ap-northeast-2","AWS Seoul",
"eks-node-prod-indxuplus","EC2 Instance","aws",0,1,0,0,0,6,95,225,16,"279551154135","indxuplus - 279551154135","i-05fcd92102a53446a","ap-northeast-2","AWS Seoul",
"rbd-mtx-eks-node-access","EC2 Instance","aws",0,1,0,0,0,8,174,460,21,"030982055456","tel-bss-dev - 030982055456","i-033f465a3f09562e3","ap-northeast-2","AWS Seoul",
"whkim20-dev","EC2 Instance","aws",0,1,0,0,0,7,57,1029,83,"590183678280","aws-dev-ugpt - 590183678280","i-026fbb77d1b079a9f","ap-northeast-2","AWS Seoul",
"eks-node-prod-hyundai-mvmtv-mobiletv","EC2 Instance","aws",0,1,0,0,0,6,95,225,16,"452661163619","aws-prd-mvmtv - 452661163619","i-0d108939ee7445d04","ap-northeast-2","AWS Seoul",
"eks-node-prod-hyundai-mvmtv-mobiletv","EC2 Instance","aws",0,1,0,0,0,6,95,225,16,"452661163619","aws-prd-mvmtv - 452661163619","i-053caa677a42dd8bd","ap-northeast-2","AWS Seoul",
"eks-node-prod-hyundai-mvmtv-game","EC2 Instance","aws",0,1,0,0,0,6,95,225,16,"452661163619","aws-prd-mvmtv - 452661163619","i-0ef6739208548d8b5","ap-northeast-2","AWS Seoul",
"ubuntu-stg-test","EC2 Instance","aws",0,1,0,0,0,4,50,1022,90,"590183678280","aws-dev-ugpt - 590183678280","i-05ab3cd22476745fb","ap-northeast-2","AWS Seoul",
"eks-node-dev-idaas","EC2 Instance","aws",0,1,0,0,0,12,198,603,36,"767397957885","aws-dev-idaas - 767397957885","i-00723d9bb369d85f5","ap-northeast-2","AWS Seoul",
"i-0c6130e5fcfb6373a","EC2 Instance","aws",0,1,0,0,0,0,33,50,11,"798345363128","chewauth.preprod - 798345363128","i-0c6130e5fcfb6373a","ap-northeast-2","AWS Seoul",
"i-0880f564f069c28c7","EC2 Instance","aws",0,1,0,0,0,0,33,50,11,"798345363128","chewauth.preprod - 798345363128","i-0880f564f069c28c7","ap-northeast-2","AWS Seoul",
"i-027c62b9a74da1840","EC2 Instance","aws",0,1,0,0,0,0,33,50,11,"798345363128","chewauth.preprod - 798345363128","i-027c62b9a74da1840","ap-northeast-2","AWS Seoul",
"aws-cloud9-CICD-test-c2f94127ad104c2d96680e194dc6926e","EC2 Instance","aws",0,1,0,0,0,83,535,1130,155,"532244111777","AWS_CM_SHARE - 532244111777","i-00000e7f3245f8c3d","ap-northeast-2","AWS Seoul",
"ec2-qa-robotcp-amdt","EC2 Instance","aws",0,1,0,0,0,7,149,336,25,"245115655228","aws-stg-robot - 245115655228","i-07909d93472c4053c","ap-northeast-2","AWS Seoul",
"ec2-qa-robotcp-mon-was","EC2 Instance","aws",0,1,0,0,0,7,149,336,25,"245115655228","aws-stg-robot - 245115655228","i-080b2d5ed9787a414","ap-northeast-2","AWS Seoul",
"ec2-qa-robotcp-ctrl","EC2 Instance","aws",0,1,0,0,0,7,149,336,25,"245115655228","aws-stg-robot - 245115655228","i-0dfdbb5297844ad0c","ap-northeast-2","AWS Seoul",
"ec2-qa-robotcp-colt","EC2 Instance","aws",0,1,0,0,0,7,149,336,25,"245115655228","aws-stg-robot - 245115655228","i-00bb2ae76c4ae14df","ap-northeast-2","AWS Seoul",
"ec2-qa-robotcp-app-web","EC2 Instance","aws",0,1,0,0,0,7,149,336,25,"245115655228","aws-stg-robot - 245115655228","i-09e91a986611a4ca2","ap-northeast-2","AWS Seoul",
"ec2-qa-robotcp-mgmt-web","EC2 Instance","aws",0,1,0,0,0,7,149,336,25,"245115655228","aws-stg-robot - 245115655228","i-0c280f50ea259cd9f","ap-northeast-2","AWS Seoul",
"ec2-qa-robotcp-krobogw-was","EC2 Instance","aws",0,1,0,0,0,7,149,336,25,"245115655228","aws-stg-robot - 245115655228","i-03007564ea578cd02","ap-northeast-2","AWS Seoul",
"ec2-qa-robotcp-app-was","EC2 Instance","aws",0,1,0,0,0,9,150,337,25,"245115655228","aws-stg-robot - 245115655228","i-0317a33907605d238","ap-northeast-2","AWS Seoul",
"ec2-qa-robotcp-bat","EC2 Instance","aws",0,1,0,0,0,11,174,358,29,"245115655228","aws-stg-robot - 245115655228","i-01af992299cb75fbc","ap-northeast-2","AWS Seoul",
"ec2-qa-robotcp-amdt","EC2 Instance","aws",0,1,0,0,0,7,149,336,25,"245115655228","aws-stg-robot - 245115655228","i-081b6baa65ceb11c5","ap-northeast-2","AWS Seoul",
"ec2-qa-robotcp-mon-web","EC2 Instance","aws",0,1,0,0,0,7,149,335,25,"245115655228","aws-stg-robot - 245115655228","i-0a3a776d26ddc1d26","ap-northeast-2","AWS Seoul",
"ec2-qa-robotcp-vdgw-was","EC2 Instance","aws",0,1,0,0,0,7,149,336,25,"245115655228","aws-stg-robot - 245115655228","i-0704b9202b671bc24","ap-northeast-2","AWS Seoul",
"ec2-qa-robotcp-lgsrgw-was","EC2 Instance","aws",0,1,0,0,0,7,149,336,25,"245115655228","aws-stg-robot - 245115655228","i-077706115a3f3d83a","ap-northeast-2","AWS Seoul",
"ec2-qa-robotcp-oapi","EC2 Instance","aws",0,1,0,0,0,7,149,335,25,"245115655228","aws-stg-robot - 245115655228","i-0b606a436e9d5f32d","ap-northeast-2","AWS Seoul",
"ec2-qa-robotcp-mon-was","EC2 Instance","aws",0,1,0,0,0,7,149,336,25,"245115655228","aws-stg-robot - 245115655228","i-041a41c20b8f311b6","ap-northeast-2","AWS Seoul",
"ec2-qa-robotcp-lgsrgw-was","EC2 Instance","aws",0,1,0,0,0,7,149,336,25,"245115655228","aws-stg-robot - 245115655228","i-09435b74c41962ca3","ap-northeast-2","AWS Seoul",
"ec2-qa-robotcp-oapi","EC2 Instance","aws",0,1,0,0,0,7,149,335,25,"245115655228","aws-stg-robot - 245115655228","i-07e865d5ab4bd9b2e","ap-northeast-2","AWS Seoul",
"ec2-qa-robotcp-config-mgmt","EC2 Instance","aws",0,1,0,0,0,18,182,387,38,"245115655228","aws-stg-robot - 245115655228","i-0ed5d67d6daf16e24","ap-northeast-2","AWS Seoul",
"ec2-qa-robotcp-ctrl","EC2 Instance","aws",0,1,0,0,0,7,149,336,25,"245115655228","aws-stg-robot - 245115655228","i-01f66ced7f1a5e18f","ap-northeast-2","AWS Seoul",
"ec2-qa-robotcp-vdgw-was","EC2 Instance","aws",0,1,0,0,0,7,149,336,25,"245115655228","aws-stg-robot - 245115655228","i-094c8314f10fef7e6","ap-northeast-2","AWS Seoul",
"ec2-qa-robotcp-mgmt-was","EC2 Instance","aws",0,1,0,0,0,7,149,336,25,"245115655228","aws-stg-robot - 245115655228","i-056d8ed25f027e3b5","ap-northeast-2","AWS Seoul",
"ec2-qa-robotcp-mgmt-web","EC2 Instance","aws",0,1,0,0,0,7,149,336,25,"245115655228","aws-stg-robot - 245115655228","i-0c1a80ac6b6202c78","ap-northeast-2","AWS Seoul",
"ec2-dev-robotcp-mon-web","EC2 Instance","aws",0,1,0,0,0,8,148,325,25,"212009855735","aws-dev-robot - 212009855735","i-0c2ffa4125b641673","ap-northeast-2","AWS Seoul",
"ec2-dev-robotcp-colt","EC2 Instance","aws",0,1,0,0,0,8,150,331,25,"212009855735","aws-dev-robot - 212009855735","i-09b85d99716ff0b90","ap-northeast-2","AWS Seoul",
"ec2-dev-robotcp-mgmt-web","EC2 Instance","aws",0,1,0,0,0,6,147,345,32,"212009855735","aws-dev-robot - 212009855735","i-07c3676b2154acc26","ap-northeast-2","AWS Seoul",
"ec2-dev-robotcp-amdt","EC2 Instance","aws",0,1,0,0,0,8,150,331,25,"212009855735","aws-dev-robot - 212009855735","i-0c243626f35eb32ca","ap-northeast-2","AWS Seoul",
"ec2-dev-robotcp-ctrl","EC2 Instance","aws",0,1,0,0,0,8,150,331,25,"212009855735","aws-dev-robot - 212009855735","i-0dd926a82bbcf8d65","ap-northeast-2","AWS Seoul",
"ec2-dev-robotcp-lgsrgw-was","EC2 Instance","aws",0,1,0,0,0,8,150,331,25,"212009855735","aws-dev-robot - 212009855735","i-060c0080681f3b1de","ap-northeast-2","AWS Seoul",
"ec2-dev-robotcp-oapi","EC2 Instance","aws",0,1,0,0,0,7,167,302,17,"212009855735","aws-dev-robot - 212009855735","i-06de48cc814150695","ap-northeast-2","AWS Seoul",
"ec2-dev-robotcp-config-mgmt","EC2 Instance","aws",0,1,0,0,0,14,217,500,30,"212009855735","aws-dev-robot - 212009855735","i-08dd8554f0e09e79a","ap-northeast-2","AWS Seoul",
"ec2-dev-robotcp-app-was","EC2 Instance","aws",0,1,0,0,0,8,150,331,25,"212009855735","aws-dev-robot - 212009855735","i-006fac0e59f872a86","ap-northeast-2","AWS Seoul",
"ec2-dev-robotcp-bat","EC2 Instance","aws",0,1,0,0,0,14,239,545,28,"212009855735","aws-dev-robot - 212009855735","i-07fe912ac7f008915","ap-northeast-2","AWS Seoul",
"ec2-dev-robotcp-vdgw-was","EC2 Instance","aws",0,1,0,0,0,6,142,327,25,"212009855735","aws-dev-robot - 212009855735","i-00cba138793ce0c34","ap-northeast-2","AWS Seoul",
"ec2-dev-robotcp-app-web","EC2 Instance","aws",0,1,0,0,0,8,150,331,25,"212009855735","aws-dev-robot - 212009855735","i-0fbffd2e7539e84b8","ap-northeast-2","AWS Seoul",
"ec2-dev-robotcp-krobogw-was","EC2 Instance","aws",0,1,0,0,0,6,142,329,25,"212009855735","aws-dev-robot - 212009855735","i-06407cc0afd33247b","ap-northeast-2","AWS Seoul",
"ec2-dev-robotcp-mgmt-was","EC2 Instance","aws",0,1,0,0,0,8,150,331,25,"212009855735","aws-dev-robot - 212009855735","i-0616e45fac7f761ce","ap-northeast-2","AWS Seoul",
"ec2-dev-robotcp-mon-was","EC2 Instance","aws",0,1,0,0,0,8,150,330,25,"212009855735","aws-dev-robot - 212009855735","i-0df2d96d5254d7820","ap-northeast-2","AWS Seoul",
"ec2-qa-robotcp-mon-web","EC2 Instance","aws",0,1,0,0,0,9,150,336,25,"245115655228","aws-stg-robot - 245115655228","i-08b9239d353eec6db","ap-northeast-2","AWS Seoul",
"ec2-qa-robotcp-app-was","EC2 Instance","aws",0,1,0,0,0,7,149,336,25,"245115655228","aws-stg-robot - 245115655228","i-0d6fd78ee192b10d9","ap-northeast-2","AWS Seoul",
"ec2-qa-robotcp-config-mgmt","EC2 Instance","aws",0,1,0,0,0,14,238,565,33,"245115655228","aws-stg-robot - 245115655228","i-089d3e716a32bc451","ap-northeast-2","AWS Seoul",
"ec2-qa-robotcp-mgmt-was","EC2 Instance","aws",0,1,0,0,0,7,149,336,25,"245115655228","aws-stg-robot - 245115655228","i-010c0285a7350b185","ap-northeast-2","AWS Seoul",
"ec2-qa-robotcp-bat","EC2 Instance","aws",0,1,0,0,0,7,149,335,25,"245115655228","aws-stg-robot - 245115655228","i-0836db19b17906d3a","ap-northeast-2","AWS Seoul",
"ec2-qa-robotcp-app-web","EC2 Instance","aws",0,1,0,0,0,7,149,336,25,"245115655228","aws-stg-robot - 245115655228","i-0546a0d3857853136","ap-northeast-2","AWS Seoul",
"ec2-qa-robotcp-colt","EC2 Instance","aws",0,1,0,0,0,7,149,336,25,"245115655228","aws-stg-robot - 245115655228","i-0d5e85d6a1b6cc35e","ap-northeast-2","AWS Seoul",
"cleanapne2-grjz-ondemand-members-karpenter","EC2 Instance","aws",0,1,0,0,0,3,62,187,12,"413372654015","daxclean - 413372654015","i-0ee36461b8cd3371f","ap-northeast-2","AWS Seoul",
"i-066afbc40dc4e9bdb","EC2 Instance","aws",0,1,0,0,0,1,146,644,22,"953155295956","AWS_DEV_EAGW - 953155295956","i-066afbc40dc4e9bdb","ap-northeast-2","AWS Seoul",
"ec2-share-iptv-relengd-cluster-inplace-karpenter-node","EC2 Instance","aws",0,1,0,0,0,2,46,79,16,"029480618840","aws-share-iptv - 029480618840","i-0101d0b7edd02b798","ap-northeast-2","AWS Seoul",
"cleanapne2-grjz-ondemand-members-karpenter","EC2 Instance","aws",0,1,0,0,0,3,62,187,12,"413372654015","daxclean - 413372654015","i-00839698661777922","ap-northeast-2","AWS Seoul",
"nodegroup-rbm-shared","EC2 Instance","aws",0,1,0,0,0,1,51,59,10,"826990675396","ifn-com-devops - 826990675396","i-017b7aec87d6a67b3","ap-northeast-2","AWS Seoul",
"rsd-rbm-gitrunner-eksng","EC2 Instance","aws",0,1,0,0,0,1,51,59,10,"826990675396","ifn-com-devops - 826990675396","i-03e53e4ccbc1a6bda","ap-northeast-2","AWS Seoul",
"nodegroup-rbm-shared","EC2 Instance","aws",0,1,0,0,0,1,51,59,10,"826990675396","ifn-com-devops - 826990675396","i-070db218fe9cfae41","ap-northeast-2","AWS Seoul",
"rsd-rbm-gitrunner-eksng","EC2 Instance","aws",0,1,0,0,0,1,51,59,10,"826990675396","ifn-com-devops - 826990675396","i-05cc0d87ec9dc4e8e","ap-northeast-2","AWS Seoul",
" rtp-app-extem-nodegr-eksng","EC2 Instance","aws",0,1,0,0,0,2,88,218,17,"225723451293","ifn-app-prd - 225723451293","i-08b0271d79f877fd8","ap-northeast-2","AWS Seoul",
"ixio-alb-test-priavte","EC2 Instance","aws",0,1,0,0,0,0,30,43,10,"637423566905","aws-dev-mswnetd - 637423566905","i-0066d500d1441d2ab","ap-northeast-2","AWS Seoul",
"ixio-lattice-test","EC2 Instance","aws",0,1,0,0,0,0,30,43,10,"637423566905","aws-dev-mswnetd - 637423566905","i-0500eaaee5f222301","ap-northeast-2","AWS Seoul",
"ec2-share-iptv-relengd-addon-ngblue-inplace","EC2 Instance","aws",0,1,0,0,0,4,48,90,17,"029480618840","aws-share-iptv - 029480618840","i-04e51768392ec0742","ap-northeast-2","AWS Seoul",
"ec2-share-iptv-relengd-addon-ngblue-inplace","EC2 Instance","aws",0,1,0,0,0,4,48,90,17,"029480618840","aws-share-iptv - 029480618840","i-03cf84b4ec9fe3b77","ap-northeast-2","AWS Seoul",
"cleanapne2-grjz-ondemand-members-karpenter","EC2 Instance","aws",0,1,0,0,0,3,62,187,12,"413372654015","daxclean - 413372654015","i-004cb6319cfc4a7c2","ap-northeast-2","AWS Seoul",
"ec2-prd-clcc-ivr-was-03-mobile","EC2 Instance","aws",0,1,0,0,0,10,210,819,57,"230837497989","awsprdclcc - 230837497989","i-05524888a0ab4a63a","ap-northeast-2","AWS Seoul",
"ec2-prd-clcc-ivr-was-04-mobile","EC2 Instance","aws",0,1,0,0,0,9,208,819,56,"230837497989","awsprdclcc - 230837497989","i-0ed5d636e132c121a","ap-northeast-2","AWS Seoul",
"querypie-opssec_apnortheast2-v004","EC2 Instance","aws",0,1,0,0,0,5,321,1062,125,"478195486159","dax-ops - 478195486159","i-01340cf74d745edbc","ap-northeast-2","AWS Seoul",
"jenkins-ops_apnortheast2-v017","EC2 Instance","aws",0,1,0,0,0,4,82,238,17,"478195486159","dax-ops - 478195486159","i-01a9e135c3048661b","ap-northeast-2","AWS Seoul",
"ec2-prd-clcc-stt-gateway-01-home","EC2 Instance","aws",0,1,0,0,0,90,348,385,33,"230837497989","awsprdclcc - 230837497989","i-05e2b6aa5fc8d233d","ap-northeast-2","AWS Seoul",
"ec2-prd-clcc-prx-nginx-01-rec","EC2 Instance","aws",0,1,0,0,0,6,201,711,40,"230837497989","awsprdclcc - 230837497989","i-07453ce1bf0b5cd92","ap-northeast-2","AWS Seoul",
"ec2-prd-clcc-stt-gateway-02-home","EC2 Instance","aws",0,1,0,0,0,90,348,385,33,"230837497989","awsprdclcc - 230837497989","i-0fa391b19ebace93b","ap-northeast-2","AWS Seoul",
"ec2-prd-clcc-stt-gateway-01-mobile","EC2 Instance","aws",0,1,0,0,0,90,348,385,33,"230837497989","awsprdclcc - 230837497989","i-0b95c75134792941f","ap-northeast-2","AWS Seoul",
"ec2-prd-clcc-stt-gateway-02-mobile","EC2 Instance","aws",0,1,0,0,0,90,348,385,33,"230837497989","awsprdclcc - 230837497989","i-056d479fb423db598","ap-northeast-2","AWS Seoul",
"jusoro-ntoss_apnortheast2-v003","EC2 Instance","aws",0,1,0,0,0,96,284,406,60,"211125612259","aws-prod-ntoss - 211125612259","i-0e38c9375b1ba9b3e","ap-northeast-2","AWS Seoul",
"hjh-dev","EC2 Instance","aws",0,1,0,0,0,16,125,1077,124,"590183678280","aws-dev-ugpt - 590183678280","i-02fd2250bc5ea4918","ap-northeast-2","AWS Seoul",
"dev-ifn-app-dapda-eksng","EC2 Instance","aws",0,1,0,0,0,1,51,59,10,"357414037041","ifn-app-dev - 357414037041","i-0d7c10e8894982cfb","ap-northeast-2","AWS Seoul",
"jusoro-ntosss_apnortheast2-v011","EC2 Instance","aws",0,1,0,0,0,96,284,406,60,"851725555448","aws-stg-ntoss - 851725555448","i-03fadbc28448c1cf6","ap-northeast-2","AWS Seoul",
"cmshareapne2-iqhv-ondemand-karpenter","EC2 Instance","aws",0,1,0,0,0,3,52,65,11,"532244111777","AWS_CM_SHARE - 532244111777","i-0b222620b0710b452","ap-northeast-2","AWS Seoul",
"grootapne2-othl-ondemand-karpenter","EC2 Instance","aws",0,1,0,0,0,3,62,187,12,"160091772047","UID_DEV - 160091772047","i-0e0a6dabce6edd143","ap-northeast-2","AWS Seoul",
"dax-private-haproxy1-tmp","EC2 Instance","aws",0,1,0,0,0,1,97,324,17,"654654395166","aws-stg-mvoip010 - 654654395166","i-0d262bbd15d485e6b","ap-northeast-2","AWS Seoul",
"SRE_STG_SSM","EC2 Instance","aws",0,1,0,0,0,2,127,433,35,"730335661456","aws-dev-CommunicationAI - 730335661456","i-0e933fd674dc19efe","ap-northeast-2","AWS Seoul",
"dbsafer-call-aurora-instance-1","EC2 Instance","aws",0,1,0,0,0,1,60,181,11,"730335661456","aws-dev-CommunicationAI - 730335661456","i-0f193517b17b2b2ea","ap-northeast-2","AWS Seoul",
"SRE_DEV_SSM","EC2 Instance","aws",0,1,0,0,0,5,152,460,39,"730335661456","aws-dev-CommunicationAI - 730335661456","i-07e6ac7378227fb24","ap-northeast-2","AWS Seoul",
"stg-ifn-app-nvp-eksng","EC2 Instance","aws",0,1,0,0,0,1,51,59,10,"357414037041","ifn-app-dev - 357414037041","i-0e89a1cd609e335c7","ap-northeast-2","AWS Seoul",
"prd-ifn-app-heytools-eksng","EC2 Instance","aws",0,1,0,0,0,1,51,62,10,"225723451293","ifn-app-prd - 225723451293","i-03def22017cae9b13","ap-northeast-2","AWS Seoul",
"prd-ifn-app-heytools-eksng","EC2 Instance","aws",0,1,0,0,0,1,51,62,10,"225723451293","ifn-app-prd - 225723451293","i-015ffb785431e17a1","ap-northeast-2","AWS Seoul",
"rlp-rbm-sg-app-eksng","EC2 Instance","aws",0,1,0,0,0,2,88,218,17,"225723451293","ifn-app-prd - 225723451293","i-0c8e9eb705b71b724","ap-northeast-2","AWS Seoul",
"grootapne2-othl-ondemand-karpenter","EC2 Instance","aws",0,1,0,0,0,3,62,187,12,"160091772047","UID_DEV - 160091772047","i-08359d9baf4424e06","ap-northeast-2","AWS Seoul",
"ec2-prd-iptv-prd-cluster-v1_31-karpenter-node","EC2 Instance","aws",0,1,0,0,0,3,93,222,21,"969671253885","aws-prd-iptv - 969671253885","i-0e2acc65a90de0154","ap-northeast-2","AWS Seoul",
"ec2-prd-iptv-prd-cluster-v1_31-karpenter-node","EC2 Instance","aws",0,1,0,0,0,3,93,222,21,"969671253885","aws-prd-iptv - 969671253885","i-098222d8d070924d1","ap-northeast-2","AWS Seoul",
"ec2-prd-iptv-prd-cluster-v1_31-karpenter-node","EC2 Instance","aws",0,1,0,0,0,3,93,222,21,"969671253885","aws-prd-iptv - 969671253885","i-0eeef4580b8b9d718","ap-northeast-2","AWS Seoul",
"ec2-prd-iptv-prd-cluster-v1_31-karpenter-node","EC2 Instance","aws",0,1,0,0,0,3,93,222,21,"969671253885","aws-prd-iptv - 969671253885","i-0bbad0296222a7418","ap-northeast-2","AWS Seoul",
"rbp-cpx-eks-node","EC2 Instance","aws",0,1,0,0,0,6,159,520,23,"437437657957","tel-bss-prd - 437437657957","i-0bda5df1cf181d079","ap-northeast-2","AWS Seoul",
"Nuke-mgmt","EC2 Instance","aws",0,1,0,0,0,93,1415,3509,172,"763914732510","clab - 763914732510","i-0295fbd22cca7c198","ap-northeast-2","AWS Seoul",
"ec2-prd-iptv-prd-cluster-v1_31-karpenter-node","EC2 Instance","aws",0,1,0,0,0,3,93,222,21,"969671253885","aws-prd-iptv - 969671253885","i-0320403f093a5d736","ap-northeast-2","AWS Seoul",
"ec2-prd-iptv-prd-cluster-v1_31-karpenter-node","EC2 Instance","aws",0,1,0,0,0,3,93,222,21,"969671253885","aws-prd-iptv - 969671253885","i-0c677dc8451c5444b","ap-northeast-2","AWS Seoul",
"ec2-prd-iptv-prd-cluster-v1_31-karpenter-node","EC2 Instance","aws",0,1,0,0,0,3,93,222,21,"969671253885","aws-prd-iptv - 969671253885","i-07cddc0513c4f5ea7","ap-northeast-2","AWS Seoul",
"ec2-prd-iptv-prd-cluster-v1_31-karpenter-node","EC2 Instance","aws",0,1,0,0,0,3,93,222,21,"969671253885","aws-prd-iptv - 969671253885","i-0c74eac1bf1038087","ap-northeast-2","AWS Seoul",
"ec2-prd-iptv-prd-cluster-v1_31-karpenter-node","EC2 Instance","aws",0,1,0,0,0,3,93,222,21,"969671253885","aws-prd-iptv - 969671253885","i-0b941067f7ecb27ce","ap-northeast-2","AWS Seoul",
"ec2-prd-iptv-prd-cluster-v1_31-karpenter-node","EC2 Instance","aws",0,1,0,0,0,3,93,222,21,"969671253885","aws-prd-iptv - 969671253885","i-05a06ab8793dbfacc","ap-northeast-2","AWS Seoul",
"ec2-prd-iptv-prd-cluster-v1_31-karpenter-node","EC2 Instance","aws",0,1,0,0,0,3,93,222,21,"969671253885","aws-prd-iptv - 969671253885","i-0b44e627924cab938","ap-northeast-2","AWS Seoul",
"ec2-prd-iptv-prd-cluster-v1_31-karpenter-node","EC2 Instance","aws",0,1,0,0,0,3,93,222,21,"969671253885","aws-prd-iptv - 969671253885","i-0928956bc639d3c25","ap-northeast-2","AWS Seoul",
"ec2-prd-iptv-prd-cluster-v1_31-karpenter-node","EC2 Instance","aws",0,1,0,0,0,3,93,222,21,"969671253885","aws-prd-iptv - 969671253885","i-0cb8a8a9fffa5fe44","ap-northeast-2","AWS Seoul",
"ec2-prd-iptv-prd-cluster-v1_31-karpenter-node","EC2 Instance","aws",0,1,0,0,0,3,93,222,21,"969671253885","aws-prd-iptv - 969671253885","i-046661befacc9688d","ap-northeast-2","AWS Seoul",
"ec2-prd-iptv-prd-cluster-v1_31-karpenter-node","EC2 Instance","aws",0,1,0,0,0,3,93,222,21,"969671253885","aws-prd-iptv - 969671253885","i-079b87381145d985e","ap-northeast-2","AWS Seoul",
"ec2-prd-iptv-prd-cluster-v1_31-karpenter-node","EC2 Instance","aws",0,1,0,0,0,3,93,222,21,"969671253885","aws-prd-iptv - 969671253885","i-0f28761407052150b","ap-northeast-2","AWS Seoul",
"ec2-prd-iptv-prd-cluster-v1_31-karpenter-node","EC2 Instance","aws",0,1,0,0,0,3,93,222,21,"969671253885","aws-prd-iptv - 969671253885","i-06f2d1d2fd149fb62","ap-northeast-2","AWS Seoul",
"ec2-prd-iptv-prd-cluster-v1_31-karpenter-node","EC2 Instance","aws",0,1,0,0,0,3,93,222,21,"969671253885","aws-prd-iptv - 969671253885","i-03d572ab90c19879a","ap-northeast-2","AWS Seoul",
"ec2-prd-iptv-prd-cluster-v1_31-karpenter-node","EC2 Instance","aws",0,1,0,0,0,3,93,222,21,"969671253885","aws-prd-iptv - 969671253885","i-0f21699059b6d8c56","ap-northeast-2","AWS Seoul",
"ec2-prd-iptv-prd-cluster-v1_31-karpenter-node","EC2 Instance","aws",0,1,0,0,0,3,93,222,21,"969671253885","aws-prd-iptv - 969671253885","i-01baae0adc2114abf","ap-northeast-2","AWS Seoul",
"ec2-prd-iptv-prd-cluster-v1_31-karpenter-node","EC2 Instance","aws",0,1,0,0,0,3,93,222,21,"969671253885","aws-prd-iptv - 969671253885","i-0e12516cc46c1498c","ap-northeast-2","AWS Seoul",
"ec2-prd-iptv-prd-cluster-v1_31-karpenter-node","EC2 Instance","aws",0,1,0,0,0,3,93,222,21,"969671253885","aws-prd-iptv - 969671253885","i-053386fb918804ec0","ap-northeast-2","AWS Seoul",
"ec2-prd-iptv-prd-cluster-v1_31-karpenter-node","EC2 Instance","aws",0,1,0,0,0,3,93,222,21,"969671253885","aws-prd-iptv - 969671253885","i-0c60d35466ad9217c","ap-northeast-2","AWS Seoul",
"ec2-prd-iptv-prd-cluster-v1_31-karpenter-node","EC2 Instance","aws",0,1,0,0,0,3,93,222,21,"969671253885","aws-prd-iptv - 969671253885","i-065bac9b790edf984","ap-northeast-2","AWS Seoul",
"ec2-prd-iptv-prd-cluster-v1_31-karpenter-node","EC2 Instance","aws",0,1,0,0,0,3,93,222,21,"969671253885","aws-prd-iptv - 969671253885","i-0e7c3e6a1ab2f48ee","ap-northeast-2","AWS Seoul",
"ec2-prd-iptv-prd-cluster-v1_31-karpenter-node","EC2 Instance","aws",0,1,0,0,0,3,93,222,21,"969671253885","aws-prd-iptv - 969671253885","i-075727ba748d158ff","ap-northeast-2","AWS Seoul",
"ec2-prd-iptv-prd-cluster-v1_31-karpenter-node","EC2 Instance","aws",0,1,0,0,0,3,93,222,21,"969671253885","aws-prd-iptv - 969671253885","i-050141ed6142ca2b6","ap-northeast-2","AWS Seoul",
"ec2-prd-iptv-prd-cluster-v1_31-karpenter-node","EC2 Instance","aws",0,1,0,0,0,3,93,222,21,"969671253885","aws-prd-iptv - 969671253885","i-0f96f9f966c36c638","ap-northeast-2","AWS Seoul",
"ec2-prd-iptv-prd-cluster-v1_31-karpenter-node","EC2 Instance","aws",0,1,0,0,0,3,93,222,21,"969671253885","aws-prd-iptv - 969671253885","i-06eb5271b81b52862","ap-northeast-2","AWS Seoul",
"ec2-prd-iptv-prd-cluster-v1_31-karpenter-node","EC2 Instance","aws",0,1,0,0,0,3,93,222,21,"969671253885","aws-prd-iptv - 969671253885","i-00b0c60d1acbab558","ap-northeast-2","AWS Seoul",
"ec2-prd-iptv-prd-cluster-v1_31-karpenter-node","EC2 Instance","aws",0,1,0,0,0,3,93,222,21,"969671253885","aws-prd-iptv - 969671253885","i-0f93b1e6f60e58a60","ap-northeast-2","AWS Seoul",
"ec2-prd-iptv-prd-cluster-v1_31-karpenter-node","EC2 Instance","aws",0,1,0,0,0,3,93,222,21,"969671253885","aws-prd-iptv - 969671253885","i-0e583bf86ca8e51e6","ap-northeast-2","AWS Seoul",
"ec2-prd-iptv-prd-cluster-v1_31-karpenter-node","EC2 Instance","aws",0,1,0,0,0,3,93,222,21,"969671253885","aws-prd-iptv - 969671253885","i-02a764b63972913d9","ap-northeast-2","AWS Seoul",
"ec2-prd-iptv-prd-cluster-v1_31-karpenter-node","EC2 Instance","aws",0,1,0,0,0,3,93,222,21,"969671253885","aws-prd-iptv - 969671253885","i-0712f5cd36177fbff","ap-northeast-2","AWS Seoul",
"ec2-prd-iptv-prd-cluster-v1_31-karpenter-node","EC2 Instance","aws",0,1,0,0,0,3,93,222,21,"969671253885","aws-prd-iptv - 969671253885","i-00f2bdb543e00f890","ap-northeast-2","AWS Seoul",
"ec2-prd-iptv-prd-cluster-v1_31-karpenter-node","EC2 Instance","aws",0,1,0,0,0,3,93,222,21,"969671253885","aws-prd-iptv - 969671253885","i-09c62b764d3293921","ap-northeast-2","AWS Seoul",
"ec2-prd-iptv-prd-cluster-v1_31-karpenter-node","EC2 Instance","aws",0,1,0,0,0,3,93,222,21,"969671253885","aws-prd-iptv - 969671253885","i-0a05a315c597b580b","ap-northeast-2","AWS Seoul",
"ec2-prd-iptv-prd-cluster-v1_31-karpenter-node","EC2 Instance","aws",0,1,0,0,0,3,93,222,21,"969671253885","aws-prd-iptv - 969671253885","i-00c195420737b8200","ap-northeast-2","AWS Seoul",
"ec2-prd-iptv-prd-cluster-v1_31-karpenter-node","EC2 Instance","aws",0,1,0,0,0,3,93,222,21,"969671253885","aws-prd-iptv - 969671253885","i-00586d3504c8cf02c","ap-northeast-2","AWS Seoul",
"ec2-prd-iptv-prd-cluster-v1_31-karpenter-node","EC2 Instance","aws",0,1,0,0,0,3,93,222,21,"969671253885","aws-prd-iptv - 969671253885","i-0d770bd65237dbeed","ap-northeast-2","AWS Seoul",
"jenkins-opsd_apnortheast2-v050","EC2 Instance","aws",0,1,0,0,0,4,81,237,17,"478195486159","dax-ops - 478195486159","i-009a6b599aa6f960d","ap-northeast-2","AWS Seoul",
"prd-tel-app-nerget-lt-eksng","EC2 Instance","aws",0,1,0,0,0,1,56,93,15,"066041004946","tel-app-prd - 066041004946","i-0d2c96109d9526472","ap-northeast-2","AWS Seoul",
"stg-ifn-app-nvp-eksng","EC2 Instance","aws",0,1,0,0,0,1,51,59,10,"357414037041","ifn-app-dev - 357414037041","i-09ddd9a4b5af821e1","ap-northeast-2","AWS Seoul",
"rmd-app-nodegr-eksng","EC2 Instance","aws",0,1,0,0,0,2,88,215,17,"357414037041","ifn-app-dev - 357414037041","i-0d5322e6e802f6ca3","ap-northeast-2","AWS Seoul",
" rtd-app-nodegr-eksng","EC2 Instance","aws",0,1,0,0,0,2,88,215,17,"357414037041","ifn-app-dev - 357414037041","i-0cf3385eb87c0d5ca","ap-northeast-2","AWS Seoul",
"stg-ifn-app-dapda-eksng","EC2 Instance","aws",0,1,0,0,0,1,51,59,10,"357414037041","ifn-app-dev - 357414037041","i-0d2b0d20f29fceec4","ap-northeast-2","AWS Seoul",
"dev-ifn-app-dapda-eksng","EC2 Instance","aws",0,1,0,0,0,1,51,59,10,"357414037041","ifn-app-dev - 357414037041","i-061835680b3298d72","ap-northeast-2","AWS Seoul",
"grootapne2-othl-ondemand-karpenter","EC2 Instance","aws",0,1,0,0,0,3,62,187,12,"160091772047","UID_DEV - 160091772047","i-04f6f37ad3a576a3a","ap-northeast-2","AWS Seoul",
"rbs-cpx-ng-stg","EC2 Instance","aws",0,1,0,0,0,6,159,520,23,"755362625627","tel-bss-stg - 755362625627","i-0630abdcf41e50c2c","ap-northeast-2","AWS Seoul",
"DEV-RCS-PRI-BASTION-LGSD (365 * 24, SavingsPlans)","EC2 Instance","aws",0,1,0,0,0,12,211,787,42,"100613719332","aws-stgdev-rcs - 100613719332","i-08435dddc83b10f6c","ap-northeast-2","AWS Seoul",
"prd-tel-app-nerget-lt-eksng","EC2 Instance","aws",0,1,0,0,0,1,56,93,15,"066041004946","tel-app-prd - 066041004946","i-009eaba84117bfb1e","ap-northeast-2","AWS Seoul",
"cleansapne2-jvts-on-demand-members-karpenter","EC2 Instance","aws",0,1,0,0,0,3,62,187,12,"854531064573","daxcleand - 854531064573","i-05db2fa24f9cdb240","ap-northeast-2","AWS Seoul",
"i-0e6e5ff2447c40321","EC2 Instance","aws",0,1,0,0,0,2,107,364,19,"854531064573","daxcleand - 854531064573","i-0e6e5ff2447c40321","ap-northeast-2","AWS Seoul",
"i-0c1667a878fce2f8a","EC2 Instance","aws",0,1,0,0,0,4,128,439,22,"854531064573","daxcleand - 854531064573","i-0c1667a878fce2f8a","ap-northeast-2","AWS Seoul",
"i-0b68f9146474b39a2","EC2 Instance","aws",0,1,0,0,0,2,107,364,19,"854531064573","daxcleand - 854531064573","i-0b68f9146474b39a2","ap-northeast-2","AWS Seoul",
"i-029fda2e62ca3dfd8","EC2 Instance","aws",0,1,0,0,0,4,128,439,22,"854531064573","daxcleand - 854531064573","i-029fda2e62ca3dfd8","ap-northeast-2","AWS Seoul",
"dev-tel-app-nerget-ai-gpu-eksng","EC2 Instance","aws",0,1,0,0,0,1,59,101,15,"398073895100","tel-app-dev - 398073895100","i-007bf3917b59498c9","ap-northeast-2","AWS Seoul",
"cleansapne2-jvts-on-demand-members-karpenter","EC2 Instance","aws",0,1,0,0,0,3,62,187,12,"854531064573","daxcleand - 854531064573","i-031dff215d8a4892f","ap-northeast-2","AWS Seoul",
"NEXUS-NEW-23.12","EC2 Instance","aws",0,1,0,0,0,17,426,739,80,"360600168182","AWS_PROD_NUPD2 - 360600168182","i-04e241ef48a46bf21","ap-northeast-2","AWS Seoul",
"23.12_jenkins for prod","EC2 Instance","aws",0,1,0,0,0,510,1989,2182,218,"360600168182","AWS_PROD_NUPD2 - 360600168182","i-03c2fcf46ae88e9c4","ap-northeast-2","AWS Seoul",
"tykim-dev-common-proxy","EC2 Instance","aws",0,1,0,0,0,4,51,1027,92,"590183678280","aws-dev-ugpt - 590183678280","i-043f4bef8872bcc5a","ap-northeast-2","AWS Seoul",
"ec2-prd-spamai-infer-02-az2c","EC2 Instance","aws",0,1,0,0,0,4,121,417,20,"491085409681","aws-SpamAI-spamprd - 491085409681","i-027d7f202bbd5eb2e","ap-northeast-2","AWS Seoul",
"ec2-prd-spamai-infer-01-az2a","EC2 Instance","aws",0,1,0,0,0,4,121,417,20,"491085409681","aws-SpamAI-spamprd - 491085409681","i-070253a601895a94e","ap-northeast-2","AWS Seoul",
"ec2-prd-spamai-batch-01-az2a","EC2 Instance","aws",0,1,0,0,0,19,120,283,32,"491085409681","aws-SpamAI-spamprd - 491085409681","i-0194083e0b5e8adf1","ap-northeast-2","AWS Seoul",
"Vault-opssec_apnortheast2-v002","EC2 Instance","aws",0,1,0,0,0,5,95,229,15,"478195486159","dax-ops - 478195486159","i-06ca97cde4b155e13","ap-northeast-2","AWS Seoul",
"Vault-opssec_apnortheast2-v002","EC2 Instance","aws",0,1,0,0,0,5,95,229,15,"478195486159","dax-ops - 478195486159","i-08fa572ac75463a32","ap-northeast-2","AWS Seoul",
"Vault-opssec_apnortheast2-v002","EC2 Instance","aws",0,1,0,0,0,5,95,229,15,"478195486159","dax-ops - 478195486159","i-03f08eaa11185105f","ap-northeast-2","AWS Seoul",
"ec2-prd-bizon-portal-was-01-az2c","EC2 Instance","aws",0,1,0,0,0,21,189,512,56,"122610489449","awsprdbzn - 122610489449","i-0dc42e4f4d6ee26b0","ap-northeast-2","AWS Seoul",
"ec2-prd-bizon-mgmt-01-az2c","EC2 Instance","aws",0,1,0,0,0,24,207,534,61,"122610489449","awsprdbzn - 122610489449","i-0b6f3ef76ab1f7efc","ap-northeast-2","AWS Seoul",
"ec2-prd-bizon-portal-web-01-az2c","EC2 Instance","aws",0,1,0,0,0,19,194,524,48,"122610489449","awsprdbzn - 122610489449","i-07c9eadeeae494ad2","ap-northeast-2","AWS Seoul",
"ec2-prd-bizon-portal-was-01-az2a","EC2 Instance","aws",0,1,0,0,0,21,189,512,56,"122610489449","awsprdbzn - 122610489449","i-04528282bda3b7d34","ap-northeast-2","AWS Seoul",
"ec2-prd-bizon-portal-web-01-az2a","EC2 Instance","aws",0,1,0,0,0,19,194,524,48,"122610489449","awsprdbzn - 122610489449","i-07076474892eccf43","ap-northeast-2","AWS Seoul",
"ec2-an2-dev-mvoip-redis-shake-01a","EC2 Instance","aws",0,1,0,0,0,0,33,59,11,"637423436679","aws-dev-mvoip010 - 637423436679","i-0211aa215b797f70f","ap-northeast-2","AWS Seoul",
"prd-tel-app-nerget-feed-eksng","EC2 Instance","aws",0,1,0,0,0,1,56,93,15,"066041004946","tel-app-prd - 066041004946","i-01d441aa42f11dcd5","ap-northeast-2","AWS Seoul",
"prd-tel-app-nerget-lt-eksng","EC2 Instance","aws",0,1,0,0,0,1,56,93,15,"066041004946","tel-app-prd - 066041004946","i-0a62f011b259099de","ap-northeast-2","AWS Seoul",
"prd-tel-app-extemadmin-eksng","EC2 Instance","aws",0,1,0,0,0,1,56,93,15,"066041004946","tel-app-prd - 066041004946","i-01d6f874b8c019b91","ap-northeast-2","AWS Seoul",
"prd-tel-app-nerget-lt-eksng","EC2 Instance","aws",0,1,0,0,0,1,56,93,15,"066041004946","tel-app-prd - 066041004946","i-0b5414a28984b1c89","ap-northeast-2","AWS Seoul",
"prd-tel-app-nerget-lt-eksng","EC2 Instance","aws",0,1,0,0,0,1,56,93,15,"066041004946","tel-app-prd - 066041004946","i-0c002de7babfa16cc","ap-northeast-2","AWS Seoul",
"prd-tel-app-nerget-magazine-eksng","EC2 Instance","aws",0,1,0,0,0,1,56,93,15,"066041004946","tel-app-prd - 066041004946","i-07e57adeb0e1356d4","ap-northeast-2","AWS Seoul",
"prd-tel-app-nerget-lt-eksng","EC2 Instance","aws",0,1,0,0,0,1,56,93,15,"066041004946","tel-app-prd - 066041004946","i-0037b401b6462a4e2","ap-northeast-2","AWS Seoul",
"prd-tel-app-nerget-magazine-eksng","EC2 Instance","aws",0,1,0,0,0,1,56,93,15,"066041004946","tel-app-prd - 066041004946","i-08f33b3ad845365ab","ap-northeast-2","AWS Seoul",
"ec2-an2-dev-mvoip-redis-shake-01a-old","EC2 Instance","aws",0,1,0,0,0,0,33,59,11,"637423436679","aws-dev-mvoip010 - 637423436679","i-0e318109077750ba0","ap-northeast-2","AWS Seoul",
"cleansapne2-jvts-on-demand-members-karpenter","EC2 Instance","aws",0,1,0,0,0,3,62,187,12,"854531064573","daxcleand - 854531064573","i-0e62046997c7b7497","ap-northeast-2","AWS Seoul",
"stg-tel-app-extemadmin-eksng","EC2 Instance","aws",0,1,0,0,0,1,56,93,15,"398073895100","tel-app-dev - 398073895100","i-0d0a7276820438307","ap-northeast-2","AWS Seoul",
"stg-tel-app-nerget-feed-eksng","EC2 Instance","aws",0,1,0,0,0,1,56,93,15,"398073895100","tel-app-dev - 398073895100","i-04cdb5a88e13b8983","ap-northeast-2","AWS Seoul",
"stg-tel-app-nerget-eksng","EC2 Instance","aws",0,1,0,0,0,1,56,93,15,"398073895100","tel-app-dev - 398073895100","i-0036449f9c40e663b","ap-northeast-2","AWS Seoul",
"stg-tel-app-extemadmin-eksng","EC2 Instance","aws",0,1,0,0,0,1,56,93,15,"398073895100","tel-app-dev - 398073895100","i-04b28585763314abc","ap-northeast-2","AWS Seoul",
"ec2-prd-iptv-prd-cluster-v1_31-karpenter-node","EC2 Instance","aws",0,1,0,0,0,3,93,222,21,"969671253885","aws-prd-iptv - 969671253885","i-04b0799834096c2cd","ap-northeast-2","AWS Seoul",
"ec2-prd-iptv-prd-cluster-v1_31-karpenter-node","EC2 Instance","aws",0,1,0,0,0,3,93,222,21,"969671253885","aws-prd-iptv - 969671253885","i-0b68419fcd48cc119","ap-northeast-2","AWS Seoul",
"ec2-prd-iptv-prd-cluster-v1_31-karpenter-node","EC2 Instance","aws",0,1,0,0,0,3,93,222,21,"969671253885","aws-prd-iptv - 969671253885","i-0fa67894c587eb6e9","ap-northeast-2","AWS Seoul",
"grootapne2-othl-ondemand-karpenter","EC2 Instance","aws",0,1,0,0,0,3,62,187,12,"160091772047","UID_DEV - 160091772047","i-04d3c8fb590a5436a","ap-northeast-2","AWS Seoul",
"grootapne2-othl-ondemand-karpenter","EC2 Instance","aws",0,1,0,0,0,3,62,187,12,"160091772047","UID_DEV - 160091772047","i-0560518dd5ec2b324","ap-northeast-2","AWS Seoul",
"ec2-prd-iptv-prd-cluster-v1_31-karpenter-node","EC2 Instance","aws",0,1,0,0,0,3,93,222,21,"969671253885","aws-prd-iptv - 969671253885","i-0cc7254f48626a9df","ap-northeast-2","AWS Seoul",
"agent_demo_langgraph_server","EC2 Instance","aws",0,1,0,0,0,8,35,728,46,"590183678280","aws-dev-ugpt - 590183678280","i-0f2e12043297107f2","ap-northeast-2","AWS Seoul",
"eks-node-qa-idaas","EC2 Instance","aws",0,1,0,0,0,12,198,604,36,"339712770947","aws-qa-idaas - 339712770947","i-026195139d44938d6","ap-northeast-2","AWS Seoul",
"eks-node-qa-idaas","EC2 Instance","aws",0,1,0,0,0,12,198,604,36,"339712770947","aws-qa-idaas - 339712770947","i-03f97045403ff2442","ap-northeast-2","AWS Seoul",
"Vault-opssecd_apnortheast2-v021","EC2 Instance","aws",0,1,0,0,0,5,95,229,15,"478195486159","dax-ops - 478195486159","i-0abc3c116645f48a5","ap-northeast-2","AWS Seoul",
"Vault-opssecd_apnortheast2-v021","EC2 Instance","aws",0,1,0,0,0,5,95,229,15,"478195486159","dax-ops - 478195486159","i-0bbbf6cdf4585b431","ap-northeast-2","AWS Seoul",
"Vault-opssecd_apnortheast2-v021","EC2 Instance","aws",0,1,0,0,0,5,95,229,15,"478195486159","dax-ops - 478195486159","i-045ebf58eda1ec95e","ap-northeast-2","AWS Seoul",
"ec2-stg-fleet-mgmt-system-private-config-mgmts-az2c","EC2 Instance","aws",0,1,0,0,0,21,212,560,45,"642025919684","fms_stg - 642025919684","i-0a0d623cc896f9147","ap-northeast-2","AWS Seoul",
"ec2-stg-fleet-mgmt-system-private-config-mgmts-az2a","EC2 Instance","aws",0,1,0,0,0,28,225,550,45,"642025919684","fms_stg - 642025919684","i-03ed0126bb0ec9460","ap-northeast-2","AWS Seoul",
"dhubapne2-vmtc-ondemand-karpenter","EC2 Instance","aws",0,1,0,0,0,2,35,63,12,"637423167108","aws-share-datahub - 637423167108","i-0f4fca2630cebe619","ap-northeast-2","AWS Seoul",
"dhubapne2-vmtc-ondemand-karpenter","EC2 Instance","aws",0,1,0,0,0,2,35,63,12,"637423167108","aws-share-datahub - 637423167108","i-096be3c13c33e1426","ap-northeast-2","AWS Seoul",
"dhubapne2-vmtc-ondemand-karpenter","EC2 Instance","aws",0,1,0,0,0,2,35,63,12,"637423167108","aws-share-datahub - 637423167108","i-079fcb8088446340a","ap-northeast-2","AWS Seoul",
"vmfw-dev-dxsh-1","EC2 Instance","aws",0,0,0,1,0,0,0,0,0,"533267237257","dxshared-devqa - 533267237257","i-02b1d1ff744755aad","ap-northeast-2","AWS Seoul",
"vmfw-dev-dxsh-2","EC2 Instance","aws",0,0,0,1,0,0,0,0,0,"533267237257","dxshared-devqa - 533267237257","i-0ee0f7454c793ea52","ap-northeast-2","AWS Seoul",
"vmfw-prod-dxsh-1","EC2 Instance","aws",0,0,0,1,0,0,0,0,0,"533267241336","dxshared-prod - 533267241336","i-01f7b6446c2f37216","ap-northeast-2","AWS Seoul",
"vmfw-prod-dxsh-2","EC2 Instance","aws",0,0,0,1,0,0,0,0,0,"533267241336","dxshared-prod - 533267241336","i-07e41c56c3a3958f8","ap-northeast-2","AWS Seoul",
"rbd-mtx-eks-node-engine","EC2 Instance","aws",0,1,0,0,0,8,174,460,21,"030982055456","tel-bss-dev - 030982055456","i-0a5ed97bf4ba251aa","ap-northeast-2","AWS Seoul",
"ec2-prd-iptv-prd-cluster-v1_31-karpenter-node","EC2 Instance","aws",0,1,0,0,0,3,93,222,21,"969671253885","aws-prd-iptv - 969671253885","i-076183a613ee2b3d8","ap-northeast-2","AWS Seoul",
"ec2-prd-iptv-prd-cluster-v1_31-karpenter-node","EC2 Instance","aws",0,1,0,0,0,3,93,222,21,"969671253885","aws-prd-iptv - 969671253885","i-06af4b1410a8cbcaa","ap-northeast-2","AWS Seoul",
"ec2-prd-iptv-prd-cluster-v1_31-karpenter-node","EC2 Instance","aws",0,1,0,0,0,3,93,222,21,"969671253885","aws-prd-iptv - 969671253885","i-0799a139b78591046","ap-northeast-2","AWS Seoul",
"ec2-prd-iptv-prd-cluster-v1_31-karpenter-node","EC2 Instance","aws",0,1,0,0,0,3,93,222,21,"969671253885","aws-prd-iptv - 969671253885","i-0689d7d50174c07eb","ap-northeast-2","AWS Seoul",
"ec2-prd-iptv-prd-cluster-v1_31-karpenter-node","EC2 Instance","aws",0,1,0,0,0,3,93,222,21,"969671253885","aws-prd-iptv - 969671253885","i-0cc43f8395cf9d9f5","ap-northeast-2","AWS Seoul",
"ec2-prd-iptv-prd-cluster-v1_31-karpenter-node","EC2 Instance","aws",0,1,0,0,0,3,93,222,21,"969671253885","aws-prd-iptv - 969671253885","i-09a46df2926e7153a","ap-northeast-2","AWS Seoul",
"ec2-prd-iptv-prd-cluster-v1_31-karpenter-node","EC2 Instance","aws",0,1,0,0,0,3,93,222,21,"969671253885","aws-prd-iptv - 969671253885","i-09d1bf4498babd16b","ap-northeast-2","AWS Seoul",
"spsapne2-ykdx-ondemand-karpenter","EC2 Instance","aws",0,1,0,0,0,2,62,187,12,"122518608090","svcprotodev - 122518608090","i-0b2690cfeeea53df0","ap-northeast-2","AWS Seoul",
"spsapne2-ykdx-ondemand-karpenter","EC2 Instance","aws",0,1,0,0,0,2,62,187,12,"122518608090","svcprotodev - 122518608090","i-047302e5ccc79dc0c","ap-northeast-2","AWS Seoul",
"cleansapne2-jvts-on-demand-members-karpenter","EC2 Instance","aws",0,1,0,0,0,3,62,187,12,"854531064573","daxcleand - 854531064573","i-08b4ef53819a6981b","ap-northeast-2","AWS Seoul",
"eks-node-qa-idaas","EC2 Instance","aws",0,1,0,0,0,12,198,604,36,"339712770947","aws-qa-idaas - 339712770947","i-055451dc328eb02d3","ap-northeast-2","AWS Seoul",
"dev-tel-app-nerget-eksng","EC2 Instance","aws",0,1,0,0,0,2,63,97,15,"398073895100","tel-app-dev - 398073895100","i-0db40ddaa7b40441b","ap-northeast-2","AWS Seoul",
"dev-tel-app-nerget-eksng","EC2 Instance","aws",0,1,0,0,0,2,63,97,15,"398073895100","tel-app-dev - 398073895100","i-09d0c41c0eeadd4fd","ap-northeast-2","AWS Seoul",
"dev-tel-app-nerget-feed-eksng","EC2 Instance","aws",0,1,0,0,0,2,63,97,15,"398073895100","tel-app-dev - 398073895100","i-0a3faf339c08cee8d","ap-northeast-2","AWS Seoul",
"ec2-prd-iptv-shd-cluster-v1_31-karpenter-node","EC2 Instance","aws",0,1,0,0,0,3,93,222,21,"969671253885","aws-prd-iptv - 969671253885","i-013ffc835c18e8ee0","ap-northeast-2","AWS Seoul",
"cleansapne2-jvts-on-demand-members-karpenter","EC2 Instance","aws",0,1,0,0,0,3,62,187,12,"854531064573","daxcleand - 854531064573","i-0540c882865c8c72f","ap-northeast-2","AWS Seoul",
"cleansapne2-jvts-on-demand-members-karpenter","EC2 Instance","aws",0,1,0,0,0,3,62,187,12,"854531064573","daxcleand - 854531064573","i-037de94fead6ae5d8","ap-northeast-2","AWS Seoul",
"cleansapne2-jvts-on-demand-members-karpenter","EC2 Instance","aws",0,1,0,0,0,3,62,187,12,"854531064573","daxcleand - 854531064573","i-0222fddb23dc9e110","ap-northeast-2","AWS Seoul",
"cleansapne2-jvts-on-demand-members-karpenter","EC2 Instance","aws",0,1,0,0,0,3,62,187,12,"854531064573","daxcleand - 854531064573","i-0231318adb1d37a7a","ap-northeast-2","AWS Seoul",
"cleansapne2-jvts-on-demand-members-karpenter","EC2 Instance","aws",0,1,0,0,0,3,62,187,12,"854531064573","daxcleand - 854531064573","i-016b1598afc754a2f","ap-northeast-2","AWS Seoul",
"cleansapne2-jvts-on-demand-members-karpenter","EC2 Instance","aws",0,1,0,0,0,3,62,187,12,"854531064573","daxcleand - 854531064573","i-00a977eb75b547485","ap-northeast-2","AWS Seoul",
"eks-node-dev-uplustvmoa","EC2 Instance","aws",0,1,0,0,0,9,172,532,31,"135933998448","aws-dev-uplustvmoa - 135933998448","i-04c6333cf1ff5d24f","ap-northeast-2","AWS Seoul",
"eks-node-dev-uplustvmoa","EC2 Instance","aws",0,1,0,0,0,9,172,532,31,"135933998448","aws-dev-uplustvmoa - 135933998448","i-0161ba0246285f63e","ap-northeast-2","AWS Seoul",
"eks-node-qa-uplustvmoa","EC2 Instance","aws",0,1,0,0,0,9,172,532,31,"222604853132","aws-qa-uplustvmoa - 222604853132","i-04b823dfd2e5c1ecf","ap-northeast-2","AWS Seoul",
"ec2-aidt-dev-eks-mgmt-a","EC2 Instance","aws",0,1,0,0,0,30,220,487,42,"195275648244","aws-dev-aiplatform - 195275648244","i-0cf84862e8a2584f0","ap-northeast-2","AWS Seoul",
"ec2-an2-dev-mvoip-ES-Node-01-az2a","EC2 Instance","aws",0,1,0,0,0,23,234,633,56,"637423436679","aws-dev-mvoip010 - 637423436679","i-08c48a961d6d50816","ap-northeast-2","AWS Seoul",
"ec2-an2-dev-mvoip-ES-Node-03-az2a","EC2 Instance","aws",0,1,0,0,0,23,234,633,56,"637423436679","aws-dev-mvoip010 - 637423436679","i-08d7d0ca0f80aaf81","ap-northeast-2","AWS Seoul",
"ec2-an2-dev-mvoip-ES-Node-02-az2c","EC2 Instance","aws",0,1,0,0,0,23,234,633,56,"637423436679","aws-dev-mvoip010 - 637423436679","i-032fbccb4db6370a8","ap-northeast-2","AWS Seoul",
"choky_dev_1051","EC2 Instance","aws",0,1,0,0,0,6,57,1038,86,"590183678280","aws-dev-ugpt - 590183678280","i-0361ece2b04ceae9d","ap-northeast-2","AWS Seoul",
"ec2-an2-qa-mvoip-OAM-Master-02-az2c","EC2 Instance","aws",0,1,0,0,0,26,248,645,58,"654654395166","aws-stg-mvoip010 - 654654395166","i-02fc48eb0d424a396","ap-northeast-2","AWS Seoul",
"ec2-an2-qa-mvoip-ES-Node-02-az2c","EC2 Instance","aws",0,1,0,0,0,22,229,607,54,"654654395166","aws-stg-mvoip010 - 654654395166","i-0796f4a497ea02337","ap-northeast-2","AWS Seoul",
"ec2-an2-qa-mvoip-slb-01-az2a","EC2 Instance","aws",0,1,0,0,0,23,221,608,57,"654654395166","aws-stg-mvoip010 - 654654395166","i-0254cf2fde3277713","ap-northeast-2","AWS Seoul",
"ec2-an2-qa-mvoip-signal-05-az2a","EC2 Instance","aws",0,1,0,0,0,21,210,589,53,"654654395166","aws-stg-mvoip010 - 654654395166","i-09dbc3da4ae6c66d5","ap-northeast-2","AWS Seoul",
"ec2-an2-qa-mvoip-ES-Node-01-az2a","EC2 Instance","aws",0,1,0,0,0,22,229,607,54,"654654395166","aws-stg-mvoip010 - 654654395166","i-06ff5a5ae01d522a3","ap-northeast-2","AWS Seoul",
"ec2-an2-qa-mvoip-OAM-Master-03-az2a","EC2 Instance","aws",0,1,0,0,0,26,248,645,58,"654654395166","aws-stg-mvoip010 - 654654395166","i-05e49ab03c59e23e5","ap-northeast-2","AWS Seoul",
"ec2-an2-qa-mvoip-signal-04-az2c","EC2 Instance","aws",0,1,0,0,0,21,210,589,53,"654654395166","aws-stg-mvoip010 - 654654395166","i-0fea7c0c944c126bb","ap-northeast-2","AWS Seoul",
"ec2-an2-qa-mvoip-signal-02-az2c","EC2 Instance","aws",0,1,0,0,0,21,210,589,53,"654654395166","aws-stg-mvoip010 - 654654395166","i-0a71b18a1a630cfdd","ap-northeast-2","AWS Seoul",
"ec2-an2-qa-mvoip-ES-Node-03-az2a","EC2 Instance","aws",0,1,0,0,0,22,229,607,54,"654654395166","aws-stg-mvoip010 - 654654395166","i-064ca7cc2dc0277f5","ap-northeast-2","AWS Seoul",
"ec2-an2-qa-mvoip-slb-02-az2c","EC2 Instance","aws",0,1,0,0,0,23,221,608,57,"654654395166","aws-stg-mvoip010 - 654654395166","i-0e8065e334fcbaa96","ap-northeast-2","AWS Seoul",
"ec2-an2-qa-mvoip-signal-03-az2a","EC2 Instance","aws",0,1,0,0,0,21,210,589,53,"654654395166","aws-stg-mvoip010 - 654654395166","i-0bf0d7bd21f35d29d","ap-northeast-2","AWS Seoul",
"ec2-an2-qa-mvoip-signal-01-az2a","EC2 Instance","aws",0,1,0,0,0,21,210,589,53,"654654395166","aws-stg-mvoip010 - 654654395166","i-0ce7259cf8572eaeb","ap-northeast-2","AWS Seoul",
"ec2-securitygroup","EC2 Instance","aws",0,1,0,0,0,3,86,237,15,"654654395166","aws-stg-mvoip010 - 654654395166","i-06409cd7ff10879c1","ap-northeast-2","AWS Seoul",
"ec2-an2-qa-mvoip-OAM-Master-01-az2a","EC2 Instance","aws",0,1,0,0,0,26,248,645,58,"654654395166","aws-stg-mvoip010 - 654654395166","i-00fae8145ec047bc1","ap-northeast-2","AWS Seoul",
"ec2-an2-dev-mvoip-slb-01-az2a","EC2 Instance","aws",0,1,0,0,0,25,235,640,68,"637423436679","aws-dev-mvoip010 - 637423436679","i-032ea7a020c4c21b8","ap-northeast-2","AWS Seoul",
"ec2-an2-dev-mvoip-OAM-Master-01-az2a","EC2 Instance","aws",0,1,0,0,0,28,256,658,59,"637423436679","aws-dev-mvoip010 - 637423436679","i-0cb1e3c2b6f3909dc","ap-northeast-2","AWS Seoul",
"ec2-an2-dev-mvoip-signal-02-az2c","EC2 Instance","aws",0,1,0,0,0,22,212,589,54,"637423436679","aws-dev-mvoip010 - 637423436679","i-0488fa36da3c69212","ap-northeast-2","AWS Seoul",
"ec2-an2-dev-mvoip-OAM-Master-03-az2a","EC2 Instance","aws",0,1,0,0,0,28,256,658,59,"637423436679","aws-dev-mvoip010 - 637423436679","i-07bf9921e57671825","ap-northeast-2","AWS Seoul",
"ec2-an2-dev-mvoip-OAM-Master-02-az2c","EC2 Instance","aws",0,1,0,0,0,28,256,658,59,"637423436679","aws-dev-mvoip010 - 637423436679","i-04a950e1d589dd905","ap-northeast-2","AWS Seoul",
"ec2-an2-dev-mvoip-signal-01-az2a","EC2 Instance","aws",0,1,0,0,0,22,215,592,55,"637423436679","aws-dev-mvoip010 - 637423436679","i-0e351794a6503faf9","ap-northeast-2","AWS Seoul",
"dbsafer-call-aurora-instance-1-ubuntu","EC2 Instance","aws",0,1,0,0,0,1,1,671,27,"730335661456","aws-dev-CommunicationAI - 730335661456","i-04da58b81d110c44c","ap-northeast-2","AWS Seoul",
"ec2-nu-prod-nupf-mvco-batch01-az2a","EC2 Instance","aws",0,1,0,0,0,4,309,500,46,"861894787667","AWS_PROD_NUPF - 861894787667","i-0be086724bdd3ed10","ap-northeast-2","AWS Seoul",
"rbd-cpx-eks-node-dev","EC2 Instance","aws",0,1,0,0,0,6,160,560,23,"030982055456","tel-bss-dev - 030982055456","i-0f6fadb3f02867435","ap-northeast-2","AWS Seoul",
"datasync-agent","EC2 Instance","aws",0,1,0,0,0,0,69,49,4,"010438468525","aws-prd-sec - 010438468525","i-0e576097a0768896c","ap-northeast-2","AWS Seoul",
"web-server-dev","EC2 Instance","aws",0,0,0,1,0,0,0,0,0,"010438468525","aws-prd-sec - 010438468525","i-0be77d4b0b30694a8","ap-northeast-2","AWS Seoul",
"DX-SCM-ADMIN","EC2 Instance","aws",0,1,0,0,0,13,381,719,170,"466662111776","aws-prd-scm - 466662111776","i-02ce8cf8ded72100a","ap-northeast-2","AWS Seoul",
"pc-prod-prod RA Server","EC2 Instance","aws",0,1,0,0,0,45,478,651,56,"360600168182","AWS_PROD_NUPD2 - 360600168182","i-0e6408155280f4061","ap-northeast-2","AWS Seoul",
"spapne2-hsmq-ondemand-karpenter","EC2 Instance","aws",0,1,0,0,0,2,62,187,12,"902336165138","svcprotoprd - 902336165138","i-0863b522f77a30097","ap-northeast-2","AWS Seoul",
"grootapne2-othl-ondemand-karpenter","EC2 Instance","aws",0,1,0,0,0,3,62,187,12,"160091772047","UID_DEV - 160091772047","i-0a4d9ace72ddad062","ap-northeast-2","AWS Seoul",
"new-eks-mng-node_reward-1_29","EC2 Instance","aws",0,1,0,0,0,7,96,231,16,"713747519962","aws-prd-ad001 - 713747519962","i-0c7a81a46f9a47742","ap-northeast-2","AWS Seoul",
"prd-tel-bss-ec2-kubectl-mtx-1","EC2 Instance","aws",0,1,0,0,0,21,492,1573,91,"437437657957","tel-bss-prd - 437437657957","i-0cb60e9b190114298","ap-northeast-2","AWS Seoul",
"prd-tel-bss-ec2-telco-mp0-c","EC2 Instance","aws",0,1,0,0,0,19,289,866,67,"437437657957","tel-bss-prd - 437437657957","i-014ee92e7aec5ed71","ap-northeast-2","AWS Seoul",
"prd-tel-bss-ec2-kubectl-cpx","EC2 Instance","aws",0,1,0,0,0,17,464,1519,100,"437437657957","tel-bss-prd - 437437657957","i-030af7b69f0ac031a","ap-northeast-2","AWS Seoul",
"prd-tel-bss-ec2-rcsg-mp0-a","EC2 Instance","aws",0,1,0,0,0,19,510,1579,97,"437437657957","tel-bss-prd - 437437657957","i-0a2a8384298de0201","ap-northeast-2","AWS Seoul",
"prd-tel-bss-ec2-kubectl-mtx-2","EC2 Instance","aws",0,1,0,0,0,22,681,2224,100,"437437657957","tel-bss-prd - 437437657957","i-0ed21538324789305","ap-northeast-2","AWS Seoul",
"prd-tel-bss-ec2-rcsg-mp1-c","EC2 Instance","aws",0,1,0,0,0,19,479,1550,96,"437437657957","tel-bss-prd - 437437657957","i-07fb995cbb5807c65","ap-northeast-2","AWS Seoul",
"prd-tel-bss-ec2-telco-omp-c","EC2 Instance","aws",0,1,0,0,0,19,289,873,67,"437437657957","tel-bss-prd - 437437657957","i-08ab33f8d6d856850","ap-northeast-2","AWS Seoul",
"prd-tel-bss-ec2-telco-mp0-a","EC2 Instance","aws",0,1,0,0,0,19,289,873,67,"437437657957","tel-bss-prd - 437437657957","i-02c1af5763929ea61","ap-northeast-2","AWS Seoul",
"prd-tel-bss-ec2-telco-mp1-c","EC2 Instance","aws",0,1,0,0,0,19,289,866,67,"437437657957","tel-bss-prd - 437437657957","i-09dda3015149f905d","ap-northeast-2","AWS Seoul",
"prd-tel-bss-ec2-rcsg-omp-a","EC2 Instance","aws",0,1,0,0,0,19,547,1636,146,"437437657957","tel-bss-prd - 437437657957","i-04cca568d45508343","ap-northeast-2","AWS Seoul",
"prd-tel-bss-ec2-telco-omp-a","EC2 Instance","aws",0,1,0,0,0,19,289,866,67,"437437657957","tel-bss-prd - 437437657957","i-0d0be4475ea205aa3","ap-northeast-2","AWS Seoul",
"prd-tel-bss-ec2-telco-mp1-a","EC2 Instance","aws",0,1,0,0,0,19,289,866,67,"437437657957","tel-bss-prd - 437437657957","i-09495350b3065c880","ap-northeast-2","AWS Seoul",
"stg-tel-bss-ec2-kubectl-mtx-1","EC2 Instance","aws",0,1,0,0,0,19,624,2127,93,"755362625627","tel-bss-stg - 755362625627","i-03dac4da050d1c745","ap-northeast-2","AWS Seoul",
"new-eks-mng-node-1_29","EC2 Instance","aws",0,1,0,0,0,7,98,238,17,"713747519962","aws-prd-ad001 - 713747519962","i-0425b47729c8cf84d","ap-northeast-2","AWS Seoul",
"new-eks-mng-node_reward-1_29","EC2 Instance","aws",0,1,0,0,0,7,96,227,16,"713747519962","aws-prd-ad001 - 713747519962","i-0063f8ab83d0b4be5","ap-northeast-2","AWS Seoul",
"rbs-cpx-ng-stg","EC2 Instance","aws",0,1,0,0,0,6,159,520,23,"755362625627","tel-bss-stg - 755362625627","i-00a779e14a5641fa9","ap-northeast-2","AWS Seoul",
"i-0df2136a85046ac55","EC2 Instance","aws",0,1,0,0,0,4,128,439,22,"413372654015","daxclean - 413372654015","i-0df2136a85046ac55","ap-northeast-2","AWS Seoul",
"SRE SSM dev/stg","EC2 Instance","aws",0,1,0,0,0,30,275,660,66,"590183678280","aws-dev-ugpt - 590183678280","i-04dc55e46c8cdf69a","ap-northeast-2","AWS Seoul",
"dev-tel-app-kubectl","EC2 Instance","aws",0,1,0,0,0,9,198,779,47,"398073895100","tel-app-dev - 398073895100","i-037504ba2c542a952","ap-northeast-2","AWS Seoul",
"dev-ifn-app-kubectl","EC2 Instance","aws",0,1,0,0,0,6,348,1205,35,"357414037041","ifn-app-dev - 357414037041","i-0411c1d1df5e6e796","ap-northeast-2","AWS Seoul",
"i-0fd44ff6e8dad92ef","EC2 Instance","aws",0,1,0,0,0,4,128,439,22,"413372654015","daxclean - 413372654015","i-0fd44ff6e8dad92ef","ap-northeast-2","AWS Seoul",
"i-079d60dbe6ea7b8f9","EC2 Instance","aws",0,1,0,0,0,4,128,439,22,"413372654015","daxclean - 413372654015","i-079d60dbe6ea7b8f9","ap-northeast-2","AWS Seoul",
"cleanapne2-grjz-ondemand-members-karpenter","EC2 Instance","aws",0,1,0,0,0,3,62,187,12,"413372654015","daxclean - 413372654015","i-0594756d91cb21a83","ap-northeast-2","AWS Seoul",
"i-07973f55d75eabf9f","EC2 Instance","aws",0,1,0,0,0,5,134,465,22,"637423167108","aws-share-datahub - 637423167108","i-07973f55d75eabf9f","ap-northeast-2","AWS Seoul",
"i-0c15c3ceee6404795","EC2 Instance","aws",0,1,0,0,0,5,139,465,22,"637423167108","aws-share-datahub - 637423167108","i-0c15c3ceee6404795","ap-northeast-2","AWS Seoul",
"i-09c17df26e5daf487","EC2 Instance","aws",0,1,0,0,0,5,139,465,22,"637423167108","aws-share-datahub - 637423167108","i-09c17df26e5daf487","ap-northeast-2","AWS Seoul",
"cleanapne2-grjz-ondemand-styx-karpenter","EC2 Instance","aws",0,1,0,0,0,3,62,187,12,"413372654015","daxclean - 413372654015","i-047931908f9c9ff62","ap-northeast-2","AWS Seoul",
"eks-node-prd-uplustvmoa","EC2 Instance","aws",0,1,0,0,0,11,175,533,31,"339458293282","aws-prod-uplustvmoa - 339458293282","i-0b43c0df41af8c793","ap-northeast-2","AWS Seoul",
"eks-node-prd-uplustvmoa","EC2 Instance","aws",0,1,0,0,0,11,175,533,31,"339458293282","aws-prod-uplustvmoa - 339458293282","i-0bd072f8cfb929e3f","ap-northeast-2","AWS Seoul",
"grootapne2-othl-ondemand-karpenter","EC2 Instance","aws",0,1,0,0,0,3,62,187,12,"160091772047","UID_DEV - 160091772047","i-0dd179d43cd42ad13","ap-northeast-2","AWS Seoul",
"ixi-o_SMS_Proxy_1(prd)","EC2 Instance","aws",0,1,0,0,0,2,38,2245,59,"381491835557","aws-prd-mswnet - 381491835557","i-05177591bf4d05c73","ap-northeast-2","AWS Seoul",
"spapne2-hsmq-ondemand-karpenter","EC2 Instance","aws",0,1,0,0,0,2,62,187,12,"902336165138","svcprotoprd - 902336165138","i-0be144d505580ee2a","ap-northeast-2","AWS Seoul",
"cleanapne2-grjz-ondemand-members-karpenter","EC2 Instance","aws",0,1,0,0,0,3,62,187,12,"413372654015","daxclean - 413372654015","i-001861733edec0411","ap-northeast-2","AWS Seoul",
"cleanapne2-grjz-ondemand-members-karpenter","EC2 Instance","aws",0,1,0,0,0,3,62,187,12,"413372654015","daxclean - 413372654015","i-0811d4c676569daae","ap-northeast-2","AWS Seoul",
"cleanapne2-grjz-ondemand-members-karpenter","EC2 Instance","aws",0,1,0,0,0,3,62,187,12,"413372654015","daxclean - 413372654015","i-05f6386cae6243844","ap-northeast-2","AWS Seoul",
"cleanapne2-grjz-ondemand-members-karpenter","EC2 Instance","aws",0,1,0,0,0,3,62,187,12,"413372654015","daxclean - 413372654015","i-0180204bb4eb4f7e6","ap-northeast-2","AWS Seoul",
"i-0487c6b2eaa63eeae","EC2 Instance","aws",0,1,0,0,0,2,62,187,12,"902336165138","svcprotoprd - 902336165138","i-0487c6b2eaa63eeae","ap-northeast-2","AWS Seoul",
"grootapne2-othl-ondemand-karpenter","EC2 Instance","aws",0,1,0,0,0,3,62,187,12,"160091772047","UID_DEV - 160091772047","i-090f111a52631543e","ap-northeast-2","AWS Seoul",
"grootapne2-othl-ondemand-karpenter","EC2 Instance","aws",0,1,0,0,0,3,62,187,12,"160091772047","UID_DEV - 160091772047","i-03eb807af757d72fd","ap-northeast-2","AWS Seoul",
"spapne2-hsmq-ondemand-karpenter","EC2 Instance","aws",0,1,0,0,0,2,62,187,12,"902336165138","svcprotoprd - 902336165138","i-0262799e003529d47","ap-northeast-2","AWS Seoul",
"i-0e91f215e4c15fbae","EC2 Instance","aws",0,1,0,0,0,2,62,187,12,"902336165138","svcprotoprd - 902336165138","i-0e91f215e4c15fbae","ap-northeast-2","AWS Seoul",
"i-0fd375f503514093f","EC2 Instance","aws",0,1,0,0,0,2,62,187,12,"902336165138","svcprotoprd - 902336165138","i-0fd375f503514093f","ap-northeast-2","AWS Seoul",
"spapne2-hsmq-ondemand-karpenter","EC2 Instance","aws",0,1,0,0,0,2,62,187,12,"902336165138","svcprotoprd - 902336165138","i-0c685ee0618fd3333","ap-northeast-2","AWS Seoul",
"stg-tel-app-kubectl","EC2 Instance","aws",0,1,0,0,0,9,200,785,56,"398073895100","tel-app-dev - 398073895100","i-0f0bedc1e1c3af812","ap-northeast-2","AWS Seoul",
"eks-node-prod-idaas","EC2 Instance","aws",0,1,0,0,0,12,197,604,36,"533267342945","aws-prd-idaas - 533267342945","i-034feb76b1ba36832","ap-northeast-2","AWS Seoul",
"ec2-an2-umah-prod-batch-1","EC2 Instance","aws",0,1,0,0,0,4,357,1556,117,"024927743220","alphaprd - 024927743220","i-0baade175ecc1dee8","ap-northeast-2","AWS Seoul",
"ec2-prd-fleet-mgmt-system-ufms-backend-batch(#2)","EC2 Instance","aws",0,1,0,0,0,18,147,408,46,"756588537635","fms_prd - 756588537635","i-035e0b3937fd67b57","ap-northeast-2","AWS Seoul",
"ec2-prd-fleet-mgmt-system-ufms-backend-batch(#1)","EC2 Instance","aws",0,1,0,0,0,18,147,408,46,"756588537635","fms_prd - 756588537635","i-0b6108fa0a8957067","ap-northeast-2","AWS Seoul",
"ec2-prd-fleet-mgmt-system-mgmt-frontweb(#1)","EC2 Instance","aws",0,1,0,0,0,17,166,502,44,"756588537635","fms_prd - 756588537635","i-04287f6c4ac867e5f","ap-northeast-2","AWS Seoul",
"ec2-prd-fleet-mgmt-system-mgmt-frontweb(#2)","EC2 Instance","aws",0,1,0,0,0,19,174,504,44,"756588537635","fms_prd - 756588537635","i-0bc5a7f38626c7b1a","ap-northeast-2","AWS Seoul",
"ec2-prd-fleet-mgmt-system-mgmt-backend-admin(#2)","EC2 Instance","aws",0,1,0,0,0,19,176,507,53,"756588537635","fms_prd - 756588537635","i-0fd4275204577337a","ap-northeast-2","AWS Seoul",
"ec2-prd-fleet-mgmt-system-mgmt-backend-admin(#1)","EC2 Instance","aws",0,1,0,0,0,19,176,507,53,"756588537635","fms_prd - 756588537635","i-0cbc2187deb1552db","ap-northeast-2","AWS Seoul",
"querypie-opssec_apnortheast2-v004","EC2 Instance","aws",0,1,0,0,0,5,322,1063,126,"478195486159","dax-ops - 478195486159","i-03c5f99218313634b","ap-northeast-2","AWS Seoul",
"dev-ifn-com-devops-kubectl","EC2 Instance","aws",0,1,0,0,0,3,440,1488,36,"826990675396","ifn-com-devops - 826990675396","i-051996a091e40d9cb","ap-northeast-2","AWS Seoul",
"ec2-an2-prod-mvoip-OAM-Master02-az2b","EC2 Instance","aws",0,1,0,0,0,27,251,641,56,"891376931275","aws-prd-mvoip010 - 891376931275","i-079b7857dad9a6cee","ap-northeast-2","AWS Seoul",
"ec2-an2-prod-mvoip-OAM-Master01-az2a","EC2 Instance","aws",0,1,0,0,0,27,251,641,56,"891376931275","aws-prd-mvoip010 - 891376931275","i-01669b253ed5888df","ap-northeast-2","AWS Seoul",
"ec2-an2-prod-mvoip-OAM-Master03-az2c","EC2 Instance","aws",0,1,0,0,0,27,251,641,56,"891376931275","aws-prd-mvoip010 - 891376931275","i-0baab8b00304e1e6c","ap-northeast-2","AWS Seoul",
"i-059127727f2bfb4b8","EC2 Instance","aws",0,1,0,0,0,2,107,364,19,"798345363128","chewauth.preprod - 798345363128","i-059127727f2bfb4b8","ap-northeast-2","AWS Seoul",
"i-0fa01dc78ca38463f","EC2 Instance","aws",0,1,0,0,0,2,79,231,15,"122518608090","svcprotodev - 122518608090","i-0fa01dc78ca38463f","ap-northeast-2","AWS Seoul",
"prd-tel-app-nerget-eksc","EC2 Instance","aws",0,1,0,0,0,4,186,717,42,"066041004946","tel-app-prd - 066041004946","i-0fa2eb00149b4a501","ap-northeast-2","AWS Seoul",
"prd-ifn-app-kubectl","EC2 Instance","aws",0,1,0,0,0,8,429,1463,86,"225723451293","ifn-app-prd - 225723451293","i-09d14ba34ccb2d1b9","ap-northeast-2","AWS Seoul",
"rap-prd-ec2-parking","EC2 Instance","aws",0,1,0,0,0,4,268,947,77,"292684119330","ifn-com-network - 292684119330","i-08a564a74d1a3cd7d","ap-northeast-2","AWS Seoul",
"ec2-prd-ircp-private-web-02-az2c","EC2 Instance","aws",0,1,0,0,0,19,493,1708,70,"781743166043","aws-prd-irc - 781743166043","i-07a857d91453784d7","ap-northeast-2","AWS Seoul",
"eks-node-dev-idaas","EC2 Instance","aws",0,1,0,0,0,12,198,603,36,"767397957885","aws-dev-idaas - 767397957885","i-06a57c2ca9f4a1088","ap-northeast-2","AWS Seoul",
"ec2-dev-idaas-mgmt-az2a","EC2 Instance","aws",0,1,0,0,0,33,231,624,52,"767397957885","aws-dev-idaas - 767397957885","i-00565ff13bf8fc3bf","ap-northeast-2","AWS Seoul",
"querypie-opssecd_apnortheast2-v012","EC2 Instance","aws",0,1,0,0,0,5,322,1064,126,"478195486159","dax-ops - 478195486159","i-08a2a53a3371e432a","ap-northeast-2","AWS Seoul",
"querypie-opssecd_apnortheast2-v012","EC2 Instance","aws",0,1,0,0,0,5,322,1064,126,"478195486159","dax-ops - 478195486159","i-0bf5e1d4691a7daf9","ap-northeast-2","AWS Seoul",
"EC2-RBM-shared-gitlab-al2023","EC2 Instance","aws",0,1,0,0,0,10,199,731,58,"826990675396","ifn-com-devops - 826990675396","i-011100a4cde6de24f","ap-northeast-2","AWS Seoul",
"EC2-RBM-shared-nexus","EC2 Instance","aws",0,1,0,0,0,24,722,2374,127,"826990675396","ifn-com-devops - 826990675396","i-07afe6206e052c1a7","ap-northeast-2","AWS Seoul",
"ec2-qa-hyundai-mvmtv-private-bastion-az2a","EC2 Instance","aws",0,1,0,0,0,30,786,2330,143,"308952250998","aws-stg-mvmtv - 308952250998","i-011e061f9a971be2f","ap-northeast-2","AWS Seoul",
"ec2-qa-hyundai-mvmtv-config-mgmt","EC2 Instance","aws",0,1,0,0,0,17,469,1557,106,"308952250998","aws-stg-mvmtv - 308952250998","i-08156986b6c24d9ec","ap-northeast-2","AWS Seoul",
"ec2-qa-hyundai-mvmtv-private-bastion-az2c","EC2 Instance","aws",0,1,0,0,0,28,718,2259,133,"308952250998","aws-stg-mvmtv - 308952250998","i-01aa742596322ee25","ap-northeast-2","AWS Seoul",
"ec2-qa-hyundai-mvmtv-config-mgmt","EC2 Instance","aws",0,1,0,0,0,17,469,1557,106,"308952250998","aws-stg-mvmtv - 308952250998","i-0990e6975d4c2b295","ap-northeast-2","AWS Seoul",
"ec2-prd-ircp-private-was-01-az2a","EC2 Instance","aws",0,1,0,0,0,19,496,1713,86,"781743166043","aws-prd-irc - 781743166043","i-035fab06642feab9e","ap-northeast-2","AWS Seoul",
"ec2-prd-ircp-private-was-02-az2c","EC2 Instance","aws",0,1,0,0,0,19,493,1713,83,"781743166043","aws-prd-irc - 781743166043","i-0e6b29e7f035b3776","ap-northeast-2","AWS Seoul",
"ec2-prd-ircp-private-web-01-az2a","EC2 Instance","aws",0,1,0,0,0,19,491,1705,69,"781743166043","aws-prd-irc - 781743166043","i-0c5da5849b01e84ac","ap-northeast-2","AWS Seoul",
"ec2-prd-ircp-private-whatap-01-az2a","EC2 Instance","aws",0,1,0,0,0,30,614,1895,89,"781743166043","aws-prd-irc - 781743166043","i-041b96384414f7e37","ap-northeast-2","AWS Seoul",
"ec2-dev-livc-db","EC2 Instance","aws",0,1,0,0,0,3,137,439,29,"240297559337","U+Liveclass_DevEx - 240297559337","i-0041f9c01a0299e42","ap-northeast-2","AWS Seoul",
"ec2-an2-umah-stg-foweb-2","EC2 Instance","aws",0,1,0,0,0,5,363,1575,120,"637706303384","alphains - 637706303384","i-0582fa23b353550f3","ap-northeast-2","AWS Seoul",
"ec2-an2-umah-stg-cd-1","EC2 Instance","aws",0,1,0,0,0,13,416,1635,94,"637706303384","alphains - 637706303384","i-012c90885d405c7ce","ap-northeast-2","AWS Seoul",
"ec2-an2-umah-stg-boweb-1","EC2 Instance","aws",0,1,0,0,0,5,363,1573,120,"637706303384","alphains - 637706303384","i-08f76731b0cfcefe0","ap-northeast-2","AWS Seoul",
"ec2-an2-umah-stg-fowas-2","EC2 Instance","aws",0,1,0,0,0,5,363,1573,120,"637706303384","alphains - 637706303384","i-0b4bb98e5954be849","ap-northeast-2","AWS Seoul",
"ec2-an2-umah-stg-fowas-1","EC2 Instance","aws",0,1,0,0,0,5,363,1573,120,"637706303384","alphains - 637706303384","i-050b013d9831a6960","ap-northeast-2","AWS Seoul",
"ec2-an2-umah-stg-foweb-1","EC2 Instance","aws",0,1,0,0,0,5,363,1575,120,"637706303384","alphains - 637706303384","i-01c5d29054c2e561f","ap-northeast-2","AWS Seoul",
"ec2-an2-umah-stg-batch-1","EC2 Instance","aws",0,1,0,0,0,4,357,1556,117,"637706303384","alphains - 637706303384","i-0b7a41e93b22d3520","ap-northeast-2","AWS Seoul",
"ec2-an2-umah-stg-boweb-2","EC2 Instance","aws",0,1,0,0,0,5,363,1573,120,"637706303384","alphains - 637706303384","i-0ddd4342008a93bb1","ap-northeast-2","AWS Seoul",
"ec2-prd-clp-whatap-az2a","EC2 Instance","aws",0,1,0,0,0,1,117,347,20,"381491932591","upluslangportal_prd - 381491932591","i-0815a9b220a2717bf","ap-northeast-2","AWS Seoul",
"ixi-o_SMS_Proxy_2(stg)","EC2 Instance","aws",0,1,0,0,0,1,28,2220,52,"637423566905","aws-dev-mswnetd - 637423566905","i-06a978e405b14314b","ap-northeast-2","AWS Seoul",
"ixi-o_SMS_Proxy_1(dev)","EC2 Instance","aws",0,1,0,0,0,1,28,2220,52,"637423566905","aws-dev-mswnetd - 637423566905","i-0a9f58bced02ab92d","ap-northeast-2","AWS Seoul",
"i-0226f15288f2a3234","EC2 Instance","aws",0,1,0,0,0,2,107,364,19,"798345363128","chewauth.preprod - 798345363128","i-0226f15288f2a3234","ap-northeast-2","AWS Seoul",
"i-0bd2e4dfb75438bce","EC2 Instance","aws",0,1,0,0,0,2,107,364,19,"798345363128","chewauth.preprod - 798345363128","i-0bd2e4dfb75438bce","ap-northeast-2","AWS Seoul",
"i-051f32350f28f836e","EC2 Instance","aws",0,1,0,0,0,2,79,231,15,"122518608090","svcprotodev - 122518608090","i-051f32350f28f836e","ap-northeast-2","AWS Seoul",
"spsapne2-ykdx-ondemand-karpenter","EC2 Instance","aws",0,1,0,0,0,3,86,207,17,"122518608090","svcprotodev - 122518608090","i-0aba25654154ce0ae","ap-northeast-2","AWS Seoul",
"spsapne2-ykdx-ondemand-karpenter","EC2 Instance","aws",0,1,0,0,0,3,86,207,17,"122518608090","svcprotodev - 122518608090","i-019fbe540bcc76c93","ap-northeast-2","AWS Seoul",
"spsapne2-ykdx-ondemand-karpenter","EC2 Instance","aws",0,1,0,0,0,3,86,207,17,"122518608090","svcprotodev - 122518608090","i-0d33aaf0af1243ce2","ap-northeast-2","AWS Seoul",
"i-0b2d6a5158f4d0319","EC2 Instance","aws",0,1,0,0,0,2,79,231,15,"122518608090","svcprotodev - 122518608090","i-0b2d6a5158f4d0319","ap-northeast-2","AWS Seoul",
"eks-node-prod-crewcall","EC2 Instance","aws",0,1,0,0,0,8,171,530,31,"265556339801","aws-prd-mobvas - 265556339801","i-0fea7f10ecfdfd9b0","ap-northeast-2","AWS Seoul",
"eks-node-prod-crewcall","EC2 Instance","aws",0,1,0,0,0,8,171,530,31,"265556339801","aws-prd-mobvas - 265556339801","i-066f1f769b7d8c350","ap-northeast-2","AWS Seoul",
"eks-node-prod-crewcall","EC2 Instance","aws",0,1,0,0,0,8,171,530,31,"265556339801","aws-prd-mobvas - 265556339801","i-01702c763e2078016","ap-northeast-2","AWS Seoul",
"ec2-dev-robotcp-bastion-az2a","EC2 Instance","aws",0,1,0,0,0,16,143,417,43,"212009855735","aws-dev-robot - 212009855735","i-01b42ebf4a9b09f1d","ap-northeast-2","AWS Seoul",
"ec2-an2-umah-dev-fowas-1","EC2 Instance","aws",0,1,0,0,0,7,246,927,115,"220087313072","alphadev - 220087313072","i-0eab86605553c5cb2","ap-northeast-2","AWS Seoul",
"ec2-an2-umah-dev-boweb-1","EC2 Instance","aws",0,1,0,0,0,7,247,927,115,"220087313072","alphadev - 220087313072","i-08d87d27d1fc33436","ap-northeast-2","AWS Seoul",
"ec2-an2-umah-dev-foweb-1","EC2 Instance","aws",0,1,0,0,0,7,247,929,115,"220087313072","alphadev - 220087313072","i-0206f7f96abeb8e4f","ap-northeast-2","AWS Seoul",
"ec2-prod-hyundai-mvmtv-private-bastion-az2a","EC2 Instance","aws",0,1,0,0,0,29,736,2293,190,"452661163619","aws-prd-mvmtv - 452661163619","i-0f2c053f3a7c7116a","ap-northeast-2","AWS Seoul",
"ec2-prod-hyundai-mvmtv-private-bastion-az2c","EC2 Instance","aws",0,1,0,0,0,29,730,2282,130,"452661163619","aws-prd-mvmtv - 452661163619","i-0dad62721b19560df","ap-northeast-2","AWS Seoul",
"sscare-free2_Batch","EC2 Instance","aws",0,1,0,0,0,12,321,1009,96,"759727668558","onnetsolution - 759727668558","i-079c7696517ad2dac","ap-northeast-2","AWS Seoul",
"hfit_Batch","EC2 Instance","aws",0,1,0,0,0,5,304,985,95,"759727668558","onnetsolution - 759727668558","i-039487f8f9025511d","ap-northeast-2","AWS Seoul",
"i-04f1eae1b367d7567","EC2 Instance","aws",0,1,0,0,0,4,128,439,22,"854531064573","daxcleand - 854531064573","i-04f1eae1b367d7567","ap-northeast-2","AWS Seoul",
"eks-node","EC2 Instance","aws",0,1,0,0,0,5,128,439,22,"730335661456","aws-dev-CommunicationAI - 730335661456","i-0480f15c2adebb110","ap-northeast-2","AWS Seoul",
"eks-node","EC2 Instance","aws",0,1,0,0,0,5,128,439,22,"730335661456","aws-dev-CommunicationAI - 730335661456","i-0a16b8afce5313ac7","ap-northeast-2","AWS Seoul",
"eks-node","EC2 Instance","aws",0,1,0,0,0,5,128,439,22,"730335661456","aws-dev-CommunicationAI - 730335661456","i-05430e699c3c9587b","ap-northeast-2","AWS Seoul",
"grootdapne2-lstx-ondemand-karpenter","EC2 Instance","aws",0,1,0,0,0,4,128,439,22,"224811165821","UID_NG - 224811165821","i-0ef4836d502367475","ap-northeast-2","AWS Seoul",
"grootsapne2-aklb-ondemand-karpenter","EC2 Instance","aws",0,1,0,0,0,4,128,439,22,"224811165821","UID_NG - 224811165821","i-00853c6ca6581dbb2","ap-northeast-2","AWS Seoul",
"grootsapne2-aklb-ondemand-karpenter","EC2 Instance","aws",0,1,0,0,0,4,128,439,22,"224811165821","UID_NG - 224811165821","i-0c199cd262d13fb15","ap-northeast-2","AWS Seoul",
"grootdapne2-lstx-ondemand-karpenter","EC2 Instance","aws",0,1,0,0,0,4,128,439,22,"224811165821","UID_NG - 224811165821","i-05beee02e4b56a9c7","ap-northeast-2","AWS Seoul",
"ec2-an2-uudp-dev-websvc-1","EC2 Instance","aws",0,1,0,0,0,11,250,919,122,"565249397708","usimdelidev - 565249397708","i-0f3eb22107adcb29e","ap-northeast-2","AWS Seoul",
"ec2-prod-indxuplus-private-bastion-az2a","EC2 Instance","aws",0,1,0,0,0,29,738,2256,126,"279551154135","indxuplus - 279551154135","i-04d098a1590376b15","ap-northeast-2","AWS Seoul",
"ec2-prod-indxuplus-private-bastion-az2c","EC2 Instance","aws",0,1,0,0,0,23,669,2174,113,"279551154135","indxuplus - 279551154135","i-06287a417d1d8f968","ap-northeast-2","AWS Seoul",
"rbd-mtx-eks-node-engine","EC2 Instance","aws",0,1,0,0,0,8,174,460,21,"030982055456","tel-bss-dev - 030982055456","i-0535f7b0e1bb71e94","ap-northeast-2","AWS Seoul",
"rbd-mtx-eks-node-engine","EC2 Instance","aws",0,1,0,0,0,8,174,460,21,"030982055456","tel-bss-dev - 030982055456","i-0c11928a47e3456f3","ap-northeast-2","AWS Seoul",
"ec2-qa-idaas-mgmt-az2c","EC2 Instance","aws",0,1,0,0,0,21,284,781,46,"339712770947","aws-qa-idaas - 339712770947","i-0b5630ed56faf613a","ap-northeast-2","AWS Seoul",
"ec2-qa-idaas-mgmt-az2a","EC2 Instance","aws",0,1,0,0,0,23,288,787,46,"339712770947","aws-qa-idaas - 339712770947","i-0392ef41fd565b7f3","ap-northeast-2","AWS Seoul",
"ec2-prd-aicc-ixi-nlp-az2c","EC2 Instance","aws",0,1,0,0,0,16,216,611,67,"329204419623","aws-prd-ccaas - 329204419623","i-010549e716eef3812","ap-northeast-2","AWS Seoul",
"ec2-prd-aicc-vbgw-az2c","EC2 Instance","aws",0,1,0,0,0,17,194,485,405,"329204419623","aws-prd-ccaas - 329204419623","i-02f00b25d09b79257","ap-northeast-2","AWS Seoul",
"ec2-prd-aicc-adminwas-az2c","EC2 Instance","aws",0,1,0,0,0,22,211,501,410,"329204419623","aws-prd-ccaas - 329204419623","i-0e465daeb82cfec29","ap-northeast-2","AWS Seoul",
"ec2-prd-aicc-tts-az2a","EC2 Instance","aws",0,1,0,0,0,57,240,538,400,"329204419623","aws-prd-ccaas - 329204419623","i-0d6905852f50bbf59","ap-northeast-2","AWS Seoul",
"ec2-prd-aicc-stt-az2c","EC2 Instance","aws",0,1,0,0,0,62,249,541,400,"329204419623","aws-prd-ccaas - 329204419623","i-037fe92b03bab5887","ap-northeast-2","AWS Seoul",
"ec2-prd-aicc-ctxtmgmt-az2a","EC2 Instance","aws",0,1,0,0,0,23,245,506,408,"329204419623","aws-prd-ccaas - 329204419623","i-09bc545fa59576806","ap-northeast-2","AWS Seoul",
"ec2-prd-aicc-sttswitch-az2a-2","EC2 Instance","aws",0,1,0,0,0,15,178,482,393,"329204419623","aws-prd-ccaas - 329204419623","i-0fdb846dc93af091d","ap-northeast-2","AWS Seoul",
"ec2-prd-aicc-vbgw-az2a","EC2 Instance","aws",0,1,0,0,0,17,198,485,405,"329204419623","aws-prd-ccaas - 329204419623","i-0fd1e5abd0c55974c","ap-northeast-2","AWS Seoul",
"ec2-prd-aicc-stttawas-exa-az2a","EC2 Instance","aws",0,1,0,0,0,22,259,639,76,"329204419623","aws-prd-ccaas - 329204419623","i-089f1135e88809e68","ap-northeast-2","AWS Seoul",
"ec2-prd-aicc-vbgwmgmt-az2c","EC2 Instance","aws",0,1,0,0,0,21,223,496,414,"329204419623","aws-prd-ccaas - 329204419623","i-08d2ad10a2268eaf3","ap-northeast-2","AWS Seoul",
"ec2-prd-aicc-adminwas-az2a","EC2 Instance","aws",0,1,0,0,0,22,211,501,410,"329204419623","aws-prd-ccaas - 329204419623","i-08d5b7409a8a88340","ap-northeast-2","AWS Seoul",
"ec2-prd-aicc-ctxtmgmt-az2c","EC2 Instance","aws",0,1,0,0,0,23,245,506,408,"329204419623","aws-prd-ccaas - 329204419623","i-04ba48d2157cb2f86","ap-northeast-2","AWS Seoul",
"ec2-prd-aicc-tts-az2c","EC2 Instance","aws",0,1,0,0,0,57,240,538,400,"329204419623","aws-prd-ccaas - 329204419623","i-06d9c64c61059f2a5","ap-northeast-2","AWS Seoul",
"ec2-prd-aicc-sttttsadm-az2a","EC2 Instance","aws",0,1,0,0,0,65,252,547,400,"329204419623","aws-prd-ccaas - 329204419623","i-08a0e0473330c4ac7","ap-northeast-2","AWS Seoul",
"ec2-prd-aicc-sttswitch-exa-az2a","EC2 Instance","aws",0,1,0,0,0,16,209,600,65,"329204419623","aws-prd-ccaas - 329204419623","i-07450caa717aa33ec","ap-northeast-2","AWS Seoul",
"ec2-prd-aicc-stt-az2a","EC2 Instance","aws",0,1,0,0,0,62,249,541,400,"329204419623","aws-prd-ccaas - 329204419623","i-0d2fea342bfa420cc","ap-northeast-2","AWS Seoul",
"ec2-prd-aicc-sttswitch-exa-az2c","EC2 Instance","aws",0,1,0,0,0,16,209,600,65,"329204419623","aws-prd-ccaas - 329204419623","i-05f2b32886b984dc6","ap-northeast-2","AWS Seoul",
"ec2-prd-aicc-keymgmt-az2c","EC2 Instance","aws",0,1,0,0,0,15,178,482,393,"329204419623","aws-prd-ccaas - 329204419623","i-06821d8c82e71e90f","ap-northeast-2","AWS Seoul",
"ec2-prd-aicc-vbgwmgmt-az2a","EC2 Instance","aws",0,1,0,0,0,21,223,496,414,"329204419623","aws-prd-ccaas - 329204419623","i-065b9aa02bc8a1255","ap-northeast-2","AWS Seoul",
"ec2-prd-aicc-rtgw-az2a","EC2 Instance","aws",0,1,0,0,0,16,182,484,404,"329204419623","aws-prd-ccaas - 329204419623","i-064a7bdfdcb5f6f34","ap-northeast-2","AWS Seoul",
"ec2-prd-aicc-keymgmt-az2a","EC2 Instance","aws",0,1,0,0,0,15,178,482,393,"329204419623","aws-prd-ccaas - 329204419623","i-06607d26c163c7f1a","ap-northeast-2","AWS Seoul",
"ec2-prd-aicc-nlpadmin-az2a","EC2 Instance","aws",0,1,0,0,0,34,266,557,457,"329204419623","aws-prd-ccaas - 329204419623","i-078b15e7f2a2722fd","ap-northeast-2","AWS Seoul",
"ec2-prd-aicc-iddwas-az2a","EC2 Instance","aws",0,1,0,0,0,22,201,491,399,"329204419623","aws-prd-ccaas - 329204419623","i-0771cb9bc51f4e647","ap-northeast-2","AWS Seoul",
"ec2-prd-aicc-nlp-az2a","EC2 Instance","aws",0,1,0,0,0,24,220,549,408,"329204419623","aws-prd-ccaas - 329204419623","i-0e1f7126caa64afa1","ap-northeast-2","AWS Seoul",
"ec2-prd-aicc-sttswitch-az2a","EC2 Instance","aws",0,1,0,0,0,15,178,482,393,"329204419623","aws-prd-ccaas - 329204419623","i-00ccbf8d015ccfc15","ap-northeast-2","AWS Seoul",
"ec2-prd-aicc-rtgw-az2c","EC2 Instance","aws",0,1,0,0,0,16,182,484,404,"329204419623","aws-prd-ccaas - 329204419623","i-0c51e727a9506ef7d","ap-northeast-2","AWS Seoul",
"ec2-prd-aicc-sttswitch-az2c","EC2 Instance","aws",0,1,0,0,0,15,178,482,393,"329204419623","aws-prd-ccaas - 329204419623","i-01606068680e18e1a","ap-northeast-2","AWS Seoul",
"ec2-prd-aicc-stt-exa-az2a","EC2 Instance","aws",0,1,0,0,0,16,219,612,65,"329204419623","aws-prd-ccaas - 329204419623","i-09a1462032337285f","ap-northeast-2","AWS Seoul",
"ec2-prd-aicc-ixi-nlp-az2a","EC2 Instance","aws",0,1,0,0,0,16,216,611,67,"329204419623","aws-prd-ccaas - 329204419623","i-076512352f75fafb8","ap-northeast-2","AWS Seoul",
"ec2-prd-aicc-stt-az2c-2","EC2 Instance","aws",0,1,0,0,0,62,249,541,400,"329204419623","aws-prd-ccaas - 329204419623","i-02702576a8b8e59aa","ap-northeast-2","AWS Seoul",
"ec2-prd-aicc-stt-exa-az2c","EC2 Instance","aws",0,1,0,0,0,16,219,612,65,"329204419623","aws-prd-ccaas - 329204419623","i-09e5c4077df5afbcd","ap-northeast-2","AWS Seoul",
"ec2-prd-aicc-sttswitch-az2c-2","EC2 Instance","aws",0,1,0,0,0,15,178,482,393,"329204419623","aws-prd-ccaas - 329204419623","i-0640f0b2eec97f626","ap-northeast-2","AWS Seoul",
"ec2-prd-aicc-iddwas-az2c","EC2 Instance","aws",0,1,0,0,0,22,201,491,399,"329204419623","aws-prd-ccaas - 329204419623","i-09a3b66a4ce67e913","ap-northeast-2","AWS Seoul",
"ec2-prd-aicc-private-bastion","EC2 Instance","aws",0,1,0,0,0,11,157,393,29,"329204419623","aws-prd-ccaas - 329204419623","i-07d15f8b8044d1c06","ap-northeast-2","AWS Seoul",
"ec2-prd-aicc-stt-az2a-2","EC2 Instance","aws",0,1,0,0,0,62,249,541,400,"329204419623","aws-prd-ccaas - 329204419623","i-01e9ba5c4b9787274","ap-northeast-2","AWS Seoul",
"ec2-prd-aicc-nlp-az2c","EC2 Instance","aws",0,1,0,0,0,24,220,549,408,"329204419623","aws-prd-ccaas - 329204419623","i-09efd28c72e574350","ap-northeast-2","AWS Seoul",
"ec2-aiplatform-dev-eks-mgmt-a","EC2 Instance","aws",0,1,0,0,0,13,168,437,28,"195275648244","aws-dev-aiplatform - 195275648244","i-02d2609a8529c1005","ap-northeast-2","AWS Seoul",
"ec2-an2-umah-prod-cd-1","EC2 Instance","aws",0,1,0,0,0,16,282,957,83,"024927743220","alphaprd - 024927743220","i-01e575416797b4115","ap-northeast-2","AWS Seoul",
"ec2-an2-umah-prod-boweb-2","EC2 Instance","aws",0,1,0,0,0,5,243,924,112,"024927743220","alphaprd - 024927743220","i-0bf0ddeff7ef93f4d","ap-northeast-2","AWS Seoul",
"ec2-an2-umah-prod-foweb-1","EC2 Instance","aws",0,1,0,0,0,5,243,926,112,"024927743220","alphaprd - 024927743220","i-0dcb5de5e10fb1a89","ap-northeast-2","AWS Seoul",
"ec2-an2-umah-prod-fowas-2","EC2 Instance","aws",0,1,0,0,0,5,242,924,112,"024927743220","alphaprd - 024927743220","i-0eb4c5293416f3679","ap-northeast-2","AWS Seoul",
"ec2-an2-umah-prod-boweb-1","EC2 Instance","aws",0,1,0,0,0,5,243,924,112,"024927743220","alphaprd - 024927743220","i-0a45b2315968d626b","ap-northeast-2","AWS Seoul",
"ec2-an2-umah-prod-fowas-1","EC2 Instance","aws",0,1,0,0,0,5,242,924,112,"024927743220","alphaprd - 024927743220","i-01e367b2051e0f4e0","ap-northeast-2","AWS Seoul",
"ec2-an2-umah-prod-foweb-2","EC2 Instance","aws",0,1,0,0,0,5,243,926,112,"024927743220","alphaprd - 024927743220","i-0f97fa770826a9fb0","ap-northeast-2","AWS Seoul",
"ec2-oem-hyundai-mvmtv-config-mgmt","EC2 Instance","aws",0,1,0,0,0,14,375,1377,83,"965049491164","aws-oem-mvmtv - 965049491164","i-0baabfba22cac81d1","ap-northeast-2","AWS Seoul",
"ec2-oem-hyundai-mvmtv-private-bastion-az2c","EC2 Instance","aws",0,1,0,0,0,30,748,2281,135,"965049491164","aws-oem-mvmtv - 965049491164","i-07fb99c8cb3b86db9","ap-northeast-2","AWS Seoul",
"ec2-oem-hyundai-mvmtv-private-bastion-az2a","EC2 Instance","aws",0,1,0,0,0,32,753,2284,135,"965049491164","aws-oem-mvmtv - 965049491164","i-0947baa5917c2596e","ap-northeast-2","AWS Seoul",
"ec2-oem-hyundai-mvmtv-config-mgmt","EC2 Instance","aws",0,1,0,0,0,14,375,1377,83,"965049491164","aws-oem-mvmtv - 965049491164","i-001f64c59401efe4b","ap-northeast-2","AWS Seoul",
"ec2-prod-idaas-mgmt-az2c","EC2 Instance","aws",0,1,0,0,0,21,268,764,42,"533267342945","aws-prd-idaas - 533267342945","i-07891a9bc3648f864","ap-northeast-2","AWS Seoul",
"ec2-prod-idaas-mgmt-az2a","EC2 Instance","aws",0,1,0,0,0,21,268,764,42,"533267342945","aws-prd-idaas - 533267342945","i-00766f6322f938bb4","ap-northeast-2","AWS Seoul",
"ec2-prd-fleet-mgmt-system-private-config-mgmts-az2a","EC2 Instance","aws",0,1,0,0,0,22,203,565,47,"756588537635","fms_prd - 756588537635","i-09444970da02c85a0","ap-northeast-2","AWS Seoul",
"ec2-prd-fleet-mgmt-system-private-config-mgmts-az2c","EC2 Instance","aws",0,1,0,0,0,30,251,594,55,"756588537635","fms_prd - 756588537635","i-00f235b15d47f125b","ap-northeast-2","AWS Seoul",
"ec2-an2-prod-mvoip-rds-monitoring-agent-az2c","EC2 Instance","aws",0,1,0,0,0,26,221,546,45,"891376931275","aws-prd-mvoip010 - 891376931275","i-026267c06e3a806c7","ap-northeast-2","AWS Seoul",
"ec2-an2-prod-mvoip-signal-02-az2c","EC2 Instance","aws",0,1,0,0,0,22,206,557,47,"891376931275","aws-prd-mvoip010 - 891376931275","i-02cc5c5decaae4f7f","ap-northeast-2","AWS Seoul",
"ec2-an2-prod-mvoip-signal-03-az2a","EC2 Instance","aws",0,1,0,0,0,22,206,557,47,"891376931275","aws-prd-mvoip010 - 891376931275","i-0044209fc619ffc50","ap-northeast-2","AWS Seoul",
"ec2-an2-prod-mvoip-slb-02-az2c","EC2 Instance","aws",0,1,0,0,0,24,224,596,58,"891376931275","aws-prd-mvoip010 - 891376931275","i-07dd91a0ef4a56438","ap-northeast-2","AWS Seoul",
"ec2-an2-prod-mvoip-signal-05-az2a","EC2 Instance","aws",0,1,0,0,0,22,206,557,47,"891376931275","aws-prd-mvoip010 - 891376931275","i-08e3f12ae1d2e6106","ap-northeast-2","AWS Seoul",
"ec2-an2-prod-mvoip-signal-08-az2c","EC2 Instance","aws",0,1,0,0,0,23,211,583,49,"891376931275","aws-prd-mvoip010 - 891376931275","i-095b4150e890ef6e3","ap-northeast-2","AWS Seoul",
"ec2-an2-prod-mvoip-signal-09-az2a","EC2 Instance","aws",0,1,0,0,0,23,211,583,49,"891376931275","aws-prd-mvoip010 - 891376931275","i-03e9a82f5b9c104f6","ap-northeast-2","AWS Seoul",
"ec2-an2-prod-mvoip-signal-01-az2a","EC2 Instance","aws",0,1,0,0,0,22,209,553,47,"891376931275","aws-prd-mvoip010 - 891376931275","i-020c922e8e5658f4d","ap-northeast-2","AWS Seoul",
"ec2-an2-uudp-stg-websvc-1","EC2 Instance","aws",0,1,0,0,0,20,414,1637,122,"763529425475","usimdeliins - 763529425475","i-0504a33ab71afefb4","ap-northeast-2","AWS Seoul",
"ec2-an2-uudp-stg-cd-1","EC2 Instance","aws",0,1,0,0,0,19,407,1623,84,"763529425475","usimdeliins - 763529425475","i-010a925c59b9a5344","ap-northeast-2","AWS Seoul",
"ec2-an2-uudp-stg-websvc-2","EC2 Instance","aws",0,1,0,0,0,17,410,1628,133,"763529425475","usimdeliins - 763529425475","i-04b7bfd4cb544cb24","ap-northeast-2","AWS Seoul",
"ec2-an2-prod-mvoip-slb-03-az2a","EC2 Instance","aws",0,1,0,0,0,24,223,596,55,"891376931275","aws-prd-mvoip010 - 891376931275","i-0bdc9d165fdb9af7d","ap-northeast-2","AWS Seoul",
"ec2-an2-prod-mvoip-signal-04-az2c","EC2 Instance","aws",0,1,0,0,0,22,206,557,47,"891376931275","aws-prd-mvoip010 - 891376931275","i-0394f028600ef183d","ap-northeast-2","AWS Seoul",
"ec2-an2-prod-mvoip-signal-07-az2a","EC2 Instance","aws",0,1,0,0,0,23,211,583,49,"891376931275","aws-prd-mvoip010 - 891376931275","i-0d3d22e60a9feb543","ap-northeast-2","AWS Seoul",
"ec2-an2-prod-mvoip-signal-06-az2c","EC2 Instance","aws",0,1,0,0,0,23,211,583,49,"891376931275","aws-prd-mvoip010 - 891376931275","i-0367b333baf4c4621","ap-northeast-2","AWS Seoul",
"ec2-an2-prod-mvoip-slb-04-az2c","EC2 Instance","aws",0,1,0,0,0,24,223,596,55,"891376931275","aws-prd-mvoip010 - 891376931275","i-0f9d61e6219cc9210","ap-northeast-2","AWS Seoul",
"ec2-an2-uudp-prod-websvc-2","EC2 Instance","aws",0,1,0,0,0,18,270,945,122,"654979502753","usimdeliprd - 654979502753","i-0d4ee43876746dc85","ap-northeast-2","AWS Seoul",
"ec2-an2-uudp-prod-websvc-1","EC2 Instance","aws",0,1,0,0,0,19,271,945,122,"654979502753","usimdeliprd - 654979502753","i-0c013188fc1242bd6","ap-northeast-2","AWS Seoul",
"ec2-an2-uudp-prod-cd-1","EC2 Instance","aws",0,1,0,0,0,15,393,1613,84,"654979502753","usimdeliprd - 654979502753","i-07dfd7b5057871f29","ap-northeast-2","AWS Seoul",
"ec2-an2-prod-mvoip-slb-01-az2a","EC2 Instance","aws",0,1,0,0,0,24,224,596,55,"891376931275","aws-prd-mvoip010 - 891376931275","i-05b852c2d87131940","ap-northeast-2","AWS Seoul",
"ec2-an2-prod-mvoip-signal-10-az2c","EC2 Instance","aws",0,1,0,0,0,23,211,583,49,"891376931275","aws-prd-mvoip010 - 891376931275","i-0f43cdef0e8c12a46","ap-northeast-2","AWS Seoul",
"rbs-mtx-eks-node-engine-open","EC2 Instance","aws",0,1,0,0,0,3,142,451,21,"755362625627","tel-bss-stg - 755362625627","i-09be0874dc882b3a1","ap-northeast-2","AWS Seoul",
"rbs-mtx-eks-node-engine-open","EC2 Instance","aws",0,1,0,0,0,3,142,451,21,"755362625627","tel-bss-stg - 755362625627","i-0602690683cfefed5","ap-northeast-2","AWS Seoul",
"rbs-mtx-eks-node-access-open","EC2 Instance","aws",0,1,0,0,0,3,142,451,21,"755362625627","tel-bss-stg - 755362625627","i-0d0f2c53866a0eae2","ap-northeast-2","AWS Seoul",
"rbs-mtx-eks-node-access-open","EC2 Instance","aws",0,1,0,0,0,3,142,451,21,"755362625627","tel-bss-stg - 755362625627","i-067c9c8fa24b5b269","ap-northeast-2","AWS Seoul",
"rbs-mtx-eks-node-engine-open","EC2 Instance","aws",0,1,0,0,0,3,142,451,21,"755362625627","tel-bss-stg - 755362625627","i-0ad61a31c905140f8","ap-northeast-2","AWS Seoul",
"eks-node","EC2 Instance","aws",0,1,0,0,0,5,128,439,22,"590183678280","aws-dev-ugpt - 590183678280","i-03c6b2c4d261b98fa","ap-northeast-2","AWS Seoul",
"eks-node","EC2 Instance","aws",0,1,0,0,0,5,128,439,22,"590183678280","aws-dev-ugpt - 590183678280","i-0cdca8bdcebcf9d9a","ap-northeast-2","AWS Seoul",
"eks-node","EC2 Instance","aws",0,1,0,0,0,5,128,439,22,"590183678280","aws-dev-ugpt - 590183678280","i-017f8a02f3c0f9382","ap-northeast-2","AWS Seoul",
"ec2-dev-indxuplus-application-az2a","EC2 Instance","aws",0,1,0,0,0,39,675,1777,160,"210627493623","indxuplusdev - 210627493623","i-03b7d06e1c037e252","ap-northeast-2","AWS Seoul",
"ec2-dev-indxuplus-private-bastion-az2a","EC2 Instance","aws",0,1,0,0,0,33,741,2260,122,"210627493623","indxuplusdev - 210627493623","i-029cc5aa4fb71e306","ap-northeast-2","AWS Seoul",
"ec2-ixi-prd-eks-mgmt-a","EC2 Instance","aws",0,1,0,0,0,53,607,2069,145,"971216839324","IPTV_OTT_SEARCH_prod - 971216839324","i-06c5cc522a61f3e1b","ap-northeast-2","AWS Seoul",
"rbp-mtx-eks-engine-node-a","EC2 Instance","aws",0,1,0,0,0,4,136,408,21,"437437657957","tel-bss-prd - 437437657957","i-0762054e335c35800","ap-northeast-2","AWS Seoul",
"rbp-mtx-eks-engine-node-c","EC2 Instance","aws",0,1,0,0,0,4,136,408,21,"437437657957","tel-bss-prd - 437437657957","i-0fbb830caa25a02b4","ap-northeast-2","AWS Seoul",
"rbp-mtx-eks-engine-node-a","EC2 Instance","aws",0,1,0,0,0,4,136,408,21,"437437657957","tel-bss-prd - 437437657957","i-00aa0f4ef018992c6","ap-northeast-2","AWS Seoul",
"rbp-cpx-eks-node","EC2 Instance","aws",0,1,0,0,0,7,172,528,23,"437437657957","tel-bss-prd - 437437657957","i-0d3714367a76bb044","ap-northeast-2","AWS Seoul",
"rbp-cpx-eks-node","EC2 Instance","aws",0,1,0,0,0,7,172,528,23,"437437657957","tel-bss-prd - 437437657957","i-0ccf2584b85966e3f","ap-northeast-2","AWS Seoul",
"rbp-mtx-eks-access-node-a","EC2 Instance","aws",0,1,0,0,0,4,136,408,21,"437437657957","tel-bss-prd - 437437657957","i-0555351b5a8540dac","ap-northeast-2","AWS Seoul",
"rbp-mtx-eks-access-node-c","EC2 Instance","aws",0,1,0,0,0,4,136,408,21,"437437657957","tel-bss-prd - 437437657957","i-038918d9323a0b790","ap-northeast-2","AWS Seoul",
"rbp-mtx-eks-engine-node-c","EC2 Instance","aws",0,1,0,0,0,4,136,408,21,"437437657957","tel-bss-prd - 437437657957","i-05f6086215c0d6dd9","ap-northeast-2","AWS Seoul",
"rbp-mtx-eks-engine-node-c","EC2 Instance","aws",0,1,0,0,0,4,136,408,21,"437437657957","tel-bss-prd - 437437657957","i-02f32025c18882207","ap-northeast-2","AWS Seoul",
"rbp-mtx-eks-engine-node-a","EC2 Instance","aws",0,1,0,0,0,4,136,408,21,"437437657957","tel-bss-prd - 437437657957","i-026aa08931ef0b5d4","ap-northeast-2","AWS Seoul",
"rbp-mtx-eks-engine-node-c","EC2 Instance","aws",0,1,0,0,0,4,136,408,21,"437437657957","tel-bss-prd - 437437657957","i-0529f07095a386f0b","ap-northeast-2","AWS Seoul",
"rbp-mtx-eks-access-node-c","EC2 Instance","aws",0,1,0,0,0,4,136,408,21,"437437657957","tel-bss-prd - 437437657957","i-066072e5e0f865ec7","ap-northeast-2","AWS Seoul",
"rbp-mtx-eks-access-node-a","EC2 Instance","aws",0,1,0,0,0,4,136,408,21,"437437657957","tel-bss-prd - 437437657957","i-0f0a4cb31ffae8a82","ap-northeast-2","AWS Seoul",
"rbp-mtx-eks-engine-node-a","EC2 Instance","aws",0,1,0,0,0,4,136,408,21,"437437657957","tel-bss-prd - 437437657957","i-027868cd9e2edd221","ap-northeast-2","AWS Seoul",
"rbp-mtx-eks-engine-node-a","EC2 Instance","aws",0,1,0,0,0,4,136,408,21,"437437657957","tel-bss-prd - 437437657957","i-0d9c33766c912a56a","ap-northeast-2","AWS Seoul",
"rbp-mtx-eks-engine-node-c","EC2 Instance","aws",0,1,0,0,0,4,136,408,21,"437437657957","tel-bss-prd - 437437657957","i-0ccfc854a35b80a36","ap-northeast-2","AWS Seoul",
"rbp-cpx-eks-node","EC2 Instance","aws",0,1,0,0,0,7,172,528,23,"437437657957","tel-bss-prd - 437437657957","i-0596ea30a1e36f4aa","ap-northeast-2","AWS Seoul",
"ec2-prd-spam-pvs-web-az2a","EC2 Instance","aws",0,1,0,0,0,4,279,936,71,"576229193210","aws-prd-spam - 576229193210","i-0442843c1a6900575","ap-northeast-2","AWS Seoul",
"ec2-prd-spam-pvs-web-az2c","EC2 Instance","aws",0,1,0,0,0,4,279,936,71,"576229193210","aws-prd-spam - 576229193210","i-041a4815e3a5b74d7","ap-northeast-2","AWS Seoul",
"ec2-dev-ircp-private-jenkins-01-az2a","EC2 Instance","aws",0,1,0,0,0,114,777,2066,160,"134993683313","aws-dev-irc - 134993683313","i-07882a9566b16838d","ap-northeast-2","AWS Seoul",
"asg-nfxpw-prd-was","EC2 Instance","aws",0,1,0,0,0,7,277,937,79,"489948560089","awsprdnfxpw - 489948560089","i-0405ea9f304e3734a","ap-northeast-2","AWS Seoul",
"SHARED-MAIN-WORKLOAD_SPOT-MANAGED-V1_32","EC2 Instance","aws",0,0,0,0,0,,,,,"340441409657","SHARED - 340441409657","i-010a03d75e5f34900","ap-northeast-2","AWS Seoul",
"SHARED-MAIN-WORKLOAD_SPOT-MANAGED-V1_32","EC2 Instance","aws",0,0,0,0,0,,,,,"340441409657","SHARED - 340441409657","i-01c8db434f0af1a1d","ap-northeast-2","AWS Seoul",
"ec2-dev-iptv-dev-cluster-v1_31-karpenter-node","EC2 Instance","aws",0,0,0,0,0,,,,,"578094293967","aws-dev-iptv - 578094293967","i-09fc6516cbc789d77","ap-northeast-2","AWS Seoul",
"ec2-dev-iptv-dev-cluster-v1_31-karpenter-node","EC2 Instance","aws",0,0,0,0,0,,,,,"578094293967","aws-dev-iptv - 578094293967","i-08e5aeb6af6ae15c7","ap-northeast-2","AWS Seoul",
"ec2-dev-iptv-stp-cluster-v1_31-karpenter-node","EC2 Instance","aws",0,0,0,0,0,,,,,"578094293967","aws-dev-iptv - 578094293967","i-02908189d17302daa","ap-northeast-2","AWS Seoul",
"ec2-dev-iptv-stp-cluster-v1_31-karpenter-node","EC2 Instance","aws",0,0,0,0,0,,,,,"578094293967","aws-dev-iptv - 578094293967","i-0a86775d3fa466565","ap-northeast-2","AWS Seoul",
"ec2-qa-da-ssp-ad-whale-external","EC2 Instance","aws",0,0,0,0,0,,,,,"594483047342","aws-stg-ad001 - 594483047342","i-08a0174b90e4ddc09","ap-northeast-2","AWS Seoul",
"ec2-dev-da-ssp-ad-whale-external","EC2 Instance","aws",0,0,0,0,0,,,,,"657930461729","aws-dev-ad001 - 657930461729","i-00a435cad0e49498c","ap-northeast-2","AWS Seoul",
"errcauth-smrtd_apnortheast2-v002","EC2 Instance","aws",0,0,0,0,0,,,,,"590183859724","aws-dev-smrtmb - 590183859724","i-0f95db09565b81dbd","ap-northeast-2","AWS Seoul",
"errcmobile-smrtd_apnortheast2-v000","EC2 Instance","aws",0,0,0,0,0,,,,,"590183859724","aws-dev-smrtmb - 590183859724","i-01e77626846294717","ap-northeast-2","AWS Seoul",
"mockapi-ifeagw_apnortheast2-v004","EC2 Instance","aws",0,0,0,0,0,,,,,"221499275760","AWS_PROD_EAGW - 221499275760","i-0ec595267fde4b648","ap-northeast-2","AWS Seoul",
"art-stats-device-state-prod","EC2 Instance","aws",0,0,0,0,0,,,,,"771097826720","anypointmedia - uplus - 771097826720","i-0a1c06a99eb5e2d58","ap-northeast-2","AWS Seoul",
"cleanapne2-grjz-spot-members-karpenter","EC2 Instance","aws",0,0,0,0,0,,,,,"413372654015","daxclean - 413372654015","i-0e8fbd10a26ee3b85","ap-northeast-2","AWS Seoul",
"mockapi-ifeagwd_apnortheast2-v025","EC2 Instance","aws",0,0,0,0,0,,,,,"953155295956","AWS_DEV_EAGW - 953155295956","i-051b1081d0746b9de","ap-northeast-2","AWS Seoul",
"sambongapi-ifeagwd_apnortheast2-v012","EC2 Instance","aws",0,0,0,0,0,,,,,"953155295956","AWS_DEV_EAGW - 953155295956","i-03f40646e976b8dea","ap-northeast-2","AWS Seoul",
"DATA-DEV-WORKLOAD-MANAGED-V1_32","EC2 Instance","aws",0,0,0,0,0,,,,,"999080156662","DATA-DEV - 999080156662","i-08635011d9953a5db","ap-northeast-2","AWS Seoul",
"ec2-dev-iptv-dev-cluster-v1_31-karpenter-node","EC2 Instance","aws",0,0,0,0,0,,,,,"578094293967","aws-dev-iptv - 578094293967","i-0f65d41d643204a36","ap-northeast-2","AWS Seoul",
"SHARED-MAIN-WORKLOAD_SPOT-MANAGED-V1_32","EC2 Instance","aws",0,0,0,0,0,,,,,"340441409657","SHARED - 340441409657","i-0d6c0a0ee8cfcb309","ap-northeast-2","AWS Seoul",
"SHARED-MAIN-WORKLOAD_SPOT-MANAGED-V1_32","EC2 Instance","aws",0,0,0,0,0,,,,,"340441409657","SHARED - 340441409657","i-07456150c93e8585b","ap-northeast-2","AWS Seoul",
"ec2-dev-cpne-was","EC2 Instance","aws",0,0,0,0,0,,,,,"296062554230","cpne-dev - 296062554230","i-013fa45d73dfd9ee9","ap-northeast-2","AWS Seoul",
"bifrostpp-net-iptv-prd-extgw-v2-v102","EC2 Instance","aws",0,0,0,0,0,,,,,"832627517726","aws-net-iptv - 832627517726","i-0cfbfbea87c98d28a","ap-northeast-2","AWS Seoul",
"kafka-ansible-discovery","EC2 Instance","aws",0,0,0,0,0,0,0,0,0,"800445880799","AWS_SQA_NUPF - 800445880799","i-09f57d24de40379ee","ap-northeast-2","AWS Seoul",
"ec2-dev-iptv-stp-cluster-v1_31-karpenter-node","EC2 Instance","aws",0,0,0,0,0,,,,,"578094293967","aws-dev-iptv - 578094293967","i-04a7721aece766161","ap-northeast-2","AWS Seoul",
"ec2-dev-iptv-stp-cluster-v1_31-karpenter-node","EC2 Instance","aws",0,0,0,0,0,,,,,"578094293967","aws-dev-iptv - 578094293967","i-086102a00b7fd905d","ap-northeast-2","AWS Seoul",
"ec2-dev-iptv-dev-cluster-v1_31-karpenter-node","EC2 Instance","aws",0,0,0,0,0,,,,,"578094293967","aws-dev-iptv - 578094293967","i-0b54af472232216e6","ap-northeast-2","AWS Seoul",
"nupfdapne2-wxiz-spot-karpenter","EC2 Instance","aws",0,0,0,0,0,,,,,"123730156562","AWS_SVC_NUPF_SDEV - 123730156562","i-03324c8df52be4635","ap-northeast-2","AWS Seoul",
"nupfdapne2-wxiz-spot-karpenter","EC2 Instance","aws",0,0,0,0,0,,,,,"123730156562","AWS_SVC_NUPF_SDEV - 123730156562","i-005cd6835fd3f101f","ap-northeast-2","AWS Seoul",
"nupfdapne2-wxiz-spot-karpenter","EC2 Instance","aws",0,0,0,0,0,,,,,"123730156562","AWS_SVC_NUPF_SDEV - 123730156562","i-0b922d44b3a823298","ap-northeast-2","AWS Seoul",
"spsapne2-ykdx-spot-karpenter","EC2 Instance","aws",0,0,0,0,0,,,,,"122518608090","svcprotodev - 122518608090","i-0f5a0ee270381778d","ap-northeast-2","AWS Seoul",
"ec2-dev-da-ssp-ad-whale-internal","EC2 Instance","aws",0,0,0,0,0,,,,,"657930461729","aws-dev-ad001 - 657930461729","i-0d97c5077f276d905","ap-northeast-2","AWS Seoul",
"ec2-dev-da-ssp-config-mgmt","EC2 Instance","aws",0,0,0,0,0,,,,,"657930461729","aws-dev-ad001 - 657930461729","i-03ab46fcb58c31b0d","ap-northeast-2","AWS Seoul",
"ec2-qa-da-ssp-ad-whale-internal","EC2 Instance","aws",0,0,0,0,0,,,,,"594483047342","aws-stg-ad001 - 594483047342","i-0a86874085abf9e9e","ap-northeast-2","AWS Seoul",
"ec2-qa-da-ssp-config-mgmt","EC2 Instance","aws",0,0,0,0,0,,,,,"594483047342","aws-stg-ad001 - 594483047342","i-08ddffb9032e90dae","ap-northeast-2","AWS Seoul",
"ec2-prd-iptv-shd-cluster-v1_31-karpenter-node","EC2 Instance","aws",0,0,0,0,0,,,,,"969671253885","aws-prd-iptv - 969671253885","i-0a44e53c9d516a2db","ap-northeast-2","AWS Seoul",
"ec2-dev-iptv-dev-cluster-v1_31-karpenter-node","EC2 Instance","aws",0,0,0,0,0,,,,,"578094293967","aws-dev-iptv - 578094293967","i-02e8cf869f0dd3bf4","ap-northeast-2","AWS Seoul",
"ec2-dev-iptv-stp-cluster-v1_31-karpenter-node","EC2 Instance","aws",0,0,0,0,0,,,,,"578094293967","aws-dev-iptv - 578094293967","i-0daab8b9ea80e6f99","ap-northeast-2","AWS Seoul",
"ec2-dev-iptv-stp-cluster-v1_31-karpenter-node","EC2 Instance","aws",0,0,0,0,0,,,,,"578094293967","aws-dev-iptv - 578094293967","i-03a483e7d311fb3b7","ap-northeast-2","AWS Seoul",
"ec2-prd-iptv-shd-cluster-v1_31-karpenter-node","EC2 Instance","aws",0,0,0,0,0,,,,,"969671253885","aws-prd-iptv - 969671253885","i-0dd10470ee6ad6b48","ap-northeast-2","AWS Seoul",
"ec2-dev-iptv-stp-cluster-v1_31-karpenter-node","EC2 Instance","aws",0,0,0,0,0,,,,,"578094293967","aws-dev-iptv - 578094293967","i-0e198642a62a88dc6","ap-northeast-2","AWS Seoul",
"ec2-dev-iptv-dev-cluster-v1_31-karpenter-node","EC2 Instance","aws",0,0,0,0,0,,,,,"578094293967","aws-dev-iptv - 578094293967","i-0c6eeb2fb4e3a08be","ap-northeast-2","AWS Seoul",
"cleansapne2-jvts-spot-members-karpenter","EC2 Instance","aws",0,0,0,0,0,,,,,"854531064573","daxcleand - 854531064573","i-055890107e74f266b","ap-northeast-2","AWS Seoul",
"ec2-dev-iptv-dev-cluster-v1_31-karpenter-node","EC2 Instance","aws",0,0,0,0,0,,,,,"578094293967","aws-dev-iptv - 578094293967","i-074d0e2a663da8cf6","ap-northeast-2","AWS Seoul",
"bsddapne2-gmkf-advisor-default-on-demand-karpenter","EC2 Instance","aws",0,0,0,0,0,,,,,"767397901718","aws-nsd-dev - 767397901718","i-0b2a3e1a11f7a826f","ap-northeast-2","AWS Seoul",
"opsdapne2-krsh-ondemand-karpenter","EC2 Instance","aws",0,0,0,0,0,,,,,"478195486159","dax-ops - 478195486159","i-0e71fb78208928b45","ap-northeast-2","AWS Seoul",
"bsddapne2-gmkf-advisor-default-on-demand-karpenter","EC2 Instance","aws",0,0,0,0,0,,,,,"767397901718","aws-nsd-dev - 767397901718","i-08528b40be9e49c52","ap-northeast-2","AWS Seoul",
"STG-ADVMSG-EKS-SUB","EC2 Instance","aws",0,0,0,0,0,,,,,"419420945181","aws-stgdev-msghub - 419420945181","i-0e565e7483bad8590","ap-northeast-2","AWS Seoul",
"ec2-dev-iptv-stp-cluster-v1_31-karpenter-node","EC2 Instance","aws",0,0,0,0,0,,,,,"578094293967","aws-dev-iptv - 578094293967","i-0984b6b61059c0359","ap-northeast-2","AWS Seoul",
"cleansapne2-jvts-spot-styx-karpenter","EC2 Instance","aws",0,0,0,0,0,,,,,"854531064573","daxcleand - 854531064573","i-0544f70c9357fff26","ap-northeast-2","AWS Seoul",
"ec2-dev-iptv-dev-cluster-v1_31-karpenter-node","EC2 Instance","aws",0,0,0,0,0,,,,,"578094293967","aws-dev-iptv - 578094293967","i-0bb40f8644d37e86a","ap-northeast-2","AWS Seoul",
"SHARED-MAIN-WORKLOAD-MANAGED-V1_32","EC2 Instance","aws",0,0,0,0,0,,,,,"340441409657","SHARED - 340441409657","i-065fde826c8b61df4","ap-northeast-2","AWS Seoul",
"SHARED-MAIN-WORKLOAD_SPOT-MANAGED-V1_32","EC2 Instance","aws",0,0,0,0,0,,,,,"340441409657","SHARED - 340441409657","i-065658b7bb665b135","ap-northeast-2","AWS Seoul",
"SHARED-MAIN-WORKLOAD-MANAGED-V1_32","EC2 Instance","aws",0,0,0,0,0,,,,,"340441409657","SHARED - 340441409657","i-053b82b7cec256435","ap-northeast-2","AWS Seoul",
"ec2-stg-aicc-sbc-az2c","EC2 Instance","aws",0,0,0,0,0,0,0,0,0,"571113805677","aws-stg-ccaas - 571113805677","i-0e08b28127892e24b","ap-northeast-2","AWS Seoul",
"ec2-stg-aicc-sbc-az2a","EC2 Instance","aws",0,0,0,0,0,0,0,0,0,"571113805677","aws-stg-ccaas - 571113805677","i-033dc6cdf10e3a6f6","ap-northeast-2","AWS Seoul",
"hub_maria_db","EC2 Instance","aws",0,0,0,0,0,0,0,0,0,"942525724688","aws-dev-smstech - 942525724688","i-0ef56335331b6cad9","ap-northeast-2","AWS Seoul",
"aiugptd_locust1","EC2 Instance","aws",0,0,0,0,0,,,,,"590183678280","aws-dev-ugpt - 590183678280","i-00603034b906375f6","ap-northeast-2","AWS Seoul",
"ec2-dev-soho-bastion-arm64-apn2c","EC2 Instance","aws",0,0,0,0,0,0,0,0,0,"785492400347","aws-dev-soho - 785492400347","i-0959cb70256d108cf","ap-northeast-2","AWS Seoul",
"ec2-dev-iptv-stp-cluster-v1_31-karpenter-node","EC2 Instance","aws",0,0,0,0,0,,,,,"578094293967","aws-dev-iptv - 578094293967","i-07f96f1359391f96e","ap-northeast-2","AWS Seoul",
"node-eks-prd-fbev-1-arm64","EC2 Instance","aws",0,0,0,0,0,,,,,"831926601486","aws-feedback-sreprd - 831926601486","i-0486a2e8ced14c81f","ap-northeast-2","AWS Seoul",
"node-eks-prd-fbev-1-arm64","EC2 Instance","aws",0,0,0,0,0,,,,,"831926601486","aws-feedback-sreprd - 831926601486","i-05ee716c8f11e38f2","ap-northeast-2","AWS Seoul",
"eks-prod-uplus-sporki-node","EC2 Instance","aws",0,0,0,0,0,,,,,"274096849112","sporki_live - 274096849112","i-09545e707fa26216b","ap-northeast-2","AWS Seoul",
"ec2-dev-aicc-sbc-az2c","EC2 Instance","aws",0,0,0,0,0,0,0,0,0,"406927758154","aws-dev-ccaas - 406927758154","i-0721d36bf85970ea6","ap-northeast-2","AWS Seoul",
"ec2-dev-aicc-sbc-az2a","EC2 Instance","aws",0,0,0,0,0,0,0,0,0,"406927758154","aws-dev-ccaas - 406927758154","i-0be5f72b6f65cf13a","ap-northeast-2","AWS Seoul",
"seulgi_front-seulgid_apnortheast2-v285","EC2 Instance","aws",0,0,0,0,0,,,,,"954976322846","aws_dev_ai_workagent - 954976322846","i-00be7a3be3fb545a9","ap-northeast-2","AWS Seoul",
"ec2-prd-msg-mmsc-ext-az2c-ltm","EC2 Instance","aws",0,0,0,0,0,0,0,0,0,"060795941504","aws-MMSSMS-PRDMMS - 060795941504","i-0e378e3c4bbea7bb1","ap-northeast-2","AWS Seoul",
"ec2-prd-msg-mmsc-int-az2a-ltm","EC2 Instance","aws",0,0,0,0,0,0,0,0,0,"060795941504","aws-MMSSMS-PRDMMS - 060795941504","i-0a4f3434304d2161c","ap-northeast-2","AWS Seoul",
"ec2-prd-msg-mmsc-ext-az2a-ltm","EC2 Instance","aws",0,0,0,0,0,0,0,0,0,"060795941504","aws-MMSSMS-PRDMMS - 060795941504","i-08bd1d7882e2f013a","ap-northeast-2","AWS Seoul",
"ec2-prd-msg-mmsc-int-az2c-ltm","EC2 Instance","aws",0,0,0,0,0,0,0,0,0,"060795941504","aws-MMSSMS-PRDMMS - 060795941504","i-09110c68ec5f8424f","ap-northeast-2","AWS Seoul",
"itrelengdapne2-zahe-spot-bottlerocket-karpenter","EC2 Instance","aws",0,0,0,0,0,0,0,0,0,"590184057287","aws-itmod-releng - 590184057287","i-083dcf2c661bf3fc5","ap-northeast-2","AWS Seoul",
"itrelengdapne2-zahe-spot-bottlerocket-karpenter","EC2 Instance","aws",0,0,0,0,0,0,0,0,0,"590184057287","aws-itmod-releng - 590184057287","i-092a94e5acf75aaa6","ap-northeast-2","AWS Seoul",
"itrelengdapne2-zahe-spot-bottlerocket-karpenter","EC2 Instance","aws",0,0,0,0,0,0,0,0,0,"590184057287","aws-itmod-releng - 590184057287","i-09a7806efdaf24219","ap-northeast-2","AWS Seoul",
"seulgi_front-seulgi_apnortheast2-v112","EC2 Instance","aws",0,0,0,0,0,,,,,"194722424550","aws_prd_ai_workagent - 194722424550","i-0b8bd9dcbcf15d422","ap-northeast-2","AWS Seoul",
"seulgi_front-seulgi_apnortheast2-v112","EC2 Instance","aws",0,0,0,0,0,,,,,"194722424550","aws_prd_ai_workagent - 194722424550","i-02d1865cd22426475","ap-northeast-2","AWS Seoul",
"ec2-qa-msg-mmsc-ext-az2a-ltm","EC2 Instance","aws",0,0,0,0,0,0,0,0,0,"242201289121","aws-MMSSMS-STGMMS - 242201289121","i-0a28accc30b0b76d1","ap-northeast-2","AWS Seoul",
"ec2-qa-msg-pgw-int-az2c-ltm","EC2 Instance","aws",0,0,0,0,0,0,0,0,0,"242201289121","aws-MMSSMS-STGMMS - 242201289121","i-0e30a014932408561","ap-northeast-2","AWS Seoul",
"ec2-qa-msg-sgw-int-az2c-ltm","EC2 Instance","aws",0,0,0,0,0,0,0,0,0,"242201289121","aws-MMSSMS-STGMMS - 242201289121","i-04f2ecebe9ea016fd","ap-northeast-2","AWS Seoul",
"ec2-qa-msg-mmsc-ext-az2c-ltm","EC2 Instance","aws",0,0,0,0,0,0,0,0,0,"242201289121","aws-MMSSMS-STGMMS - 242201289121","i-05f5722b5e872c950","ap-northeast-2","AWS Seoul",
"ec2-qa-msg-mmsc-ext-az2a-gslb","EC2 Instance","aws",0,0,0,0,0,0,0,0,0,"242201289121","aws-MMSSMS-STGMMS - 242201289121","i-0ea0eaacc92277775","ap-northeast-2","AWS Seoul",
"ec2-qa-msg-pgw-ext-az2a-ltm","EC2 Instance","aws",0,0,0,0,0,0,0,0,0,"242201289121","aws-MMSSMS-STGMMS - 242201289121","i-00a114d7c50279d62","ap-northeast-2","AWS Seoul",
"ec2-qa-msg-sgw-int-az2a-ltm","EC2 Instance","aws",0,0,0,0,0,0,0,0,0,"242201289121","aws-MMSSMS-STGMMS - 242201289121","i-08882848fbf6f766d","ap-northeast-2","AWS Seoul",
"ec2-qa-msg-pgw-ext-az2c-ltm","EC2 Instance","aws",0,0,0,0,0,0,0,0,0,"242201289121","aws-MMSSMS-STGMMS - 242201289121","i-078c238e6a00514f5","ap-northeast-2","AWS Seoul",
"ec2-qa-msg-pgw-int-az2a-ltm","EC2 Instance","aws",0,0,0,0,0,0,0,0,0,"242201289121","aws-MMSSMS-STGMMS - 242201289121","i-06104c2c49e79ea23","ap-northeast-2","AWS Seoul",
"ec2-qa-msg-mmsc-int-az2a-ltm","EC2 Instance","aws",0,0,0,0,0,0,0,0,0,"242201289121","aws-MMSSMS-STGMMS - 242201289121","i-0a22f2a013b3731d4","ap-northeast-2","AWS Seoul",
"ec2-qa-msg-mmsc-int-az2c-ltm","EC2 Instance","aws",0,0,0,0,0,0,0,0,0,"242201289121","aws-MMSSMS-STGMMS - 242201289121","i-07ca150682d8ae7ac","ap-northeast-2","AWS Seoul",
"ec2-qa-msg-sgw-ext-az2a-ltm","EC2 Instance","aws",0,0,0,0,0,0,0,0,0,"242201289121","aws-MMSSMS-STGMMS - 242201289121","i-04c48fc502d5d3af5","ap-northeast-2","AWS Seoul",
"ec2-qa-msg-sgw-ext-az2c-ltm","EC2 Instance","aws",0,0,0,0,0,0,0,0,0,"242201289121","aws-MMSSMS-STGMMS - 242201289121","i-08ba53e1349e01ae8","ap-northeast-2","AWS Seoul",
"eks-prod-uplus-sporki-node","EC2 Instance","aws",0,0,0,0,0,,,,,"274096849112","sporki_live - 274096849112","i-058fea88bf17489e8","ap-northeast-2","AWS Seoul",
"kafkaproxy-prd-share-iptv-prd-dx-v002","EC2 Instance","aws",0,0,0,0,0,,,,,"029480618840","aws-share-iptv - 029480618840","i-01dfbde8c0440562b","ap-northeast-2","AWS Seoul",
"itrelengdapne2-zahe-spot-bottlerocket-karpenter","EC2 Instance","aws",0,0,0,0,0,0,0,0,0,"590184057287","aws-itmod-releng - 590184057287","i-00fd26f50131bcaf2","ap-northeast-2","AWS Seoul",
"i-0bcb9568169c324f8","EC2 Instance","aws",0,0,0,0,0,0,0,0,0,"590184057287","aws-itmod-releng - 590184057287","i-0bcb9568169c324f8","ap-northeast-2","AWS Seoul",
"itrelengdapne2-zahe-spot-bottlerocket-karpenter","EC2 Instance","aws",0,0,0,0,0,0,0,0,0,"590184057287","aws-itmod-releng - 590184057287","i-00267bee7307e5c9c","ap-northeast-2","AWS Seoul",
"itrelengdapne2-zahe-spot-bottlerocket-karpenter","EC2 Instance","aws",0,0,0,0,0,,,,,"590184057287","aws-itmod-releng - 590184057287","i-06bc4bb3b658e69d7","ap-northeast-2","AWS Seoul",
"kafkaproxy-prd-share-iptv-prd-dx-v002","EC2 Instance","aws",0,0,0,0,0,,,,,"029480618840","aws-share-iptv - 029480618840","i-04c60163c980b28d9","ap-northeast-2","AWS Seoul",
"kafkaproxy-dev-share-iptv-devstg-dx-v004","EC2 Instance","aws",0,0,0,0,0,,,,,"029480618840","aws-share-iptv - 029480618840","i-06f8411ad7c5d330a","ap-northeast-2","AWS Seoul",
"kafkaproxy-stp-share-iptv-devstg-dx-v002","EC2 Instance","aws",0,0,0,0,0,,,,,"029480618840","aws-share-iptv - 029480618840","i-009d822eaba1c0a47","ap-northeast-2","AWS Seoul",
"SHARED-MAIN-WORKLOAD_CRITICAL-MANAGED-V1_32","EC2 Instance","aws",0,0,0,0,0,,,,,"340441409657","SHARED - 340441409657","i-093917b45b81d2998","ap-northeast-2","AWS Seoul",
"SHARED-MAIN-WORKLOAD_CRITICAL-MANAGED-V1_32","EC2 Instance","aws",0,0,0,0,0,,,,,"340441409657","SHARED - 340441409657","i-0d9db017505c62157","ap-northeast-2","AWS Seoul",
"SHARED-MAIN-WORKLOAD_CRITICAL-MANAGED-V1_32","EC2 Instance","aws",0,0,0,0,0,,,,,"340441409657","SHARED - 340441409657","i-0f0bc5c38ec3240b2","ap-northeast-2","AWS Seoul",
"lgup-dev-stp-wincom-pri-ca","EC2 Instance","aws",0,0,0,0,0,0,0,0,0,"021925306640","aws-lstp-iptv - 021925306640","i-015fc553ab299f3c0","ap-northeast-2","AWS Seoul",
"okcheonapi-ifeagwq_apnortheast2-v127","EC2 Instance","aws",0,0,0,0,0,,,,,"592927650777","AWS_QA_EAGW - 592927650777","i-068f075bc093d6247","ap-northeast-2","AWS Seoul",
"okcheonapi-ifeagwq_apnortheast2-v127","EC2 Instance","aws",0,0,0,0,0,,,,,"592927650777","AWS_QA_EAGW - 592927650777","i-044b3c85bf211fd51","ap-northeast-2","AWS Seoul",
"seulgi_server-seulgi_apnortheast2-v088","EC2 Instance","aws",0,0,0,0,0,,,,,"194722424550","aws_prd_ai_workagent - 194722424550","i-05c0f15a52c9b1c5d","ap-northeast-2","AWS Seoul",
"seulgi_server-seulgi_apnortheast2-v088","EC2 Instance","aws",0,0,0,0,0,,,,,"194722424550","aws_prd_ai_workagent - 194722424550","i-0821aacfccc234eea","ap-northeast-2","AWS Seoul",
"seulgi_server-seulgi_apnortheast2-v088","EC2 Instance","aws",0,0,0,0,0,,,,,"194722424550","aws_prd_ai_workagent - 194722424550","i-00e9e020d907f72c0","ap-northeast-2","AWS Seoul",
"seulgi_server-seulgi_apnortheast2-v088","EC2 Instance","aws",0,0,0,0,0,,,,,"194722424550","aws_prd_ai_workagent - 194722424550","i-01cbcaba4aa7013a1","ap-northeast-2","AWS Seoul",
"seulgi_server-seulgid_apnortheast2-v133","EC2 Instance","aws",0,0,0,0,0,,,,,"954976322846","aws_dev_ai_workagent - 954976322846","i-0250b33d7c7655511","ap-northeast-2","AWS Seoul",
"okcheonapi-ifeagwd_apnortheast2-v395","EC2 Instance","aws",0,0,0,0,0,,,,,"953155295956","AWS_DEV_EAGW - 953155295956","i-01b255c94450851bb","ap-northeast-2","AWS Seoul",
"ec2-prd-aicc-sbc-az2c","EC2 Instance","aws",0,0,0,0,0,0,0,0,0,"329204419623","aws-prd-ccaas - 329204419623","i-0498564469e142223","ap-northeast-2","AWS Seoul",
"ec2-prd-aicc-sbc-az2a","EC2 Instance","aws",0,0,0,0,0,0,0,0,0,"329204419623","aws-prd-ccaas - 329204419623","i-01e3b30d1577f2696","ap-northeast-2","AWS Seoul",
"ec2-prd-clcc-prx-01-f5network-12x","EC2 Instance","aws",0,0,0,0,0,0,0,0,0,"230837497989","awsprdclcc - 230837497989","i-0a0ae27b0c59eee8c","ap-northeast-2","AWS Seoul",
"ec2-prd-clcc-prx-02-f5network-12x","EC2 Instance","aws",0,0,0,0,0,0,0,0,0,"230837497989","awsprdclcc - 230837497989","i-081e6256f6b7ddbdc","ap-northeast-2","AWS Seoul",
"OPENVPN-10USER","EC2 Instance","aws",0,0,0,0,0,0,0,0,0,"773872345005","awsdevclcc - 773872345005","i-07e707937f4abd5e2","ap-northeast-2","AWS Seoul",
"prd-ifn-com-network-ngfw-c","EC2 Instance","aws",0,0,0,0,0,0,0,0,0,"292684119330","ifn-com-network - 292684119330","i-0f5243423902df68e","ap-northeast-2","AWS Seoul",
"prd-ifn-com-network-ngfw-a","EC2 Instance","aws",0,0,0,0,0,0,0,0,0,"292684119330","ifn-com-network - 292684119330","i-0a25011570df7d69e","ap-northeast-2","AWS Seoul",
"prd-ifn-com-network-ngfw-b","EC2 Instance","aws",0,0,0,0,0,0,0,0,0,"292684119330","ifn-com-network - 292684119330","i-01589aa2a13b3cb3a","ap-northeast-2","AWS Seoul",
"dev-ifn-com-network-ngfw","EC2 Instance","aws",0,0,0,0,0,0,0,0,0,"292684119330","ifn-com-network - 292684119330","i-06568624561f2e597","ap-northeast-2","AWS Seoul",
"ec2-net-smaple-utm-01-1","EC2 Instance","aws",0,0,0,0,0,0,0,0,0,"213374172630","Plant_Factory_PoC_2020 - 213374172630","i-0496939662c1e71ee","ap-northeast-2","AWS Seoul",
"ec2-net-smaple-utm-02-1","EC2 Instance","aws",0,0,0,0,0,0,0,0,0,"213374172630","Plant_Factory_PoC_2020 - 213374172630","i-06229ef15fb68729a","ap-northeast-2","AWS Seoul",
"advisorproxy-itnetdx_apnortheast2-v027","EC2 Instance","aws",0,0,0,0,0,0,0,0,0,"767398001257","aws-shared-itmodnet - 767398001257","i-02d660eb5d8889352","ap-northeast-2","AWS Seoul",
"kafkaproxy-itnetdx_apnortheast2-v008","EC2 Instance","aws",0,0,0,0,0,0,0,0,0,"767398001257","aws-shared-itmodnet - 767398001257","i-03d8e80b9eef047fc","ap-northeast-2","AWS Seoul",
"convaiproxy-itnetdx_apnortheast2-v002","EC2 Instance","aws",0,0,0,0,0,0,0,0,0,"767398001257","aws-shared-itmodnet - 767398001257","i-080e6f696cf1f4acc","ap-northeast-2","AWS Seoul",
"kafkaproxy-itnetdxd_apnortheast2-v020","EC2 Instance","aws",0,0,0,0,0,0,0,0,0,"767398001257","aws-shared-itmodnet - 767398001257","i-0557ac07fc6af779b","ap-northeast-2","AWS Seoul",
"advisorproxy-itnetdxd_apnortheast2-v034","EC2 Instance","aws",0,0,0,0,0,0,0,0,0,"767398001257","aws-shared-itmodnet - 767398001257","i-023e33719093e687e","ap-northeast-2","AWS Seoul",
"dhubproxy-itnetdx_apnortheast2-v034","EC2 Instance","aws",0,0,0,0,0,0,0,0,0,"767398001257","aws-shared-itmodnet - 767398001257","i-0add36317302382de","ap-northeast-2","AWS Seoul",
"dhubproxy-itnetdxd_apnortheast2-v061","EC2 Instance","aws",0,0,0,0,0,0,0,0,0,"767398001257","aws-shared-itmodnet - 767398001257","i-04dfdaff816d4e02d","ap-northeast-2","AWS Seoul",
"node-eks-dev-fbev-1-arm64","EC2 Instance","aws",0,0,0,0,0,0,0,0,0,"195275648674","aws-feedback-sredev - 195275648674","i-00afb45262179a648","ap-northeast-2","AWS Seoul",
"web-server","EC2 Instance","aws",0,0,0,0,0,0,0,0,0,"010438468525","aws-prd-sec - 010438468525","i-0f4a32443c3d57b66","ap-northeast-2","AWS Seoul",
"i-099e33c07e0ab98dc","EC2 Instance","aws",0,0,0,0,0,0,0,0,0,"549518468778","Secure-zone - 549518468778","i-099e33c07e0ab98dc","ap-northeast-2","AWS Seoul",
"convaiproxy-itnetdxd_apnortheast2-v011","EC2 Instance","aws",0,0,0,0,0,0,0,0,0,"767398001257","aws-shared-itmodnet - 767398001257","i-0f1266f6a8b44fe21","ap-northeast-2","AWS Seoul",
"okcheonapi-ifeagw_apnortheast2-v132","EC2 Instance","aws",0,0,0,0,0,0,0,0,0,"221499275760","AWS_PROD_EAGW - 221499275760","i-0ddc991174ef92412","ap-northeast-2","AWS Seoul",
"okcheonapi-ifeagw_apnortheast2-v132","EC2 Instance","aws",0,0,0,0,0,0,0,0,0,"221499275760","AWS_PROD_EAGW - 221499275760","i-0334c8a9ef37a731d","ap-northeast-2","AWS Seoul",
"okcheonapi-ifeagw_apnortheast2-v132","EC2 Instance","aws",0,0,0,0,0,0,0,0,0,"221499275760","AWS_PROD_EAGW - 221499275760","i-0bc0b1f2257acbe8d","ap-northeast-2","AWS Seoul",
"okcheonapi-ifeagw_apnortheast2-v132","EC2 Instance","aws",0,0,0,0,0,0,0,0,0,"221499275760","AWS_PROD_EAGW - 221499275760","i-0b27f3f3f911671a1","ap-northeast-2","AWS Seoul",
"okcheonapi-ifeagw_apnortheast2-v132","EC2 Instance","aws",0,0,0,0,0,0,0,0,0,"221499275760","AWS_PROD_EAGW - 221499275760","i-0d86e173d05c69f31","ap-northeast-2","AWS Seoul",
"okcheonapi-ifeagw_apnortheast2-v132","EC2 Instance","aws",0,0,0,0,0,0,0,0,0,"221499275760","AWS_PROD_EAGW - 221499275760","i-0276bba59f546e3ba","ap-northeast-2","AWS Seoul",
"ec2-stg-soho-bastion-arm64-apn2c","EC2 Instance","aws",0,0,0,0,0,0,0,0,0,"785492400347","aws-dev-soho - 785492400347","i-0cf54b8ff6bb47092","ap-northeast-2","AWS Seoul",
"sejongapi-ifeagwq_apnortheast2-v049","EC2 Instance","aws",0,0,0,0,0,0,0,0,0,"592927650777","AWS_QA_EAGW - 592927650777","i-0ec6d8f5f59fe2299","ap-northeast-2","AWS Seoul",
"sejongapi-ifeagwq_apnortheast2-v049","EC2 Instance","aws",0,0,0,0,0,0,0,0,0,"592927650777","AWS_QA_EAGW - 592927650777","i-0970e95c1131ff088","ap-northeast-2","AWS Seoul",
"sejongapi-ifeagwd_apnortheast2-v110","EC2 Instance","aws",0,0,0,0,0,0,0,0,0,"953155295956","AWS_DEV_EAGW - 953155295956","i-01e558fe3b4d7509b","ap-northeast-2","AWS Seoul",
"ec2-prod-clcc-softphone-test","EC2 Instance","aws",0,0,0,0,0,0,0,0,0,"230837497989","awsprdclcc - 230837497989","i-0ff0520027d99defe","ap-northeast-2","AWS Seoul",
"dev-cmp-front-1_31","EC2 Instance","aws",0,0,0,0,0,0,0,0,0,"945142638813","UCMP-Root - 945142638813","i-03f9830d159f37e9a","ap-northeast-2","AWS Seoul",
"lgup-dev-stp-gaeasoft-pri-MeCS-DB","EC2 Instance","aws",0,0,0,0,0,0,0,0,0,"021925306640","aws-lstp-iptv - 021925306640","i-06e081d7a79a78128","ap-northeast-2","AWS Seoul",
"eks-prd-clcc-ngroup-prd-clcc-normal-Node","EC2 Instance","aws",0,0,0,0,0,2,84,208,18,"230837497989","awsprdclcc - 230837497989","i-0905572b3194717fb","ap-northeast-2","AWS Seoul",
"ec2-prd-clcc-prx-datadog-01","EC2 Instance","aws",0,0,0,0,0,0,0,0,0,"230837497989","awsprdclcc - 230837497989","i-03d5335580004d3a5","ap-northeast-2","AWS Seoul",
"node-eks-dev-score-1-arm64","EC2 Instance","aws",0,0,0,0,0,0,0,0,0,"851725545841","blockchaindev - 851725545841","i-0fc4edaaf364db630","ap-northeast-2","AWS Seoul",
"node-eks-dev-score-1-arm64","EC2 Instance","aws",0,0,0,0,0,0,0,0,0,"851725545841","blockchaindev - 851725545841","i-0c416f2b599cf9c83","ap-northeast-2","AWS Seoul",
"jenkins-cmshared_apnortheast2-v055","EC2 Instance","aws",0,0,0,0,0,0,0,0,0,"532244111777","AWS_CM_SHARE - 532244111777","i-017084cd011b3a854","ap-northeast-2","AWS Seoul",
"github-runner-2","EC2 Instance","aws",0,0,0,0,0,0,0,0,0,"662158614522","AWSPlayCloud - 662158614522","i-05ea099a8c6267814","ap-northeast-2","AWS Seoul",
"github-runner-1","EC2 Instance","aws",0,0,0,0,0,0,0,0,0,"662158614522","AWSPlayCloud - 662158614522","i-059eca20781e5f0d3","ap-northeast-2","AWS Seoul",
"ec2-dev-clcc-pri-bst-win","EC2 Instance","aws",0,0,0,0,0,0,0,0,0,"773872345005","awsdevclcc - 773872345005","i-03d7cc9ade7646f7f","ap-northeast-2","AWS Seoul",
"ec2-iptvs-iptvott-ainlp-prod#1","EC2 Instance","aws",0,0,0,0,0,0,0,0,0,"971216839324","IPTV_OTT_SEARCH_prod - 971216839324","i-00a8b7ec2794a4c8a","ap-northeast-2","AWS Seoul",
"ec2-iptvs-iptvott-ainlp-prod#2","EC2 Instance","aws",0,0,0,0,0,0,0,0,0,"971216839324","IPTV_OTT_SEARCH_prod - 971216839324","i-0f8cb1f21c4504cb7","ap-northeast-2","AWS Seoul",
"ec2-iptvs-iptvott-aistt-prod#6","EC2 Instance","aws",0,0,0,0,0,0,0,0,0,"971216839324","IPTV_OTT_SEARCH_prod - 971216839324","i-02c944cf89ed5966b","ap-northeast-2","AWS Seoul",
"ec2-iptvs-iptvott-ainlp-prod#4","EC2 Instance","aws",0,0,0,0,0,0,0,0,0,"971216839324","IPTV_OTT_SEARCH_prod - 971216839324","i-0b92989f256c39408","ap-northeast-2","AWS Seoul",
"ec2-iptvs-iptvott-ainlp-prod#3","EC2 Instance","aws",0,0,0,0,0,0,0,0,0,"971216839324","IPTV_OTT_SEARCH_prod - 971216839324","i-0353042f6f6a9f75e","ap-northeast-2","AWS Seoul",
"ec2-iptvs-iptvott-aistt-prod#3","EC2 Instance","aws",0,0,0,0,0,0,0,0,0,"971216839324","IPTV_OTT_SEARCH_prod - 971216839324","i-0cfd3ee9bba4dc769","ap-northeast-2","AWS Seoul",
"ec2-iptvs-iptvott-aistt-prod#5","EC2 Instance","aws",0,0,0,0,0,0,0,0,0,"971216839324","IPTV_OTT_SEARCH_prod - 971216839324","i-008dae7ca5dab07bd","ap-northeast-2","AWS Seoul",
"ec2-iptvs-iptvott-aisr-prod#1","EC2 Instance","aws",0,0,0,0,0,0,0,0,0,"971216839324","IPTV_OTT_SEARCH_prod - 971216839324","i-0b85274683837d0a4","ap-northeast-2","AWS Seoul",
"ec2-iptvs-iptvott-aistt-prod#2","EC2 Instance","aws",0,0,0,0,0,0,0,0,0,"971216839324","IPTV_OTT_SEARCH_prod - 971216839324","i-0016422ebb43fbc57","ap-northeast-2","AWS Seoul",
"ec2-iptvs-iptvott-aistt-prod#1","EC2 Instance","aws",0,0,0,0,0,0,0,0,0,"971216839324","IPTV_OTT_SEARCH_prod - 971216839324","i-0746a646f291ef076","ap-northeast-2","AWS Seoul",
"ec2-iptvs-iptvott-aistt-prod#4","EC2 Instance","aws",0,0,0,0,0,0,0,0,0,"971216839324","IPTV_OTT_SEARCH_prod - 971216839324","i-02733569ad4b52d24","ap-northeast-2","AWS Seoul",
"ec2-iptvs-iptvott-aisr-prod#2","EC2 Instance","aws",0,0,0,0,0,0,0,0,0,"971216839324","IPTV_OTT_SEARCH_prod - 971216839324","i-005a2ccdb251476d4","ap-northeast-2","AWS Seoul",
"ec2-prd-nwa2d-rekognition","EC2 Instance","aws",0,0,0,0,0,0,0,0,0,"084375550813","aws-NWAI-prd - 084375550813","i-04573a9356301b3ec","ap-northeast-2","AWS Seoul",
"seulgi_admin-seulgi_apnortheast2-v032","EC2 Instance","aws",0,0,0,0,0,0,0,0,0,"194722424550","aws_prd_ai_workagent - 194722424550","i-07312b24f96ce8c9c","ap-northeast-2","AWS Seoul",
"seulgi_admin-seulgi_apnortheast2-v032","EC2 Instance","aws",0,0,0,0,0,0,0,0,0,"194722424550","aws_prd_ai_workagent - 194722424550","i-0e231124e538c5134","ap-northeast-2","AWS Seoul",
"seulgi_admin-seulgid_apnortheast2-v033","EC2 Instance","aws",0,0,0,0,0,0,0,0,0,"954976322846","aws_dev_ai_workagent - 954976322846","i-02c4e25db418eb651","ap-northeast-2","AWS Seoul",
"jihye-auto","EC2 Instance","aws",0,0,0,0,0,0,0,0,0,"662158614522","AWSPlayCloud - 662158614522","i-03b54b7c1df593196","ap-northeast-2","AWS Seoul",
"ec2-prd-clcc-ivr-02-dataserver","EC2 Instance","aws",0,0,0,0,0,6,213,819,53,"230837497989","awsprdclcc - 230837497989","i-0272fd23a9d379559","ap-northeast-2","AWS Seoul",
"groundivy-test1","EC2 Instance","aws",0,0,0,0,0,0,0,0,0,"557690609096","aws-aiicpoc-dev - 557690609096","i-0bc619817191ba98d","ap-northeast-2","AWS Seoul",
"dev-soar-internal-dx-2a-fortisoar-01","EC2 Instance","aws",0,0,0,0,0,0,0,0,0,"654654409751","cisozone - 654654409751","i-0e173ec98a520fbe9","ap-northeast-2","AWS Seoul",
"prod-soar-internal-dx-2c-fortisoar-02","EC2 Instance","aws",0,0,0,0,0,0,0,0,0,"654654409751","cisozone - 654654409751","i-0abd8362f53a02a6c","ap-northeast-2","AWS Seoul",
"prod-soar-internal-dx-2b-fortisoar-01_new","EC2 Instance","aws",0,0,0,0,0,0,0,0,0,"654654409751","cisozone - 654654409751","i-08d3e4fa9f9f6cc09","ap-northeast-2","AWS Seoul",
"ec2-share-iptv-prd-secgw-dbsafer-az2a","EC2 Instance","aws",0,0,0,0,0,0,0,0,0,"029480618840","aws-share-iptv - 029480618840","i-06899433a82430935","ap-northeast-2","AWS Seoul",
"es-nodegroup-env-d-uat-eks","EC2 Instance","aws",0,0,0,0,0,6,145,357,27,"072551541449","AWS_DEV_NUPD - 072551541449","i-0848898d37d9b6f00","ap-northeast-2","AWS Seoul",
"ec2-prd-clcc-prx-datadog-02","EC2 Instance","aws",0,0,0,0,0,0,0,0,0,"230837497989","awsprdclcc - 230837497989","i-0875d8c39fd1fd512","ap-northeast-2","AWS Seoul",
"node-eks-dev-fbev-1-arm64","EC2 Instance","aws",0,0,0,0,0,0,0,0,0,"195275648674","aws-feedback-sredev - 195275648674","i-0a2ac1d45ee3a01e1","ap-northeast-2","AWS Seoul",
"groundivy-storydata-study","EC2 Instance","aws",0,0,0,0,0,0,0,0,0,"557690609096","aws-aiicpoc-dev - 557690609096","i-05111186cf232fa35","ap-northeast-2","AWS Seoul",
"groundivy-kafka-server","EC2 Instance","aws",0,0,0,0,0,0,0,0,0,"557690609096","aws-aiicpoc-dev - 557690609096","i-092566df26f26f5c3","ap-northeast-2","AWS Seoul",
"test8","EC2 Instance","aws",0,0,0,0,0,0,0,0,0,"557690609096","aws-aiicpoc-dev - 557690609096","i-05c72c9797c47ff4c","ap-northeast-2","AWS Seoul",
"groundivy-kafka-producer","EC2 Instance","aws",0,0,0,0,0,0,0,0,0,"557690609096","aws-aiicpoc-dev - 557690609096","i-0ce6e5f65cfc22237","ap-northeast-2","AWS Seoul",
"groundivy-kafka-consumer","EC2 Instance","aws",0,0,0,0,0,0,0,0,0,"557690609096","aws-aiicpoc-dev - 557690609096","i-0f1636a49243b5f94","ap-northeast-2","AWS Seoul",
"hermes-ifeagwq_apnortheast2-v004","EC2 Instance","aws",0,0,0,0,0,0,0,0,0,"592927650777","AWS_QA_EAGW - 592927650777","i-0c819be870324ce6d","ap-northeast-2","AWS Seoul",
"eks-violet-prd-service-ixisolution-c5-4xlarge-ng","EC2 Instance","aws",0,0,0,0,0,1,38,58,12,"058264436158","aws-prd-violet - 058264436158","i-0897af8a16ada82a1","ap-northeast-2","AWS Seoul",
"ec2-cm-share-nuis-bastion","EC2 Instance","aws",0,0,0,0,0,0,0,0,0,"532244111777","AWS_CM_SHARE - 532244111777","i-039569c66d319bf42","ap-northeast-2","AWS Seoul",
"new-vpn-02","EC2 Instance","aws",0,0,0,0,0,0,0,0,0,"340441409657","SHARED - 340441409657","i-047e14c87b4e1745a","ap-northeast-2","AWS Seoul",
"new-vpn-01","EC2 Instance","aws",0,0,0,0,0,0,0,0,0,"340441409657","SHARED - 340441409657","i-0867e03f3b4626d0c","ap-northeast-2","AWS Seoul",
"eks-prd-clcc-ngroup-prd-clcc-normal-Node","EC2 Instance","aws",0,0,0,0,0,2,84,208,18,"230837497989","awsprdclcc - 230837497989","i-07494a80fec25796a","ap-northeast-2","AWS Seoul",
"i-0473779d4a5bf7799","EC2 Instance","aws",0,0,0,0,0,0,0,0,0,"767397901718","aws-nsd-dev - 767397901718","i-0473779d4a5bf7799","ap-northeast-2","AWS Seoul",
"sejongapi-ifeagw_apnortheast2-v060","EC2 Instance","aws",0,0,0,0,0,0,0,0,0,"221499275760","AWS_PROD_EAGW - 221499275760","i-0c5ae0195df222f22","ap-northeast-2","AWS Seoul",
"sejongapi-ifeagw_apnortheast2-v060","EC2 Instance","aws",0,0,0,0,0,0,0,0,0,"221499275760","AWS_PROD_EAGW - 221499275760","i-088551f1b01a56845","ap-northeast-2","AWS Seoul",
"sejongapi-ifeagw_apnortheast2-v060","EC2 Instance","aws",0,0,0,0,0,0,0,0,0,"221499275760","AWS_PROD_EAGW - 221499275760","i-02950e11221591ad4","ap-northeast-2","AWS Seoul",
"sejongapi-ifeagw_apnortheast2-v060","EC2 Instance","aws",0,0,0,0,0,0,0,0,0,"221499275760","AWS_PROD_EAGW - 221499275760","i-02250aea4f246cb99","ap-northeast-2","AWS Seoul",
"es-nodegroup-env-a-uat-eks","EC2 Instance","aws",0,0,0,0,0,6,145,357,27,"072551541449","AWS_DEV_NUPD - 072551541449","i-01087b3f724018418","ap-northeast-2","AWS Seoul",
"es-nodegroup-env-d-uat-eks","EC2 Instance","aws",0,0,0,0,0,6,145,357,27,"072551541449","AWS_DEV_NUPD - 072551541449","i-0696d6865f90bb623","ap-northeast-2","AWS Seoul",
"es-nodegroup-env-d-uat-eks","EC2 Instance","aws",0,0,0,0,0,6,145,357,27,"072551541449","AWS_DEV_NUPD - 072551541449","i-0ab1b37f1a6b3b70e","ap-northeast-2","AWS Seoul",
"es-nodegroup-env-a-uat-eks","EC2 Instance","aws",0,0,0,0,0,6,145,357,27,"072551541449","AWS_DEV_NUPD - 072551541449","i-00d5402b429260f28","ap-northeast-2","AWS Seoul",
"ec2-uplus-shared-prod-az1-mwg-1","EC2 Instance","aws",0,0,0,0,0,0,0,0,0,"458446241212","uplus shared service - 458446241212","i-055b495586f14b872","ap-northeast-2","AWS Seoul",
"hermes-ifeagwd_apnortheast2-v009","EC2 Instance","aws",0,0,0,0,0,0,0,0,0,"953155295956","AWS_DEV_EAGW - 953155295956","i-08d57ab93f5147785","ap-northeast-2","AWS Seoul",
"couchbase-a-nodegroup-env-d-uat-eks","EC2 Instance","aws",0,0,0,0,0,6,145,357,27,"072551541449","AWS_DEV_NUPD - 072551541449","i-0b4bc909f7dc5037f","ap-northeast-2","AWS Seoul",
"non-prod_JENKINS_NEW","EC2 Instance","aws",0,0,0,0,0,141,718,1125,136,"072551541449","AWS_DEV_NUPD - 072551541449","i-04912552268803e66","ap-northeast-2","AWS Seoul",
"couchbase-b-nodegroup-env-a-uat-eks","EC2 Instance","aws",0,0,0,0,0,6,145,357,27,"072551541449","AWS_DEV_NUPD - 072551541449","i-0f2350d60a6c8c0de","ap-northeast-2","AWS Seoul",
"couchbase-b-nodegroup-env-a-uat-eks","EC2 Instance","aws",0,0,0,0,0,6,145,357,27,"072551541449","AWS_DEV_NUPD - 072551541449","i-0baa1c3e232528791","ap-northeast-2","AWS Seoul",
"couchbase-b-nodegroup-env-d-uat-eks","EC2 Instance","aws",0,0,0,0,0,6,145,357,27,"072551541449","AWS_DEV_NUPD - 072551541449","i-072067923544ea5c1","ap-northeast-2","AWS Seoul",
"gitlab","EC2 Instance","aws",0,0,0,0,0,41,518,1176,289,"072551541449","AWS_DEV_NUPD - 072551541449","i-07478234cd4982524","ap-northeast-2","AWS Seoul",
"DB-Proxy-datalake(3106)","EC2 Instance","aws",0,0,0,0,0,0,0,0,0,"590184025818","aws-prd-CommunicationAI - 590184025818","i-08245f11752c7072f","ap-northeast-2","AWS Seoul",
"ec2-prd-clcc-ivr-was-01-com","EC2 Instance","aws",0,0,0,0,0,6,198,804,52,"230837497989","awsprdclcc - 230837497989","i-08a31a42d089fead8","ap-northeast-2","AWS Seoul",
"ec2-prd-clcc-ivr-was-01-mobile","EC2 Instance","aws",0,0,0,0,0,43,274,851,65,"230837497989","awsprdclcc - 230837497989","i-0e15e7890fcd688f2","ap-northeast-2","AWS Seoul",
"ec2-prd-clcc-ivr-was-01-home","EC2 Instance","aws",0,0,0,0,0,6,200,805,55,"230837497989","awsprdclcc - 230837497989","i-007a708b8261f1e28","ap-northeast-2","AWS Seoul",
"i-059f3484c46b901cf","EC2 Instance","aws",0,0,0,0,0,0,0,0,0,"953155295956","AWS_DEV_EAGW - 953155295956","i-059f3484c46b901cf","ap-northeast-2","AWS Seoul",
"ec2-prd-clcc-ivr-was-03-com","EC2 Instance","aws",0,0,0,0,0,6,198,804,52,"230837497989","awsprdclcc - 230837497989","i-094b085fc8e8da33d","ap-northeast-2","AWS Seoul",
"ec2-prd-clcc-ivr-was-02-mobile","EC2 Instance","aws",0,0,0,0,0,7,206,811,57,"230837497989","awsprdclcc - 230837497989","i-079774636153eaa14","ap-northeast-2","AWS Seoul",
"ec2-prd-clcc-ivr-01-dataserver","EC2 Instance","aws",0,0,0,0,0,7,213,818,54,"230837497989","awsprdclcc - 230837497989","i-06c15d03c790ae54b","ap-northeast-2","AWS Seoul",
"ec2-prd-clcc-ivr-was-03-home","EC2 Instance","aws",0,0,0,0,0,6,198,804,52,"230837497989","awsprdclcc - 230837497989","i-01ec433f903d7588a","ap-northeast-2","AWS Seoul",
"ec2-prd-clcc-ivr-was-05-mobile","EC2 Instance","aws",0,0,0,0,0,7,203,811,54,"230837497989","awsprdclcc - 230837497989","i-008f153564c6856af","ap-northeast-2","AWS Seoul",
"ec2-prd-clcc-ivr-was-06-mobile","EC2 Instance","aws",0,0,0,0,0,7,203,811,54,"230837497989","awsprdclcc - 230837497989","i-0f95eda3aee8f3433","ap-northeast-2","AWS Seoul",
"ec2-prd-clcc-ivr-was-02-com","EC2 Instance","aws",0,0,0,0,0,6,198,804,52,"230837497989","awsprdclcc - 230837497989","i-0a4a5020f97c734e5","ap-northeast-2","AWS Seoul",
"ec2-prd-clcc-ivr-was-02-home","EC2 Instance","aws",0,0,0,0,0,6,198,804,55,"230837497989","awsprdclcc - 230837497989","i-0b35b64fc4275fad4","ap-northeast-2","AWS Seoul",
"ec2-prd-smaple-webwas-02","EC2 Instance","aws",0,0,0,0,0,17,167,98,8,"213374172630","Plant_Factory_PoC_2020 - 213374172630","i-028d7a4ceefbb8f42","ap-northeast-2","AWS Seoul",
"ec2-prd-smaple-ap-02","EC2 Instance","aws",0,0,0,0,0,33,279,211,19,"213374172630","Plant_Factory_PoC_2020 - 213374172630","i-0c9d6e4dac2f32e93","ap-northeast-2","AWS Seoul",
"ec2-prd-clcc-vars-was-02-home","EC2 Instance","aws",0,0,0,0,0,15,232,845,64,"230837497989","awsprdclcc - 230837497989","i-0c2838c8d660d377e","ap-northeast-2","AWS Seoul",
"ec2-prd-clcc-vars-web-02","EC2 Instance","aws",0,0,0,0,0,0,0,0,0,"230837497989","awsprdclcc - 230837497989","i-0dde0bf629c29664e","ap-northeast-2","AWS Seoul",
"ec2-prd-clcc-pri-bst","EC2 Instance","aws",0,0,0,0,0,0,0,0,0,"230837497989","awsprdclcc - 230837497989","i-08bc2c42e19a93723","ap-northeast-2","AWS Seoul",
"ec2-prd-clcc-vars-was-01-mobile","EC2 Instance","aws",0,0,0,0,0,6,207,817,61,"230837497989","awsprdclcc - 230837497989","i-069839cca4f555415","ap-northeast-2","AWS Seoul",
"ec2-prd-clcc-vars-web-04","EC2 Instance","aws",0,0,0,0,0,0,0,0,0,"230837497989","awsprdclcc - 230837497989","i-02a01743c01e32daa","ap-northeast-2","AWS Seoul",
"ec2-prd-clcc-vars-was-01-com","EC2 Instance","aws",0,0,0,0,0,5,205,811,52,"230837497989","awsprdclcc - 230837497989","i-092e349c7f9a1d41e","ap-northeast-2","AWS Seoul",
"ec2-prd-clcc-vars-was-02-mobile","EC2 Instance","aws",0,0,0,0,0,5,206,817,60,"230837497989","awsprdclcc - 230837497989","i-0e9a7a1e7f85dab39","ap-northeast-2","AWS Seoul",
"ec2-prd-clcc-vars-was-02-com","EC2 Instance","aws",0,0,0,0,0,6,205,811,52,"230837497989","awsprdclcc - 230837497989","i-03c3cb734d5d436e3","ap-northeast-2","AWS Seoul",
"ec2-prd-clcc-vars-web-01","EC2 Instance","aws",0,0,0,0,0,0,0,0,0,"230837497989","awsprdclcc - 230837497989","i-0061f1080454a3680","ap-northeast-2","AWS Seoul",
"ec2-prd-clcc-vars-was-01-home","EC2 Instance","aws",0,0,0,0,0,14,230,835,66,"230837497989","awsprdclcc - 230837497989","i-04ea9ea401442cbeb","ap-northeast-2","AWS Seoul",
"ec2-prd-smaple-ap-01","EC2 Instance","aws",0,0,0,0,0,29,216,165,17,"213374172630","Plant_Factory_PoC_2020 - 213374172630","i-0bfca29416be9fc26","ap-northeast-2","AWS Seoul",
"ec2-prd-smaple-webwas-01","EC2 Instance","aws",0,0,0,0,0,13,143,75,9,"213374172630","Plant_Factory_PoC_2020 - 213374172630","i-0474ea85e4a322163","ap-northeast-2","AWS Seoul",
"ec2-dev-smaple-ap-01","EC2 Instance","aws",0,0,0,0,0,42,212,203,21,"213374172630","Plant_Factory_PoC_2020 - 213374172630","i-0507662460d9ee32f","ap-northeast-2","AWS Seoul",
"ec2-dev-smaple-webwas-01","EC2 Instance","aws",0,0,0,0,0,23,77,69,12,"213374172630","Plant_Factory_PoC_2020 - 213374172630","i-037bfd0b0b238d6ad","ap-northeast-2","AWS Seoul",
"NONPROD_NEXUS_NEW","EC2 Instance","aws",0,0,0,0,0,15,313,634,73,"072551541449","AWS_DEV_NUPD - 072551541449","i-0e1f3e5bea5629507","ap-northeast-2","AWS Seoul",
"jenkins-cmshare_apnortheast2-v030","EC2 Instance","aws",0,0,0,0,0,0,0,0,0,"532244111777","AWS_CM_SHARE - 532244111777","i-07e29745480b97f22","ap-northeast-2","AWS Seoul",
"hermes-ifeagw_apnortheast2-v000","EC2 Instance","aws",0,0,0,0,0,0,0,0,0,"221499275760","AWS_PROD_EAGW - 221499275760","i-03d5061fa2c5020e9","ap-northeast-2","AWS Seoul",
"kafka-ansible-discovery","EC2 Instance","aws",0,0,0,0,0,0,0,0,0,"861894787667","AWS_PROD_NUPF - 861894787667","i-001da9b999af3f9e1","ap-northeast-2","AWS Seoul",
"eks-prd-clcc-ngroup-prd-clcc-normal-Node","EC2 Instance","aws",0,0,0,0,0,2,84,208,18,"230837497989","awsprdclcc - 230837497989","i-09fe2f2af90fd2d3a","ap-northeast-2","AWS Seoul",
"prd-cmp-front-1_31","EC2 Instance","aws",0,0,0,0,0,0,0,0,0,"945142638813","UCMP-Root - 945142638813","i-093204e8f37878111","ap-northeast-2","AWS Seoul",
"eks-prd-clcc-ngroup-prd-clcc-normal-Node","EC2 Instance","aws",0,0,0,0,0,2,84,208,18,"230837497989","awsprdclcc - 230837497989","i-07d829a5262a9c6df","ap-northeast-2","AWS Seoul",
"jihye-schedule","EC2 Instance","aws",0,0,0,0,0,0,0,0,0,"662158614522","AWSPlayCloud - 662158614522","i-0291c3cfe6b191efa","ap-northeast-2","AWS Seoul",
"ec2-prd-soho-deploy-arm64-apn2a","EC2 Instance","aws",0,0,0,0,0,0,0,0,0,"063233674059","aws-prd-soho - 063233674059","i-017ba237886d2a856","ap-northeast-2","AWS Seoul",
"ec2-uplus-shared-prod-az3-mwg-1","EC2 Instance","aws",0,0,0,0,0,0,0,0,0,"458446241212","uplus shared service - 458446241212","i-0637a58ea9ca50a33","ap-northeast-2","AWS Seoul",